Calling target program-options parser
[12:52:10.477] [bmv2] [D] [thread 7227] Set default default entry for table 'MyIngress.ipv4_forward': MyIngress.drop - 
[12:52:10.477] [bmv2] [D] [thread 7227] Entry 0 added to table 'MyIngress.ipv4_forward'
[12:52:10.477] [bmv2] [D] [thread 7227] Dumping entry 0
Match key:
* hdr.ipv4.dstAddr    : EXACT     0a000101
Action entry: MyIngress.forward - 1,

[12:52:10.477] [bmv2] [D] [thread 7227] Entry 1 added to table 'MyIngress.ipv4_forward'
[12:52:10.477] [bmv2] [D] [thread 7227] Dumping entry 1
Match key:
* hdr.ipv4.dstAddr    : EXACT     0a000202
Action entry: MyIngress.forward - 2,

[12:52:10.477] [bmv2] [D] [thread 7227] Entry 2 added to table 'MyIngress.ipv4_forward'
[12:52:10.477] [bmv2] [D] [thread 7227] Dumping entry 2
Match key:
* hdr.ipv4.dstAddr    : EXACT     0a000303
Action entry: MyIngress.forward - 3,

[12:52:10.477] [bmv2] [D] [thread 7227] Entry 3 added to table 'MyIngress.ipv4_forward'
[12:52:10.477] [bmv2] [D] [thread 7227] Dumping entry 3
Match key:
* hdr.ipv4.dstAddr    : EXACT     0a000404
Action entry: MyIngress.forward - 4,

[12:52:10.477] [bmv2] [D] [thread 7227] Set default default entry for table 'tbl_detect_straggler': MyIngress.detect_straggler - 
Adding interface s1-eth1 as port 1
[12:52:10.480] [bmv2] [D] [thread 7227] Adding interface s1-eth1 as port 1
Adding interface s1-eth2 as port 2
[12:52:10.490] [bmv2] [D] [thread 7227] Adding interface s1-eth2 as port 2
Adding interface s1-eth3 as port 3
[12:52:10.499] [bmv2] [D] [thread 7227] Adding interface s1-eth3 as port 3
Adding interface s1-eth4 as port 4
[12:52:10.512] [bmv2] [D] [thread 7227] Adding interface s1-eth4 as port 4
[12:52:10.522] [bmv2] [I] [thread 7227] Starting Thrift server on port 9090
[12:52:10.522] [bmv2] [I] [thread 7227] Thrift server was started
[12:52:10.536] [bmv2] [D] [thread 7233] [0.0] [cxt 0] Processing packet received on port 4
[12:52:10.536] [bmv2] [D] [thread 7233] [0.0] [cxt 0] Parser 'parser': start
[12:52:10.536] [bmv2] [D] [thread 7233] [0.0] [cxt 0] Parser 'parser' entering state 'start'
[12:52:10.536] [bmv2] [D] [thread 7233] [0.0] [cxt 0] Extracting header 'ethernet'
[12:52:10.536] [bmv2] [D] [thread 7233] [0.0] [cxt 0] Parser state 'start': key is 86dd
[12:52:10.536] [bmv2] [T] [thread 7233] [0.0] [cxt 0] Bytes parsed: 14
[12:52:10.536] [bmv2] [D] [thread 7233] [0.0] [cxt 0] Parser 'parser': end
[12:52:10.536] [bmv2] [D] [thread 7233] [0.0] [cxt 0] Pipeline 'ingress': start
[12:52:10.536] [bmv2] [T] [thread 7233] [0.0] [cxt 0] Applying table 'MyIngress.ipv4_forward'
[12:52:10.537] [bmv2] [D] [thread 7233] [0.0] [cxt 0] Looking up key:
* hdr.ipv4.dstAddr    : 00000000

[12:52:10.537] [bmv2] [D] [thread 7233] [0.0] [cxt 0] Table 'MyIngress.ipv4_forward': miss
[12:52:10.537] [bmv2] [D] [thread 7233] [0.0] [cxt 0] Action entry is MyIngress.drop - 
[12:52:10.537] [bmv2] [T] [thread 7233] [0.0] [cxt 0] Action MyIngress.drop
[12:52:10.537] [bmv2] [T] [thread 7233] [0.0] [cxt 0] straggler.p4(158) Primitive mark_to_drop(standard_metadata)
[12:52:10.537] [bmv2] [T] [thread 7233] [0.0] [cxt 0] straggler.p4(288) Condition "hdr.collective.isValid()" (node_3) is false
[12:52:10.537] [bmv2] [D] [thread 7233] [0.0] [cxt 0] Pipeline 'ingress': end
[12:52:10.537] [bmv2] [D] [thread 7233] [0.0] [cxt 0] Egress port is 511
[12:52:10.537] [bmv2] [D] [thread 7233] [0.0] [cxt 0] Dropping packet at the end of ingress
[12:52:10.544] [bmv2] [D] [thread 7233] [1.0] [cxt 0] Processing packet received on port 1
[12:52:10.544] [bmv2] [D] [thread 7233] [1.0] [cxt 0] Parser 'parser': start
[12:52:10.544] [bmv2] [D] [thread 7233] [1.0] [cxt 0] Parser 'parser' entering state 'start'
[12:52:10.544] [bmv2] [D] [thread 7233] [1.0] [cxt 0] Extracting header 'ethernet'
[12:52:10.544] [bmv2] [D] [thread 7233] [1.0] [cxt 0] Parser state 'start': key is 86dd
[12:52:10.544] [bmv2] [T] [thread 7233] [1.0] [cxt 0] Bytes parsed: 14
[12:52:10.544] [bmv2] [D] [thread 7233] [1.0] [cxt 0] Parser 'parser': end
[12:52:10.544] [bmv2] [D] [thread 7233] [1.0] [cxt 0] Pipeline 'ingress': start
[12:52:10.544] [bmv2] [T] [thread 7233] [1.0] [cxt 0] Applying table 'MyIngress.ipv4_forward'
[12:52:10.544] [bmv2] [D] [thread 7233] [1.0] [cxt 0] Looking up key:
* hdr.ipv4.dstAddr    : 00000000

[12:52:10.544] [bmv2] [D] [thread 7233] [1.0] [cxt 0] Table 'MyIngress.ipv4_forward': miss
[12:52:10.544] [bmv2] [D] [thread 7233] [1.0] [cxt 0] Action entry is MyIngress.drop - 
[12:52:10.544] [bmv2] [T] [thread 7233] [1.0] [cxt 0] Action MyIngress.drop
[12:52:10.544] [bmv2] [T] [thread 7233] [1.0] [cxt 0] straggler.p4(158) Primitive mark_to_drop(standard_metadata)
[12:52:10.544] [bmv2] [T] [thread 7233] [1.0] [cxt 0] straggler.p4(288) Condition "hdr.collective.isValid()" (node_3) is false
[12:52:10.544] [bmv2] [D] [thread 7233] [1.0] [cxt 0] Pipeline 'ingress': end
[12:52:10.544] [bmv2] [D] [thread 7233] [1.0] [cxt 0] Egress port is 511
[12:52:10.544] [bmv2] [D] [thread 7233] [1.0] [cxt 0] Dropping packet at the end of ingress
[12:52:10.672] [bmv2] [D] [thread 7233] [2.0] [cxt 0] Processing packet received on port 1
[12:52:10.672] [bmv2] [D] [thread 7233] [2.0] [cxt 0] Parser 'parser': start
[12:52:10.672] [bmv2] [D] [thread 7233] [2.0] [cxt 0] Parser 'parser' entering state 'start'
[12:52:10.672] [bmv2] [D] [thread 7233] [2.0] [cxt 0] Extracting header 'ethernet'
[12:52:10.672] [bmv2] [D] [thread 7233] [2.0] [cxt 0] Parser state 'start': key is 86dd
[12:52:10.672] [bmv2] [T] [thread 7233] [2.0] [cxt 0] Bytes parsed: 14
[12:52:10.672] [bmv2] [D] [thread 7233] [2.0] [cxt 0] Parser 'parser': end
[12:52:10.672] [bmv2] [D] [thread 7233] [2.0] [cxt 0] Pipeline 'ingress': start
[12:52:10.672] [bmv2] [T] [thread 7233] [2.0] [cxt 0] Applying table 'MyIngress.ipv4_forward'
[12:52:10.672] [bmv2] [D] [thread 7233] [2.0] [cxt 0] Looking up key:
* hdr.ipv4.dstAddr    : 00000000

[12:52:10.672] [bmv2] [D] [thread 7233] [2.0] [cxt 0] Table 'MyIngress.ipv4_forward': miss
[12:52:10.672] [bmv2] [D] [thread 7233] [2.0] [cxt 0] Action entry is MyIngress.drop - 
[12:52:10.672] [bmv2] [T] [thread 7233] [2.0] [cxt 0] Action MyIngress.drop
[12:52:10.672] [bmv2] [T] [thread 7233] [2.0] [cxt 0] straggler.p4(158) Primitive mark_to_drop(standard_metadata)
[12:52:10.672] [bmv2] [T] [thread 7233] [2.0] [cxt 0] straggler.p4(288) Condition "hdr.collective.isValid()" (node_3) is false
[12:52:10.672] [bmv2] [D] [thread 7233] [2.0] [cxt 0] Pipeline 'ingress': end
[12:52:10.672] [bmv2] [D] [thread 7233] [2.0] [cxt 0] Egress port is 511
[12:52:10.672] [bmv2] [D] [thread 7233] [2.0] [cxt 0] Dropping packet at the end of ingress
[12:52:10.688] [bmv2] [D] [thread 7233] [3.0] [cxt 0] Processing packet received on port 3
[12:52:10.688] [bmv2] [D] [thread 7233] [3.0] [cxt 0] Parser 'parser': start
[12:52:10.688] [bmv2] [D] [thread 7233] [3.0] [cxt 0] Parser 'parser' entering state 'start'
[12:52:10.688] [bmv2] [D] [thread 7233] [3.0] [cxt 0] Extracting header 'ethernet'
[12:52:10.688] [bmv2] [D] [thread 7233] [3.0] [cxt 0] Parser state 'start': key is 86dd
[12:52:10.688] [bmv2] [T] [thread 7233] [3.0] [cxt 0] Bytes parsed: 14
[12:52:10.688] [bmv2] [D] [thread 7233] [3.0] [cxt 0] Parser 'parser': end
[12:52:10.688] [bmv2] [D] [thread 7233] [3.0] [cxt 0] Pipeline 'ingress': start
[12:52:10.688] [bmv2] [T] [thread 7233] [3.0] [cxt 0] Applying table 'MyIngress.ipv4_forward'
[12:52:10.688] [bmv2] [D] [thread 7233] [3.0] [cxt 0] Looking up key:
* hdr.ipv4.dstAddr    : 00000000

[12:52:10.688] [bmv2] [D] [thread 7233] [3.0] [cxt 0] Table 'MyIngress.ipv4_forward': miss
[12:52:10.688] [bmv2] [D] [thread 7233] [3.0] [cxt 0] Action entry is MyIngress.drop - 
[12:52:10.688] [bmv2] [T] [thread 7233] [3.0] [cxt 0] Action MyIngress.drop
[12:52:10.688] [bmv2] [T] [thread 7233] [3.0] [cxt 0] straggler.p4(158) Primitive mark_to_drop(standard_metadata)
[12:52:10.688] [bmv2] [T] [thread 7233] [3.0] [cxt 0] straggler.p4(288) Condition "hdr.collective.isValid()" (node_3) is false
[12:52:10.688] [bmv2] [D] [thread 7233] [3.0] [cxt 0] Pipeline 'ingress': end
[12:52:10.688] [bmv2] [D] [thread 7233] [3.0] [cxt 0] Egress port is 511
[12:52:10.688] [bmv2] [D] [thread 7233] [3.0] [cxt 0] Dropping packet at the end of ingress
[12:52:10.992] [bmv2] [D] [thread 7233] [4.0] [cxt 0] Processing packet received on port 3
[12:52:10.992] [bmv2] [D] [thread 7233] [4.0] [cxt 0] Parser 'parser': start
[12:52:10.992] [bmv2] [D] [thread 7233] [4.0] [cxt 0] Parser 'parser' entering state 'start'
[12:52:10.992] [bmv2] [D] [thread 7233] [4.0] [cxt 0] Extracting header 'ethernet'
[12:52:10.992] [bmv2] [D] [thread 7233] [4.0] [cxt 0] Parser state 'start': key is 86dd
[12:52:10.992] [bmv2] [T] [thread 7233] [4.0] [cxt 0] Bytes parsed: 14
[12:52:10.992] [bmv2] [D] [thread 7233] [4.0] [cxt 0] Parser 'parser': end
[12:52:10.992] [bmv2] [D] [thread 7233] [4.0] [cxt 0] Pipeline 'ingress': start
[12:52:10.992] [bmv2] [T] [thread 7233] [4.0] [cxt 0] Applying table 'MyIngress.ipv4_forward'
[12:52:10.992] [bmv2] [D] [thread 7233] [4.0] [cxt 0] Looking up key:
* hdr.ipv4.dstAddr    : 00000000

[12:52:10.992] [bmv2] [D] [thread 7233] [4.0] [cxt 0] Table 'MyIngress.ipv4_forward': miss
[12:52:10.992] [bmv2] [D] [thread 7233] [4.0] [cxt 0] Action entry is MyIngress.drop - 
[12:52:10.992] [bmv2] [T] [thread 7233] [4.0] [cxt 0] Action MyIngress.drop
[12:52:10.992] [bmv2] [T] [thread 7233] [4.0] [cxt 0] straggler.p4(158) Primitive mark_to_drop(standard_metadata)
[12:52:10.992] [bmv2] [T] [thread 7233] [4.0] [cxt 0] straggler.p4(288) Condition "hdr.collective.isValid()" (node_3) is false
[12:52:10.992] [bmv2] [D] [thread 7233] [4.0] [cxt 0] Pipeline 'ingress': end
[12:52:10.992] [bmv2] [D] [thread 7233] [4.0] [cxt 0] Egress port is 511
[12:52:10.992] [bmv2] [D] [thread 7233] [4.0] [cxt 0] Dropping packet at the end of ingress
[12:52:11.056] [bmv2] [D] [thread 7233] [5.0] [cxt 0] Processing packet received on port 4
[12:52:11.056] [bmv2] [D] [thread 7233] [5.0] [cxt 0] Parser 'parser': start
[12:52:11.056] [bmv2] [D] [thread 7233] [5.0] [cxt 0] Parser 'parser' entering state 'start'
[12:52:11.056] [bmv2] [D] [thread 7233] [5.0] [cxt 0] Extracting header 'ethernet'
[12:52:11.056] [bmv2] [D] [thread 7233] [5.0] [cxt 0] Parser state 'start': key is 86dd
[12:52:11.056] [bmv2] [T] [thread 7233] [5.0] [cxt 0] Bytes parsed: 14
[12:52:11.056] [bmv2] [D] [thread 7233] [5.0] [cxt 0] Parser 'parser': end
[12:52:11.056] [bmv2] [D] [thread 7233] [5.0] [cxt 0] Pipeline 'ingress': start
[12:52:11.056] [bmv2] [T] [thread 7233] [5.0] [cxt 0] Applying table 'MyIngress.ipv4_forward'
[12:52:11.056] [bmv2] [D] [thread 7233] [5.0] [cxt 0] Looking up key:
* hdr.ipv4.dstAddr    : 00000000

[12:52:11.056] [bmv2] [D] [thread 7233] [5.0] [cxt 0] Table 'MyIngress.ipv4_forward': miss
[12:52:11.056] [bmv2] [D] [thread 7233] [5.0] [cxt 0] Action entry is MyIngress.drop - 
[12:52:11.056] [bmv2] [T] [thread 7233] [5.0] [cxt 0] Action MyIngress.drop
[12:52:11.056] [bmv2] [T] [thread 7233] [5.0] [cxt 0] straggler.p4(158) Primitive mark_to_drop(standard_metadata)
[12:52:11.056] [bmv2] [T] [thread 7233] [5.0] [cxt 0] straggler.p4(288) Condition "hdr.collective.isValid()" (node_3) is false
[12:52:11.056] [bmv2] [D] [thread 7233] [5.0] [cxt 0] Pipeline 'ingress': end
[12:52:11.056] [bmv2] [D] [thread 7233] [5.0] [cxt 0] Egress port is 511
[12:52:11.056] [bmv2] [D] [thread 7233] [5.0] [cxt 0] Dropping packet at the end of ingress
[12:52:11.248] [bmv2] [D] [thread 7233] [6.0] [cxt 0] Processing packet received on port 4
[12:52:11.248] [bmv2] [D] [thread 7233] [6.0] [cxt 0] Parser 'parser': start
[12:52:11.248] [bmv2] [D] [thread 7233] [6.0] [cxt 0] Parser 'parser' entering state 'start'
[12:52:11.248] [bmv2] [D] [thread 7233] [6.0] [cxt 0] Extracting header 'ethernet'
[12:52:11.248] [bmv2] [D] [thread 7233] [6.0] [cxt 0] Parser state 'start': key is 86dd
[12:52:11.249] [bmv2] [T] [thread 7233] [6.0] [cxt 0] Bytes parsed: 14
[12:52:11.249] [bmv2] [D] [thread 7233] [6.0] [cxt 0] Parser 'parser': end
[12:52:11.249] [bmv2] [D] [thread 7233] [6.0] [cxt 0] Pipeline 'ingress': start
[12:52:11.249] [bmv2] [T] [thread 7233] [6.0] [cxt 0] Applying table 'MyIngress.ipv4_forward'
[12:52:11.249] [bmv2] [D] [thread 7233] [6.0] [cxt 0] Looking up key:
* hdr.ipv4.dstAddr    : 00000000

[12:52:11.249] [bmv2] [D] [thread 7233] [6.0] [cxt 0] Table 'MyIngress.ipv4_forward': miss
[12:52:11.249] [bmv2] [D] [thread 7233] [6.0] [cxt 0] Action entry is MyIngress.drop - 
[12:52:11.249] [bmv2] [T] [thread 7233] [6.0] [cxt 0] Action MyIngress.drop
[12:52:11.249] [bmv2] [T] [thread 7233] [6.0] [cxt 0] straggler.p4(158) Primitive mark_to_drop(standard_metadata)
[12:52:11.249] [bmv2] [T] [thread 7233] [6.0] [cxt 0] straggler.p4(288) Condition "hdr.collective.isValid()" (node_3) is false
[12:52:11.249] [bmv2] [D] [thread 7233] [6.0] [cxt 0] Pipeline 'ingress': end
[12:52:11.249] [bmv2] [D] [thread 7233] [6.0] [cxt 0] Egress port is 511
[12:52:11.249] [bmv2] [D] [thread 7233] [6.0] [cxt 0] Dropping packet at the end of ingress
[12:52:11.313] [bmv2] [D] [thread 7233] [7.0] [cxt 0] Processing packet received on port 2
[12:52:11.313] [bmv2] [D] [thread 7233] [7.0] [cxt 0] Parser 'parser': start
[12:52:11.313] [bmv2] [D] [thread 7233] [7.0] [cxt 0] Parser 'parser' entering state 'start'
[12:52:11.313] [bmv2] [D] [thread 7233] [7.0] [cxt 0] Extracting header 'ethernet'
[12:52:11.313] [bmv2] [D] [thread 7233] [7.0] [cxt 0] Parser state 'start': key is 86dd
[12:52:11.313] [bmv2] [T] [thread 7233] [7.0] [cxt 0] Bytes parsed: 14
[12:52:11.313] [bmv2] [D] [thread 7233] [7.0] [cxt 0] Parser 'parser': end
[12:52:11.313] [bmv2] [D] [thread 7233] [7.0] [cxt 0] Pipeline 'ingress': start
[12:52:11.313] [bmv2] [T] [thread 7233] [7.0] [cxt 0] Applying table 'MyIngress.ipv4_forward'
[12:52:11.313] [bmv2] [D] [thread 7233] [7.0] [cxt 0] Looking up key:
* hdr.ipv4.dstAddr    : 00000000

[12:52:11.313] [bmv2] [D] [thread 7233] [7.0] [cxt 0] Table 'MyIngress.ipv4_forward': miss
[12:52:11.313] [bmv2] [D] [thread 7233] [7.0] [cxt 0] Action entry is MyIngress.drop - 
[12:52:11.313] [bmv2] [T] [thread 7233] [7.0] [cxt 0] Action MyIngress.drop
[12:52:11.313] [bmv2] [T] [thread 7233] [7.0] [cxt 0] straggler.p4(158) Primitive mark_to_drop(standard_metadata)
[12:52:11.313] [bmv2] [T] [thread 7233] [7.0] [cxt 0] straggler.p4(288) Condition "hdr.collective.isValid()" (node_3) is false
[12:52:11.313] [bmv2] [D] [thread 7233] [7.0] [cxt 0] Pipeline 'ingress': end
[12:52:11.313] [bmv2] [D] [thread 7233] [7.0] [cxt 0] Egress port is 511
[12:52:11.313] [bmv2] [D] [thread 7233] [7.0] [cxt 0] Dropping packet at the end of ingress
[12:52:11.445] [bmv2] [D] [thread 7233] [8.0] [cxt 0] Processing packet received on port 2
[12:52:11.445] [bmv2] [D] [thread 7233] [8.0] [cxt 0] Parser 'parser': start
[12:52:11.445] [bmv2] [D] [thread 7233] [8.0] [cxt 0] Parser 'parser' entering state 'start'
[12:52:11.445] [bmv2] [D] [thread 7233] [8.0] [cxt 0] Extracting header 'ethernet'
[12:52:11.445] [bmv2] [D] [thread 7233] [8.0] [cxt 0] Parser state 'start': key is 86dd
[12:52:11.445] [bmv2] [T] [thread 7233] [8.0] [cxt 0] Bytes parsed: 14
[12:52:11.445] [bmv2] [D] [thread 7233] [8.0] [cxt 0] Parser 'parser': end
[12:52:11.445] [bmv2] [D] [thread 7233] [8.0] [cxt 0] Pipeline 'ingress': start
[12:52:11.445] [bmv2] [T] [thread 7233] [8.0] [cxt 0] Applying table 'MyIngress.ipv4_forward'
[12:52:11.445] [bmv2] [D] [thread 7233] [8.0] [cxt 0] Looking up key:
* hdr.ipv4.dstAddr    : 00000000

[12:52:11.445] [bmv2] [D] [thread 7233] [8.0] [cxt 0] Table 'MyIngress.ipv4_forward': miss
[12:52:11.445] [bmv2] [D] [thread 7233] [8.0] [cxt 0] Action entry is MyIngress.drop - 
[12:52:11.445] [bmv2] [T] [thread 7233] [8.0] [cxt 0] Action MyIngress.drop
[12:52:11.445] [bmv2] [T] [thread 7233] [8.0] [cxt 0] straggler.p4(158) Primitive mark_to_drop(standard_metadata)
[12:52:11.445] [bmv2] [T] [thread 7233] [8.0] [cxt 0] straggler.p4(288) Condition "hdr.collective.isValid()" (node_3) is false
[12:52:11.445] [bmv2] [D] [thread 7233] [8.0] [cxt 0] Pipeline 'ingress': end
[12:52:11.445] [bmv2] [D] [thread 7233] [8.0] [cxt 0] Egress port is 511
[12:52:11.445] [bmv2] [D] [thread 7233] [8.0] [cxt 0] Dropping packet at the end of ingress
[12:52:11.445] [bmv2] [D] [thread 7233] [9.0] [cxt 0] Processing packet received on port 2
[12:52:11.445] [bmv2] [D] [thread 7233] [9.0] [cxt 0] Parser 'parser': start
[12:52:11.445] [bmv2] [D] [thread 7233] [9.0] [cxt 0] Parser 'parser' entering state 'start'
[12:52:11.445] [bmv2] [D] [thread 7233] [9.0] [cxt 0] Extracting header 'ethernet'
[12:52:11.445] [bmv2] [D] [thread 7233] [9.0] [cxt 0] Parser state 'start': key is 86dd
[12:52:11.445] [bmv2] [T] [thread 7233] [9.0] [cxt 0] Bytes parsed: 14
[12:52:11.445] [bmv2] [D] [thread 7233] [9.0] [cxt 0] Parser 'parser': end
[12:52:11.445] [bmv2] [D] [thread 7233] [9.0] [cxt 0] Pipeline 'ingress': start
[12:52:11.445] [bmv2] [T] [thread 7233] [9.0] [cxt 0] Applying table 'MyIngress.ipv4_forward'
[12:52:11.445] [bmv2] [D] [thread 7233] [9.0] [cxt 0] Looking up key:
* hdr.ipv4.dstAddr    : 00000000

[12:52:11.445] [bmv2] [D] [thread 7233] [9.0] [cxt 0] Table 'MyIngress.ipv4_forward': miss
[12:52:11.445] [bmv2] [D] [thread 7233] [9.0] [cxt 0] Action entry is MyIngress.drop - 
[12:52:11.445] [bmv2] [T] [thread 7233] [9.0] [cxt 0] Action MyIngress.drop
[12:52:11.445] [bmv2] [T] [thread 7233] [9.0] [cxt 0] straggler.p4(158) Primitive mark_to_drop(standard_metadata)
[12:52:11.446] [bmv2] [T] [thread 7233] [9.0] [cxt 0] straggler.p4(288) Condition "hdr.collective.isValid()" (node_3) is false
[12:52:11.446] [bmv2] [D] [thread 7233] [9.0] [cxt 0] Pipeline 'ingress': end
[12:52:11.446] [bmv2] [D] [thread 7233] [9.0] [cxt 0] Egress port is 511
[12:52:11.446] [bmv2] [D] [thread 7233] [9.0] [cxt 0] Dropping packet at the end of ingress
[12:52:11.446] [bmv2] [D] [thread 7233] [10.0] [cxt 0] Processing packet received on port 3
[12:52:11.446] [bmv2] [D] [thread 7233] [10.0] [cxt 0] Parser 'parser': start
[12:52:11.446] [bmv2] [D] [thread 7233] [10.0] [cxt 0] Parser 'parser' entering state 'start'
[12:52:11.446] [bmv2] [D] [thread 7233] [10.0] [cxt 0] Extracting header 'ethernet'
[12:52:11.446] [bmv2] [D] [thread 7233] [10.0] [cxt 0] Parser state 'start': key is 86dd
[12:52:11.446] [bmv2] [T] [thread 7233] [10.0] [cxt 0] Bytes parsed: 14
[12:52:11.446] [bmv2] [D] [thread 7233] [10.0] [cxt 0] Parser 'parser': end
[12:52:11.446] [bmv2] [D] [thread 7233] [10.0] [cxt 0] Pipeline 'ingress': start
[12:52:11.446] [bmv2] [T] [thread 7233] [10.0] [cxt 0] Applying table 'MyIngress.ipv4_forward'
[12:52:11.446] [bmv2] [D] [thread 7233] [10.0] [cxt 0] Looking up key:
* hdr.ipv4.dstAddr    : 00000000

[12:52:11.446] [bmv2] [D] [thread 7233] [10.0] [cxt 0] Table 'MyIngress.ipv4_forward': miss
[12:52:11.446] [bmv2] [D] [thread 7233] [10.0] [cxt 0] Action entry is MyIngress.drop - 
[12:52:11.446] [bmv2] [T] [thread 7233] [10.0] [cxt 0] Action MyIngress.drop
[12:52:11.446] [bmv2] [T] [thread 7233] [10.0] [cxt 0] straggler.p4(158) Primitive mark_to_drop(standard_metadata)
[12:52:11.446] [bmv2] [T] [thread 7233] [10.0] [cxt 0] straggler.p4(288) Condition "hdr.collective.isValid()" (node_3) is false
[12:52:11.446] [bmv2] [D] [thread 7233] [10.0] [cxt 0] Pipeline 'ingress': end
[12:52:11.446] [bmv2] [D] [thread 7233] [10.0] [cxt 0] Egress port is 511
[12:52:11.446] [bmv2] [D] [thread 7233] [10.0] [cxt 0] Dropping packet at the end of ingress
[12:52:11.446] [bmv2] [D] [thread 7233] [11.0] [cxt 0] Processing packet received on port 3
[12:52:11.446] [bmv2] [D] [thread 7233] [11.0] [cxt 0] Parser 'parser': start
[12:52:11.446] [bmv2] [D] [thread 7233] [11.0] [cxt 0] Parser 'parser' entering state 'start'
[12:52:11.446] [bmv2] [D] [thread 7233] [11.0] [cxt 0] Extracting header 'ethernet'
[12:52:11.446] [bmv2] [D] [thread 7233] [11.0] [cxt 0] Parser state 'start': key is 86dd
[12:52:11.446] [bmv2] [T] [thread 7233] [11.0] [cxt 0] Bytes parsed: 14
[12:52:11.446] [bmv2] [D] [thread 7233] [11.0] [cxt 0] Parser 'parser': end
[12:52:11.446] [bmv2] [D] [thread 7233] [11.0] [cxt 0] Pipeline 'ingress': start
[12:52:11.446] [bmv2] [T] [thread 7233] [11.0] [cxt 0] Applying table 'MyIngress.ipv4_forward'
[12:52:11.446] [bmv2] [D] [thread 7233] [11.0] [cxt 0] Looking up key:
* hdr.ipv4.dstAddr    : 00000000

[12:52:11.446] [bmv2] [D] [thread 7233] [11.0] [cxt 0] Table 'MyIngress.ipv4_forward': miss
[12:52:11.446] [bmv2] [D] [thread 7233] [11.0] [cxt 0] Action entry is MyIngress.drop - 
[12:52:11.446] [bmv2] [T] [thread 7233] [11.0] [cxt 0] Action MyIngress.drop
[12:52:11.446] [bmv2] [T] [thread 7233] [11.0] [cxt 0] straggler.p4(158) Primitive mark_to_drop(standard_metadata)
[12:52:11.446] [bmv2] [T] [thread 7233] [11.0] [cxt 0] straggler.p4(288) Condition "hdr.collective.isValid()" (node_3) is false
[12:52:11.446] [bmv2] [D] [thread 7233] [11.0] [cxt 0] Pipeline 'ingress': end
[12:52:11.446] [bmv2] [D] [thread 7233] [11.0] [cxt 0] Egress port is 511
[12:52:11.446] [bmv2] [D] [thread 7233] [11.0] [cxt 0] Dropping packet at the end of ingress
[12:52:11.449] [bmv2] [D] [thread 7233] [12.0] [cxt 0] Processing packet received on port 2
[12:52:11.449] [bmv2] [D] [thread 7233] [12.0] [cxt 0] Parser 'parser': start
[12:52:11.449] [bmv2] [D] [thread 7233] [12.0] [cxt 0] Parser 'parser' entering state 'start'
[12:52:11.449] [bmv2] [D] [thread 7233] [12.0] [cxt 0] Extracting header 'ethernet'
[12:52:11.449] [bmv2] [D] [thread 7233] [12.0] [cxt 0] Parser state 'start': key is 86dd
[12:52:11.449] [bmv2] [T] [thread 7233] [12.0] [cxt 0] Bytes parsed: 14
[12:52:11.449] [bmv2] [D] [thread 7233] [12.0] [cxt 0] Parser 'parser': end
[12:52:11.449] [bmv2] [D] [thread 7233] [12.0] [cxt 0] Pipeline 'ingress': start
[12:52:11.449] [bmv2] [T] [thread 7233] [12.0] [cxt 0] Applying table 'MyIngress.ipv4_forward'
[12:52:11.449] [bmv2] [D] [thread 7233] [12.0] [cxt 0] Looking up key:
* hdr.ipv4.dstAddr    : 00000000

[12:52:11.449] [bmv2] [D] [thread 7233] [12.0] [cxt 0] Table 'MyIngress.ipv4_forward': miss
[12:52:11.449] [bmv2] [D] [thread 7233] [12.0] [cxt 0] Action entry is MyIngress.drop - 
[12:52:11.449] [bmv2] [T] [thread 7233] [12.0] [cxt 0] Action MyIngress.drop
[12:52:11.449] [bmv2] [T] [thread 7233] [12.0] [cxt 0] straggler.p4(158) Primitive mark_to_drop(standard_metadata)
[12:52:11.449] [bmv2] [T] [thread 7233] [12.0] [cxt 0] straggler.p4(288) Condition "hdr.collective.isValid()" (node_3) is false
[12:52:11.449] [bmv2] [D] [thread 7233] [12.0] [cxt 0] Pipeline 'ingress': end
[12:52:11.449] [bmv2] [D] [thread 7233] [12.0] [cxt 0] Egress port is 511
[12:52:11.449] [bmv2] [D] [thread 7233] [12.0] [cxt 0] Dropping packet at the end of ingress
[12:52:11.450] [bmv2] [D] [thread 7233] [13.0] [cxt 0] Processing packet received on port 3
[12:52:11.450] [bmv2] [D] [thread 7233] [13.0] [cxt 0] Parser 'parser': start
[12:52:11.450] [bmv2] [D] [thread 7233] [13.0] [cxt 0] Parser 'parser' entering state 'start'
[12:52:11.450] [bmv2] [D] [thread 7233] [13.0] [cxt 0] Extracting header 'ethernet'
[12:52:11.450] [bmv2] [D] [thread 7233] [13.0] [cxt 0] Parser state 'start': key is 86dd
[12:52:11.450] [bmv2] [T] [thread 7233] [13.0] [cxt 0] Bytes parsed: 14
[12:52:11.450] [bmv2] [D] [thread 7233] [13.0] [cxt 0] Parser 'parser': end
[12:52:11.450] [bmv2] [D] [thread 7233] [13.0] [cxt 0] Pipeline 'ingress': start
[12:52:11.450] [bmv2] [T] [thread 7233] [13.0] [cxt 0] Applying table 'MyIngress.ipv4_forward'
[12:52:11.450] [bmv2] [D] [thread 7233] [13.0] [cxt 0] Looking up key:
* hdr.ipv4.dstAddr    : 00000000

[12:52:11.450] [bmv2] [D] [thread 7233] [13.0] [cxt 0] Table 'MyIngress.ipv4_forward': miss
[12:52:11.450] [bmv2] [D] [thread 7233] [13.0] [cxt 0] Action entry is MyIngress.drop - 
[12:52:11.450] [bmv2] [T] [thread 7233] [13.0] [cxt 0] Action MyIngress.drop
[12:52:11.450] [bmv2] [T] [thread 7233] [13.0] [cxt 0] straggler.p4(158) Primitive mark_to_drop(standard_metadata)
[12:52:11.450] [bmv2] [T] [thread 7233] [13.0] [cxt 0] straggler.p4(288) Condition "hdr.collective.isValid()" (node_3) is false
[12:52:11.450] [bmv2] [D] [thread 7233] [13.0] [cxt 0] Pipeline 'ingress': end
[12:52:11.450] [bmv2] [D] [thread 7233] [13.0] [cxt 0] Egress port is 511
[12:52:11.450] [bmv2] [D] [thread 7233] [13.0] [cxt 0] Dropping packet at the end of ingress
[12:52:11.505] [bmv2] [D] [thread 7233] [14.0] [cxt 0] Processing packet received on port 4
[12:52:11.505] [bmv2] [D] [thread 7233] [14.0] [cxt 0] Parser 'parser': start
[12:52:11.505] [bmv2] [D] [thread 7233] [14.0] [cxt 0] Parser 'parser' entering state 'start'
[12:52:11.505] [bmv2] [D] [thread 7233] [14.0] [cxt 0] Extracting header 'ethernet'
[12:52:11.505] [bmv2] [D] [thread 7233] [14.0] [cxt 0] Parser state 'start': key is 86dd
[12:52:11.505] [bmv2] [T] [thread 7233] [14.0] [cxt 0] Bytes parsed: 14
[12:52:11.505] [bmv2] [D] [thread 7233] [14.0] [cxt 0] Parser 'parser': end
[12:52:11.505] [bmv2] [D] [thread 7233] [14.0] [cxt 0] Pipeline 'ingress': start
[12:52:11.505] [bmv2] [T] [thread 7233] [14.0] [cxt 0] Applying table 'MyIngress.ipv4_forward'
[12:52:11.505] [bmv2] [D] [thread 7233] [14.0] [cxt 0] Looking up key:
* hdr.ipv4.dstAddr    : 00000000

[12:52:11.505] [bmv2] [D] [thread 7233] [14.0] [cxt 0] Table 'MyIngress.ipv4_forward': miss
[12:52:11.505] [bmv2] [D] [thread 7233] [14.0] [cxt 0] Action entry is MyIngress.drop - 
[12:52:11.505] [bmv2] [T] [thread 7233] [14.0] [cxt 0] Action MyIngress.drop
[12:52:11.506] [bmv2] [T] [thread 7233] [14.0] [cxt 0] straggler.p4(158) Primitive mark_to_drop(standard_metadata)
[12:52:11.506] [bmv2] [T] [thread 7233] [14.0] [cxt 0] straggler.p4(288) Condition "hdr.collective.isValid()" (node_3) is false
[12:52:11.506] [bmv2] [D] [thread 7233] [14.0] [cxt 0] Pipeline 'ingress': end
[12:52:11.506] [bmv2] [D] [thread 7233] [14.0] [cxt 0] Egress port is 511
[12:52:11.506] [bmv2] [D] [thread 7233] [14.0] [cxt 0] Dropping packet at the end of ingress
[12:52:11.506] [bmv2] [D] [thread 7233] [15.0] [cxt 0] Processing packet received on port 4
[12:52:11.506] [bmv2] [D] [thread 7233] [15.0] [cxt 0] Parser 'parser': start
[12:52:11.506] [bmv2] [D] [thread 7233] [15.0] [cxt 0] Parser 'parser' entering state 'start'
[12:52:11.506] [bmv2] [D] [thread 7233] [15.0] [cxt 0] Extracting header 'ethernet'
[12:52:11.506] [bmv2] [D] [thread 7233] [15.0] [cxt 0] Parser state 'start': key is 86dd
[12:52:11.506] [bmv2] [T] [thread 7233] [15.0] [cxt 0] Bytes parsed: 14
[12:52:11.506] [bmv2] [D] [thread 7233] [15.0] [cxt 0] Parser 'parser': end
[12:52:11.506] [bmv2] [D] [thread 7233] [15.0] [cxt 0] Pipeline 'ingress': start
[12:52:11.506] [bmv2] [T] [thread 7233] [15.0] [cxt 0] Applying table 'MyIngress.ipv4_forward'
[12:52:11.506] [bmv2] [D] [thread 7233] [15.0] [cxt 0] Looking up key:
* hdr.ipv4.dstAddr    : 00000000

[12:52:11.506] [bmv2] [D] [thread 7233] [15.0] [cxt 0] Table 'MyIngress.ipv4_forward': miss
[12:52:11.506] [bmv2] [D] [thread 7233] [15.0] [cxt 0] Action entry is MyIngress.drop - 
[12:52:11.506] [bmv2] [T] [thread 7233] [15.0] [cxt 0] Action MyIngress.drop
[12:52:11.506] [bmv2] [T] [thread 7233] [15.0] [cxt 0] straggler.p4(158) Primitive mark_to_drop(standard_metadata)
[12:52:11.506] [bmv2] [T] [thread 7233] [15.0] [cxt 0] straggler.p4(288) Condition "hdr.collective.isValid()" (node_3) is false
[12:52:11.506] [bmv2] [D] [thread 7233] [15.0] [cxt 0] Pipeline 'ingress': end
[12:52:11.506] [bmv2] [D] [thread 7233] [15.0] [cxt 0] Egress port is 511
[12:52:11.506] [bmv2] [D] [thread 7233] [15.0] [cxt 0] Dropping packet at the end of ingress
[12:52:11.508] [bmv2] [D] [thread 7233] [16.0] [cxt 0] Processing packet received on port 4
[12:52:11.508] [bmv2] [D] [thread 7233] [16.0] [cxt 0] Parser 'parser': start
[12:52:11.508] [bmv2] [D] [thread 7233] [16.0] [cxt 0] Parser 'parser' entering state 'start'
[12:52:11.508] [bmv2] [D] [thread 7233] [16.0] [cxt 0] Extracting header 'ethernet'
[12:52:11.508] [bmv2] [D] [thread 7233] [16.0] [cxt 0] Parser state 'start': key is 86dd
[12:52:11.508] [bmv2] [T] [thread 7233] [16.0] [cxt 0] Bytes parsed: 14
[12:52:11.508] [bmv2] [D] [thread 7233] [16.0] [cxt 0] Parser 'parser': end
[12:52:11.508] [bmv2] [D] [thread 7233] [16.0] [cxt 0] Pipeline 'ingress': start
[12:52:11.508] [bmv2] [T] [thread 7233] [16.0] [cxt 0] Applying table 'MyIngress.ipv4_forward'
[12:52:11.508] [bmv2] [D] [thread 7233] [16.0] [cxt 0] Looking up key:
* hdr.ipv4.dstAddr    : 00000000

[12:52:11.508] [bmv2] [D] [thread 7233] [16.0] [cxt 0] Table 'MyIngress.ipv4_forward': miss
[12:52:11.508] [bmv2] [D] [thread 7233] [16.0] [cxt 0] Action entry is MyIngress.drop - 
[12:52:11.508] [bmv2] [T] [thread 7233] [16.0] [cxt 0] Action MyIngress.drop
[12:52:11.508] [bmv2] [T] [thread 7233] [16.0] [cxt 0] straggler.p4(158) Primitive mark_to_drop(standard_metadata)
[12:52:11.508] [bmv2] [T] [thread 7233] [16.0] [cxt 0] straggler.p4(288) Condition "hdr.collective.isValid()" (node_3) is false
[12:52:11.508] [bmv2] [D] [thread 7233] [16.0] [cxt 0] Pipeline 'ingress': end
[12:52:11.508] [bmv2] [D] [thread 7233] [16.0] [cxt 0] Egress port is 511
[12:52:11.508] [bmv2] [D] [thread 7233] [16.0] [cxt 0] Dropping packet at the end of ingress
[12:52:11.546] [bmv2] [D] [thread 7233] [17.0] [cxt 0] Processing packet received on port 2
[12:52:11.546] [bmv2] [D] [thread 7233] [17.0] [cxt 0] Parser 'parser': start
[12:52:11.546] [bmv2] [D] [thread 7233] [17.0] [cxt 0] Parser 'parser' entering state 'start'
[12:52:11.546] [bmv2] [D] [thread 7233] [17.0] [cxt 0] Extracting header 'ethernet'
[12:52:11.546] [bmv2] [D] [thread 7233] [17.0] [cxt 0] Parser state 'start': key is 86dd
[12:52:11.546] [bmv2] [T] [thread 7233] [17.0] [cxt 0] Bytes parsed: 14
[12:52:11.546] [bmv2] [D] [thread 7233] [17.0] [cxt 0] Parser 'parser': end
[12:52:11.546] [bmv2] [D] [thread 7233] [17.0] [cxt 0] Pipeline 'ingress': start
[12:52:11.546] [bmv2] [T] [thread 7233] [17.0] [cxt 0] Applying table 'MyIngress.ipv4_forward'
[12:52:11.546] [bmv2] [D] [thread 7233] [17.0] [cxt 0] Looking up key:
* hdr.ipv4.dstAddr    : 00000000

[12:52:11.546] [bmv2] [D] [thread 7233] [17.0] [cxt 0] Table 'MyIngress.ipv4_forward': miss
[12:52:11.546] [bmv2] [D] [thread 7233] [17.0] [cxt 0] Action entry is MyIngress.drop - 
[12:52:11.546] [bmv2] [T] [thread 7233] [17.0] [cxt 0] Action MyIngress.drop
[12:52:11.546] [bmv2] [T] [thread 7233] [17.0] [cxt 0] straggler.p4(158) Primitive mark_to_drop(standard_metadata)
[12:52:11.546] [bmv2] [T] [thread 7233] [17.0] [cxt 0] straggler.p4(288) Condition "hdr.collective.isValid()" (node_3) is false
[12:52:11.546] [bmv2] [D] [thread 7233] [17.0] [cxt 0] Pipeline 'ingress': end
[12:52:11.546] [bmv2] [D] [thread 7233] [17.0] [cxt 0] Egress port is 511
[12:52:11.546] [bmv2] [D] [thread 7233] [17.0] [cxt 0] Dropping packet at the end of ingress
[12:52:11.546] [bmv2] [D] [thread 7233] [18.0] [cxt 0] Processing packet received on port 3
[12:52:11.546] [bmv2] [D] [thread 7233] [18.0] [cxt 0] Parser 'parser': start
[12:52:11.546] [bmv2] [D] [thread 7233] [18.0] [cxt 0] Parser 'parser' entering state 'start'
[12:52:11.546] [bmv2] [D] [thread 7233] [18.0] [cxt 0] Extracting header 'ethernet'
[12:52:11.546] [bmv2] [D] [thread 7233] [18.0] [cxt 0] Parser state 'start': key is 86dd
[12:52:11.546] [bmv2] [T] [thread 7233] [18.0] [cxt 0] Bytes parsed: 14
[12:52:11.546] [bmv2] [D] [thread 7233] [18.0] [cxt 0] Parser 'parser': end
[12:52:11.546] [bmv2] [D] [thread 7233] [18.0] [cxt 0] Pipeline 'ingress': start
[12:52:11.546] [bmv2] [T] [thread 7233] [18.0] [cxt 0] Applying table 'MyIngress.ipv4_forward'
[12:52:11.546] [bmv2] [D] [thread 7233] [18.0] [cxt 0] Looking up key:
* hdr.ipv4.dstAddr    : 00000000

[12:52:11.546] [bmv2] [D] [thread 7233] [18.0] [cxt 0] Table 'MyIngress.ipv4_forward': miss
[12:52:11.546] [bmv2] [D] [thread 7233] [18.0] [cxt 0] Action entry is MyIngress.drop - 
[12:52:11.546] [bmv2] [T] [thread 7233] [18.0] [cxt 0] Action MyIngress.drop
[12:52:11.546] [bmv2] [T] [thread 7233] [18.0] [cxt 0] straggler.p4(158) Primitive mark_to_drop(standard_metadata)
[12:52:11.546] [bmv2] [T] [thread 7233] [18.0] [cxt 0] straggler.p4(288) Condition "hdr.collective.isValid()" (node_3) is false
[12:52:11.546] [bmv2] [D] [thread 7233] [18.0] [cxt 0] Pipeline 'ingress': end
[12:52:11.546] [bmv2] [D] [thread 7233] [18.0] [cxt 0] Egress port is 511
[12:52:11.546] [bmv2] [D] [thread 7233] [18.0] [cxt 0] Dropping packet at the end of ingress
[12:52:11.547] [bmv2] [D] [thread 7233] [19.0] [cxt 0] Processing packet received on port 2
[12:52:11.547] [bmv2] [D] [thread 7233] [19.0] [cxt 0] Parser 'parser': start
[12:52:11.547] [bmv2] [D] [thread 7233] [19.0] [cxt 0] Parser 'parser' entering state 'start'
[12:52:11.547] [bmv2] [D] [thread 7233] [19.0] [cxt 0] Extracting header 'ethernet'
[12:52:11.547] [bmv2] [D] [thread 7233] [19.0] [cxt 0] Parser state 'start': key is 86dd
[12:52:11.547] [bmv2] [T] [thread 7233] [19.0] [cxt 0] Bytes parsed: 14
[12:52:11.547] [bmv2] [D] [thread 7233] [19.0] [cxt 0] Parser 'parser': end
[12:52:11.547] [bmv2] [D] [thread 7233] [19.0] [cxt 0] Pipeline 'ingress': start
[12:52:11.547] [bmv2] [T] [thread 7233] [19.0] [cxt 0] Applying table 'MyIngress.ipv4_forward'
[12:52:11.547] [bmv2] [D] [thread 7233] [19.0] [cxt 0] Looking up key:
* hdr.ipv4.dstAddr    : 00000000

[12:52:11.547] [bmv2] [D] [thread 7233] [19.0] [cxt 0] Table 'MyIngress.ipv4_forward': miss
[12:52:11.547] [bmv2] [D] [thread 7233] [19.0] [cxt 0] Action entry is MyIngress.drop - 
[12:52:11.547] [bmv2] [T] [thread 7233] [19.0] [cxt 0] Action MyIngress.drop
[12:52:11.547] [bmv2] [T] [thread 7233] [19.0] [cxt 0] straggler.p4(158) Primitive mark_to_drop(standard_metadata)
[12:52:11.547] [bmv2] [T] [thread 7233] [19.0] [cxt 0] straggler.p4(288) Condition "hdr.collective.isValid()" (node_3) is false
[12:52:11.547] [bmv2] [D] [thread 7233] [19.0] [cxt 0] Pipeline 'ingress': end
[12:52:11.547] [bmv2] [D] [thread 7233] [19.0] [cxt 0] Egress port is 511
[12:52:11.547] [bmv2] [D] [thread 7233] [19.0] [cxt 0] Dropping packet at the end of ingress
[12:52:11.547] [bmv2] [D] [thread 7233] [20.0] [cxt 0] Processing packet received on port 3
[12:52:11.547] [bmv2] [D] [thread 7233] [20.0] [cxt 0] Parser 'parser': start
[12:52:11.547] [bmv2] [D] [thread 7233] [20.0] [cxt 0] Parser 'parser' entering state 'start'
[12:52:11.547] [bmv2] [D] [thread 7233] [20.0] [cxt 0] Extracting header 'ethernet'
[12:52:11.547] [bmv2] [D] [thread 7233] [20.0] [cxt 0] Parser state 'start': key is 86dd
[12:52:11.547] [bmv2] [T] [thread 7233] [20.0] [cxt 0] Bytes parsed: 14
[12:52:11.547] [bmv2] [D] [thread 7233] [20.0] [cxt 0] Parser 'parser': end
[12:52:11.547] [bmv2] [D] [thread 7233] [20.0] [cxt 0] Pipeline 'ingress': start
[12:52:11.547] [bmv2] [T] [thread 7233] [20.0] [cxt 0] Applying table 'MyIngress.ipv4_forward'
[12:52:11.547] [bmv2] [D] [thread 7233] [20.0] [cxt 0] Looking up key:
* hdr.ipv4.dstAddr    : 00000000

[12:52:11.547] [bmv2] [D] [thread 7233] [20.0] [cxt 0] Table 'MyIngress.ipv4_forward': miss
[12:52:11.547] [bmv2] [D] [thread 7233] [20.0] [cxt 0] Action entry is MyIngress.drop - 
[12:52:11.547] [bmv2] [T] [thread 7233] [20.0] [cxt 0] Action MyIngress.drop
[12:52:11.547] [bmv2] [T] [thread 7233] [20.0] [cxt 0] straggler.p4(158) Primitive mark_to_drop(standard_metadata)
[12:52:11.547] [bmv2] [T] [thread 7233] [20.0] [cxt 0] straggler.p4(288) Condition "hdr.collective.isValid()" (node_3) is false
[12:52:11.547] [bmv2] [D] [thread 7233] [20.0] [cxt 0] Pipeline 'ingress': end
[12:52:11.548] [bmv2] [D] [thread 7233] [20.0] [cxt 0] Egress port is 511
[12:52:11.548] [bmv2] [D] [thread 7233] [20.0] [cxt 0] Dropping packet at the end of ingress
[12:52:11.604] [bmv2] [D] [thread 7233] [21.0] [cxt 0] Processing packet received on port 4
[12:52:11.604] [bmv2] [D] [thread 7233] [21.0] [cxt 0] Parser 'parser': start
[12:52:11.604] [bmv2] [D] [thread 7233] [21.0] [cxt 0] Parser 'parser' entering state 'start'
[12:52:11.604] [bmv2] [D] [thread 7233] [21.0] [cxt 0] Extracting header 'ethernet'
[12:52:11.604] [bmv2] [D] [thread 7233] [21.0] [cxt 0] Parser state 'start': key is 86dd
[12:52:11.604] [bmv2] [T] [thread 7233] [21.0] [cxt 0] Bytes parsed: 14
[12:52:11.604] [bmv2] [D] [thread 7233] [21.0] [cxt 0] Parser 'parser': end
[12:52:11.604] [bmv2] [D] [thread 7233] [21.0] [cxt 0] Pipeline 'ingress': start
[12:52:11.604] [bmv2] [T] [thread 7233] [21.0] [cxt 0] Applying table 'MyIngress.ipv4_forward'
[12:52:11.604] [bmv2] [D] [thread 7233] [21.0] [cxt 0] Looking up key:
* hdr.ipv4.dstAddr    : 00000000

[12:52:11.604] [bmv2] [D] [thread 7233] [21.0] [cxt 0] Table 'MyIngress.ipv4_forward': miss
[12:52:11.604] [bmv2] [D] [thread 7233] [21.0] [cxt 0] Action entry is MyIngress.drop - 
[12:52:11.604] [bmv2] [T] [thread 7233] [21.0] [cxt 0] Action MyIngress.drop
[12:52:11.604] [bmv2] [T] [thread 7233] [21.0] [cxt 0] straggler.p4(158) Primitive mark_to_drop(standard_metadata)
[12:52:11.604] [bmv2] [T] [thread 7233] [21.0] [cxt 0] straggler.p4(288) Condition "hdr.collective.isValid()" (node_3) is false
[12:52:11.604] [bmv2] [D] [thread 7233] [21.0] [cxt 0] Pipeline 'ingress': end
[12:52:11.604] [bmv2] [D] [thread 7233] [21.0] [cxt 0] Egress port is 511
[12:52:11.604] [bmv2] [D] [thread 7233] [21.0] [cxt 0] Dropping packet at the end of ingress
[12:52:11.604] [bmv2] [D] [thread 7233] [22.0] [cxt 0] Processing packet received on port 4
[12:52:11.604] [bmv2] [D] [thread 7233] [22.0] [cxt 0] Parser 'parser': start
[12:52:11.604] [bmv2] [D] [thread 7233] [22.0] [cxt 0] Parser 'parser' entering state 'start'
[12:52:11.604] [bmv2] [D] [thread 7233] [22.0] [cxt 0] Extracting header 'ethernet'
[12:52:11.604] [bmv2] [D] [thread 7233] [22.0] [cxt 0] Parser state 'start': key is 86dd
[12:52:11.604] [bmv2] [T] [thread 7233] [22.0] [cxt 0] Bytes parsed: 14
[12:52:11.604] [bmv2] [D] [thread 7233] [22.0] [cxt 0] Parser 'parser': end
[12:52:11.604] [bmv2] [D] [thread 7233] [22.0] [cxt 0] Pipeline 'ingress': start
[12:52:11.604] [bmv2] [T] [thread 7233] [22.0] [cxt 0] Applying table 'MyIngress.ipv4_forward'
[12:52:11.604] [bmv2] [D] [thread 7233] [22.0] [cxt 0] Looking up key:
* hdr.ipv4.dstAddr    : 00000000

[12:52:11.604] [bmv2] [D] [thread 7233] [22.0] [cxt 0] Table 'MyIngress.ipv4_forward': miss
[12:52:11.604] [bmv2] [D] [thread 7233] [22.0] [cxt 0] Action entry is MyIngress.drop - 
[12:52:11.604] [bmv2] [T] [thread 7233] [22.0] [cxt 0] Action MyIngress.drop
[12:52:11.604] [bmv2] [T] [thread 7233] [22.0] [cxt 0] straggler.p4(158) Primitive mark_to_drop(standard_metadata)
[12:52:11.604] [bmv2] [T] [thread 7233] [22.0] [cxt 0] straggler.p4(288) Condition "hdr.collective.isValid()" (node_3) is false
[12:52:11.604] [bmv2] [D] [thread 7233] [22.0] [cxt 0] Pipeline 'ingress': end
[12:52:11.604] [bmv2] [D] [thread 7233] [22.0] [cxt 0] Egress port is 511
[12:52:11.604] [bmv2] [D] [thread 7233] [22.0] [cxt 0] Dropping packet at the end of ingress
[12:52:11.697] [bmv2] [D] [thread 7233] [23.0] [cxt 0] Processing packet received on port 1
[12:52:11.697] [bmv2] [D] [thread 7233] [23.0] [cxt 0] Parser 'parser': start
[12:52:11.697] [bmv2] [D] [thread 7233] [23.0] [cxt 0] Parser 'parser' entering state 'start'
[12:52:11.697] [bmv2] [D] [thread 7233] [23.0] [cxt 0] Extracting header 'ethernet'
[12:52:11.697] [bmv2] [D] [thread 7233] [23.0] [cxt 0] Parser state 'start': key is 86dd
[12:52:11.697] [bmv2] [T] [thread 7233] [23.0] [cxt 0] Bytes parsed: 14
[12:52:11.697] [bmv2] [D] [thread 7233] [23.0] [cxt 0] Parser 'parser': end
[12:52:11.697] [bmv2] [D] [thread 7233] [23.0] [cxt 0] Pipeline 'ingress': start
[12:52:11.697] [bmv2] [T] [thread 7233] [23.0] [cxt 0] Applying table 'MyIngress.ipv4_forward'
[12:52:11.697] [bmv2] [D] [thread 7233] [23.0] [cxt 0] Looking up key:
* hdr.ipv4.dstAddr    : 00000000

[12:52:11.697] [bmv2] [D] [thread 7233] [23.0] [cxt 0] Table 'MyIngress.ipv4_forward': miss
[12:52:11.697] [bmv2] [D] [thread 7233] [23.0] [cxt 0] Action entry is MyIngress.drop - 
[12:52:11.697] [bmv2] [T] [thread 7233] [23.0] [cxt 0] Action MyIngress.drop
[12:52:11.697] [bmv2] [T] [thread 7233] [23.0] [cxt 0] straggler.p4(158) Primitive mark_to_drop(standard_metadata)
[12:52:11.697] [bmv2] [T] [thread 7233] [23.0] [cxt 0] straggler.p4(288) Condition "hdr.collective.isValid()" (node_3) is false
[12:52:11.697] [bmv2] [D] [thread 7233] [23.0] [cxt 0] Pipeline 'ingress': end
[12:52:11.698] [bmv2] [D] [thread 7233] [23.0] [cxt 0] Egress port is 511
[12:52:11.698] [bmv2] [D] [thread 7233] [23.0] [cxt 0] Dropping packet at the end of ingress
[12:52:11.698] [bmv2] [D] [thread 7233] [24.0] [cxt 0] Processing packet received on port 1
[12:52:11.698] [bmv2] [D] [thread 7233] [24.0] [cxt 0] Parser 'parser': start
[12:52:11.698] [bmv2] [D] [thread 7233] [24.0] [cxt 0] Parser 'parser' entering state 'start'
[12:52:11.698] [bmv2] [D] [thread 7233] [24.0] [cxt 0] Extracting header 'ethernet'
[12:52:11.698] [bmv2] [D] [thread 7233] [24.0] [cxt 0] Parser state 'start': key is 86dd
[12:52:11.698] [bmv2] [T] [thread 7233] [24.0] [cxt 0] Bytes parsed: 14
[12:52:11.698] [bmv2] [D] [thread 7233] [24.0] [cxt 0] Parser 'parser': end
[12:52:11.698] [bmv2] [D] [thread 7233] [24.0] [cxt 0] Pipeline 'ingress': start
[12:52:11.698] [bmv2] [T] [thread 7233] [24.0] [cxt 0] Applying table 'MyIngress.ipv4_forward'
[12:52:11.698] [bmv2] [D] [thread 7233] [24.0] [cxt 0] Looking up key:
* hdr.ipv4.dstAddr    : 00000000

[12:52:11.698] [bmv2] [D] [thread 7233] [24.0] [cxt 0] Table 'MyIngress.ipv4_forward': miss
[12:52:11.698] [bmv2] [D] [thread 7233] [24.0] [cxt 0] Action entry is MyIngress.drop - 
[12:52:11.698] [bmv2] [T] [thread 7233] [24.0] [cxt 0] Action MyIngress.drop
[12:52:11.698] [bmv2] [T] [thread 7233] [24.0] [cxt 0] straggler.p4(158) Primitive mark_to_drop(standard_metadata)
[12:52:11.698] [bmv2] [T] [thread 7233] [24.0] [cxt 0] straggler.p4(288) Condition "hdr.collective.isValid()" (node_3) is false
[12:52:11.698] [bmv2] [D] [thread 7233] [24.0] [cxt 0] Pipeline 'ingress': end
[12:52:11.698] [bmv2] [D] [thread 7233] [24.0] [cxt 0] Egress port is 511
[12:52:11.698] [bmv2] [D] [thread 7233] [24.0] [cxt 0] Dropping packet at the end of ingress
[12:52:11.700] [bmv2] [D] [thread 7233] [25.0] [cxt 0] Processing packet received on port 1
[12:52:11.700] [bmv2] [D] [thread 7233] [25.0] [cxt 0] Parser 'parser': start
[12:52:11.700] [bmv2] [D] [thread 7233] [25.0] [cxt 0] Parser 'parser' entering state 'start'
[12:52:11.700] [bmv2] [D] [thread 7233] [25.0] [cxt 0] Extracting header 'ethernet'
[12:52:11.700] [bmv2] [D] [thread 7233] [25.0] [cxt 0] Parser state 'start': key is 86dd
[12:52:11.700] [bmv2] [T] [thread 7233] [25.0] [cxt 0] Bytes parsed: 14
[12:52:11.700] [bmv2] [D] [thread 7233] [25.0] [cxt 0] Parser 'parser': end
[12:52:11.700] [bmv2] [D] [thread 7233] [25.0] [cxt 0] Pipeline 'ingress': start
[12:52:11.700] [bmv2] [T] [thread 7233] [25.0] [cxt 0] Applying table 'MyIngress.ipv4_forward'
[12:52:11.700] [bmv2] [D] [thread 7233] [25.0] [cxt 0] Looking up key:
* hdr.ipv4.dstAddr    : 00000000

[12:52:11.700] [bmv2] [D] [thread 7233] [25.0] [cxt 0] Table 'MyIngress.ipv4_forward': miss
[12:52:11.700] [bmv2] [D] [thread 7233] [25.0] [cxt 0] Action entry is MyIngress.drop - 
[12:52:11.700] [bmv2] [T] [thread 7233] [25.0] [cxt 0] Action MyIngress.drop
[12:52:11.700] [bmv2] [T] [thread 7233] [25.0] [cxt 0] straggler.p4(158) Primitive mark_to_drop(standard_metadata)
[12:52:11.700] [bmv2] [T] [thread 7233] [25.0] [cxt 0] straggler.p4(288) Condition "hdr.collective.isValid()" (node_3) is false
[12:52:11.700] [bmv2] [D] [thread 7233] [25.0] [cxt 0] Pipeline 'ingress': end
[12:52:11.700] [bmv2] [D] [thread 7233] [25.0] [cxt 0] Egress port is 511
[12:52:11.700] [bmv2] [D] [thread 7233] [25.0] [cxt 0] Dropping packet at the end of ingress
[12:52:11.720] [bmv2] [D] [thread 7233] [26.0] [cxt 0] Processing packet received on port 2
[12:52:11.720] [bmv2] [D] [thread 7233] [26.0] [cxt 0] Parser 'parser': start
[12:52:11.720] [bmv2] [D] [thread 7233] [26.0] [cxt 0] Parser 'parser' entering state 'start'
[12:52:11.720] [bmv2] [D] [thread 7233] [26.0] [cxt 0] Extracting header 'ethernet'
[12:52:11.720] [bmv2] [D] [thread 7233] [26.0] [cxt 0] Parser state 'start': key is 86dd
[12:52:11.720] [bmv2] [T] [thread 7233] [26.0] [cxt 0] Bytes parsed: 14
[12:52:11.720] [bmv2] [D] [thread 7233] [26.0] [cxt 0] Parser 'parser': end
[12:52:11.720] [bmv2] [D] [thread 7233] [26.0] [cxt 0] Pipeline 'ingress': start
[12:52:11.720] [bmv2] [T] [thread 7233] [26.0] [cxt 0] Applying table 'MyIngress.ipv4_forward'
[12:52:11.720] [bmv2] [D] [thread 7233] [26.0] [cxt 0] Looking up key:
* hdr.ipv4.dstAddr    : 00000000

[12:52:11.720] [bmv2] [D] [thread 7233] [26.0] [cxt 0] Table 'MyIngress.ipv4_forward': miss
[12:52:11.720] [bmv2] [D] [thread 7233] [26.0] [cxt 0] Action entry is MyIngress.drop - 
[12:52:11.720] [bmv2] [T] [thread 7233] [26.0] [cxt 0] Action MyIngress.drop
[12:52:11.720] [bmv2] [T] [thread 7233] [26.0] [cxt 0] straggler.p4(158) Primitive mark_to_drop(standard_metadata)
[12:52:11.720] [bmv2] [T] [thread 7233] [26.0] [cxt 0] straggler.p4(288) Condition "hdr.collective.isValid()" (node_3) is false
[12:52:11.720] [bmv2] [D] [thread 7233] [26.0] [cxt 0] Pipeline 'ingress': end
[12:52:11.720] [bmv2] [D] [thread 7233] [26.0] [cxt 0] Egress port is 511
[12:52:11.720] [bmv2] [D] [thread 7233] [26.0] [cxt 0] Dropping packet at the end of ingress
[12:52:11.776] [bmv2] [D] [thread 7233] [27.0] [cxt 0] Processing packet received on port 1
[12:52:11.777] [bmv2] [D] [thread 7233] [27.0] [cxt 0] Parser 'parser': start
[12:52:11.777] [bmv2] [D] [thread 7233] [27.0] [cxt 0] Parser 'parser' entering state 'start'
[12:52:11.777] [bmv2] [D] [thread 7233] [27.0] [cxt 0] Extracting header 'ethernet'
[12:52:11.777] [bmv2] [D] [thread 7233] [27.0] [cxt 0] Parser state 'start': key is 86dd
[12:52:11.777] [bmv2] [T] [thread 7233] [27.0] [cxt 0] Bytes parsed: 14
[12:52:11.777] [bmv2] [D] [thread 7233] [27.0] [cxt 0] Parser 'parser': end
[12:52:11.777] [bmv2] [D] [thread 7233] [27.0] [cxt 0] Pipeline 'ingress': start
[12:52:11.777] [bmv2] [T] [thread 7233] [27.0] [cxt 0] Applying table 'MyIngress.ipv4_forward'
[12:52:11.777] [bmv2] [D] [thread 7233] [27.0] [cxt 0] Looking up key:
* hdr.ipv4.dstAddr    : 00000000

[12:52:11.777] [bmv2] [D] [thread 7233] [27.0] [cxt 0] Table 'MyIngress.ipv4_forward': miss
[12:52:11.777] [bmv2] [D] [thread 7233] [27.0] [cxt 0] Action entry is MyIngress.drop - 
[12:52:11.777] [bmv2] [T] [thread 7233] [27.0] [cxt 0] Action MyIngress.drop
[12:52:11.777] [bmv2] [T] [thread 7233] [27.0] [cxt 0] straggler.p4(158) Primitive mark_to_drop(standard_metadata)
[12:52:11.777] [bmv2] [T] [thread 7233] [27.0] [cxt 0] straggler.p4(288) Condition "hdr.collective.isValid()" (node_3) is false
[12:52:11.777] [bmv2] [D] [thread 7233] [27.0] [cxt 0] Pipeline 'ingress': end
[12:52:11.777] [bmv2] [D] [thread 7233] [27.0] [cxt 0] Egress port is 511
[12:52:11.777] [bmv2] [D] [thread 7233] [27.0] [cxt 0] Dropping packet at the end of ingress
[12:52:11.797] [bmv2] [D] [thread 7233] [28.0] [cxt 0] Processing packet received on port 1
[12:52:11.797] [bmv2] [D] [thread 7233] [28.0] [cxt 0] Parser 'parser': start
[12:52:11.797] [bmv2] [D] [thread 7233] [28.0] [cxt 0] Parser 'parser' entering state 'start'
[12:52:11.797] [bmv2] [D] [thread 7233] [28.0] [cxt 0] Extracting header 'ethernet'
[12:52:11.797] [bmv2] [D] [thread 7233] [28.0] [cxt 0] Parser state 'start': key is 86dd
[12:52:11.797] [bmv2] [T] [thread 7233] [28.0] [cxt 0] Bytes parsed: 14
[12:52:11.797] [bmv2] [D] [thread 7233] [28.0] [cxt 0] Parser 'parser': end
[12:52:11.797] [bmv2] [D] [thread 7233] [28.0] [cxt 0] Pipeline 'ingress': start
[12:52:11.797] [bmv2] [T] [thread 7233] [28.0] [cxt 0] Applying table 'MyIngress.ipv4_forward'
[12:52:11.797] [bmv2] [D] [thread 7233] [28.0] [cxt 0] Looking up key:
* hdr.ipv4.dstAddr    : 00000000

[12:52:11.797] [bmv2] [D] [thread 7233] [28.0] [cxt 0] Table 'MyIngress.ipv4_forward': miss
[12:52:11.797] [bmv2] [D] [thread 7233] [28.0] [cxt 0] Action entry is MyIngress.drop - 
[12:52:11.797] [bmv2] [T] [thread 7233] [28.0] [cxt 0] Action MyIngress.drop
[12:52:11.797] [bmv2] [T] [thread 7233] [28.0] [cxt 0] straggler.p4(158) Primitive mark_to_drop(standard_metadata)
[12:52:11.797] [bmv2] [T] [thread 7233] [28.0] [cxt 0] straggler.p4(288) Condition "hdr.collective.isValid()" (node_3) is false
[12:52:11.797] [bmv2] [D] [thread 7233] [28.0] [cxt 0] Pipeline 'ingress': end
[12:52:11.797] [bmv2] [D] [thread 7233] [28.0] [cxt 0] Egress port is 511
[12:52:11.797] [bmv2] [D] [thread 7233] [28.0] [cxt 0] Dropping packet at the end of ingress
[12:52:11.797] [bmv2] [D] [thread 7233] [29.0] [cxt 0] Processing packet received on port 2
[12:52:11.797] [bmv2] [D] [thread 7233] [29.0] [cxt 0] Parser 'parser': start
[12:52:11.797] [bmv2] [D] [thread 7233] [29.0] [cxt 0] Parser 'parser' entering state 'start'
[12:52:11.797] [bmv2] [D] [thread 7233] [29.0] [cxt 0] Extracting header 'ethernet'
[12:52:11.797] [bmv2] [D] [thread 7233] [29.0] [cxt 0] Parser state 'start': key is 86dd
[12:52:11.797] [bmv2] [T] [thread 7233] [29.0] [cxt 0] Bytes parsed: 14
[12:52:11.797] [bmv2] [D] [thread 7233] [29.0] [cxt 0] Parser 'parser': end
[12:52:11.797] [bmv2] [D] [thread 7233] [29.0] [cxt 0] Pipeline 'ingress': start
[12:52:11.797] [bmv2] [T] [thread 7233] [29.0] [cxt 0] Applying table 'MyIngress.ipv4_forward'
[12:52:11.797] [bmv2] [D] [thread 7233] [29.0] [cxt 0] Looking up key:
* hdr.ipv4.dstAddr    : 00000000

[12:52:11.797] [bmv2] [D] [thread 7233] [29.0] [cxt 0] Table 'MyIngress.ipv4_forward': miss
[12:52:11.797] [bmv2] [D] [thread 7233] [29.0] [cxt 0] Action entry is MyIngress.drop - 
[12:52:11.797] [bmv2] [T] [thread 7233] [29.0] [cxt 0] Action MyIngress.drop
[12:52:11.797] [bmv2] [T] [thread 7233] [29.0] [cxt 0] straggler.p4(158) Primitive mark_to_drop(standard_metadata)
[12:52:11.797] [bmv2] [T] [thread 7233] [29.0] [cxt 0] straggler.p4(288) Condition "hdr.collective.isValid()" (node_3) is false
[12:52:11.797] [bmv2] [D] [thread 7233] [29.0] [cxt 0] Pipeline 'ingress': end
[12:52:11.797] [bmv2] [D] [thread 7233] [29.0] [cxt 0] Egress port is 511
[12:52:11.797] [bmv2] [D] [thread 7233] [29.0] [cxt 0] Dropping packet at the end of ingress
[12:52:11.797] [bmv2] [D] [thread 7233] [30.0] [cxt 0] Processing packet received on port 3
[12:52:11.797] [bmv2] [D] [thread 7233] [30.0] [cxt 0] Parser 'parser': start
[12:52:11.797] [bmv2] [D] [thread 7233] [30.0] [cxt 0] Parser 'parser' entering state 'start'
[12:52:11.797] [bmv2] [D] [thread 7233] [30.0] [cxt 0] Extracting header 'ethernet'
[12:52:11.797] [bmv2] [D] [thread 7233] [30.0] [cxt 0] Parser state 'start': key is 86dd
[12:52:11.797] [bmv2] [T] [thread 7233] [30.0] [cxt 0] Bytes parsed: 14
[12:52:11.797] [bmv2] [D] [thread 7233] [30.0] [cxt 0] Parser 'parser': end
[12:52:11.797] [bmv2] [D] [thread 7233] [30.0] [cxt 0] Pipeline 'ingress': start
[12:52:11.797] [bmv2] [T] [thread 7233] [30.0] [cxt 0] Applying table 'MyIngress.ipv4_forward'
[12:52:11.797] [bmv2] [D] [thread 7233] [30.0] [cxt 0] Looking up key:
* hdr.ipv4.dstAddr    : 00000000

[12:52:11.797] [bmv2] [D] [thread 7233] [30.0] [cxt 0] Table 'MyIngress.ipv4_forward': miss
[12:52:11.797] [bmv2] [D] [thread 7233] [30.0] [cxt 0] Action entry is MyIngress.drop - 
[12:52:11.797] [bmv2] [T] [thread 7233] [30.0] [cxt 0] Action MyIngress.drop
[12:52:11.797] [bmv2] [T] [thread 7233] [30.0] [cxt 0] straggler.p4(158) Primitive mark_to_drop(standard_metadata)
[12:52:11.797] [bmv2] [T] [thread 7233] [30.0] [cxt 0] straggler.p4(288) Condition "hdr.collective.isValid()" (node_3) is false
[12:52:11.797] [bmv2] [D] [thread 7233] [30.0] [cxt 0] Pipeline 'ingress': end
[12:52:11.797] [bmv2] [D] [thread 7233] [30.0] [cxt 0] Egress port is 511
[12:52:11.797] [bmv2] [D] [thread 7233] [30.0] [cxt 0] Dropping packet at the end of ingress
[12:52:11.797] [bmv2] [D] [thread 7233] [31.0] [cxt 0] Processing packet received on port 1
[12:52:11.797] [bmv2] [D] [thread 7233] [31.0] [cxt 0] Parser 'parser': start
[12:52:11.797] [bmv2] [D] [thread 7233] [31.0] [cxt 0] Parser 'parser' entering state 'start'
[12:52:11.797] [bmv2] [D] [thread 7233] [31.0] [cxt 0] Extracting header 'ethernet'
[12:52:11.797] [bmv2] [D] [thread 7233] [31.0] [cxt 0] Parser state 'start': key is 86dd
[12:52:11.797] [bmv2] [T] [thread 7233] [31.0] [cxt 0] Bytes parsed: 14
[12:52:11.797] [bmv2] [D] [thread 7233] [31.0] [cxt 0] Parser 'parser': end
[12:52:11.797] [bmv2] [D] [thread 7233] [31.0] [cxt 0] Pipeline 'ingress': start
[12:52:11.797] [bmv2] [T] [thread 7233] [31.0] [cxt 0] Applying table 'MyIngress.ipv4_forward'
[12:52:11.798] [bmv2] [D] [thread 7233] [31.0] [cxt 0] Looking up key:
* hdr.ipv4.dstAddr    : 00000000

[12:52:11.798] [bmv2] [D] [thread 7233] [31.0] [cxt 0] Table 'MyIngress.ipv4_forward': miss
[12:52:11.798] [bmv2] [D] [thread 7233] [31.0] [cxt 0] Action entry is MyIngress.drop - 
[12:52:11.798] [bmv2] [T] [thread 7233] [31.0] [cxt 0] Action MyIngress.drop
[12:52:11.798] [bmv2] [T] [thread 7233] [31.0] [cxt 0] straggler.p4(158) Primitive mark_to_drop(standard_metadata)
[12:52:11.798] [bmv2] [T] [thread 7233] [31.0] [cxt 0] straggler.p4(288) Condition "hdr.collective.isValid()" (node_3) is false
[12:52:11.798] [bmv2] [D] [thread 7233] [31.0] [cxt 0] Pipeline 'ingress': end
[12:52:11.798] [bmv2] [D] [thread 7233] [31.0] [cxt 0] Egress port is 511
[12:52:11.798] [bmv2] [D] [thread 7233] [31.0] [cxt 0] Dropping packet at the end of ingress
[12:52:11.854] [bmv2] [D] [thread 7233] [32.0] [cxt 0] Processing packet received on port 4
[12:52:11.854] [bmv2] [D] [thread 7233] [32.0] [cxt 0] Parser 'parser': start
[12:52:11.854] [bmv2] [D] [thread 7233] [32.0] [cxt 0] Parser 'parser' entering state 'start'
[12:52:11.854] [bmv2] [D] [thread 7233] [32.0] [cxt 0] Extracting header 'ethernet'
[12:52:11.854] [bmv2] [D] [thread 7233] [32.0] [cxt 0] Parser state 'start': key is 86dd
[12:52:11.854] [bmv2] [T] [thread 7233] [32.0] [cxt 0] Bytes parsed: 14
[12:52:11.854] [bmv2] [D] [thread 7233] [32.0] [cxt 0] Parser 'parser': end
[12:52:11.854] [bmv2] [D] [thread 7233] [32.0] [cxt 0] Pipeline 'ingress': start
[12:52:11.854] [bmv2] [T] [thread 7233] [32.0] [cxt 0] Applying table 'MyIngress.ipv4_forward'
[12:52:11.854] [bmv2] [D] [thread 7233] [32.0] [cxt 0] Looking up key:
* hdr.ipv4.dstAddr    : 00000000

[12:52:11.854] [bmv2] [D] [thread 7233] [32.0] [cxt 0] Table 'MyIngress.ipv4_forward': miss
[12:52:11.854] [bmv2] [D] [thread 7233] [32.0] [cxt 0] Action entry is MyIngress.drop - 
[12:52:11.854] [bmv2] [T] [thread 7233] [32.0] [cxt 0] Action MyIngress.drop
[12:52:11.854] [bmv2] [T] [thread 7233] [32.0] [cxt 0] straggler.p4(158) Primitive mark_to_drop(standard_metadata)
[12:52:11.854] [bmv2] [T] [thread 7233] [32.0] [cxt 0] straggler.p4(288) Condition "hdr.collective.isValid()" (node_3) is false
[12:52:11.854] [bmv2] [D] [thread 7233] [32.0] [cxt 0] Pipeline 'ingress': end
[12:52:11.854] [bmv2] [D] [thread 7233] [32.0] [cxt 0] Egress port is 511
[12:52:11.854] [bmv2] [D] [thread 7233] [32.0] [cxt 0] Dropping packet at the end of ingress
[12:52:11.913] [bmv2] [D] [thread 7233] [33.0] [cxt 0] Processing packet received on port 3
[12:52:11.913] [bmv2] [D] [thread 7233] [33.0] [cxt 0] Parser 'parser': start
[12:52:11.913] [bmv2] [D] [thread 7233] [33.0] [cxt 0] Parser 'parser' entering state 'start'
[12:52:11.913] [bmv2] [D] [thread 7233] [33.0] [cxt 0] Extracting header 'ethernet'
[12:52:11.913] [bmv2] [D] [thread 7233] [33.0] [cxt 0] Parser state 'start': key is 86dd
[12:52:11.913] [bmv2] [T] [thread 7233] [33.0] [cxt 0] Bytes parsed: 14
[12:52:11.913] [bmv2] [D] [thread 7233] [33.0] [cxt 0] Parser 'parser': end
[12:52:11.913] [bmv2] [D] [thread 7233] [33.0] [cxt 0] Pipeline 'ingress': start
[12:52:11.913] [bmv2] [T] [thread 7233] [33.0] [cxt 0] Applying table 'MyIngress.ipv4_forward'
[12:52:11.913] [bmv2] [D] [thread 7233] [33.0] [cxt 0] Looking up key:
* hdr.ipv4.dstAddr    : 00000000

[12:52:11.913] [bmv2] [D] [thread 7233] [33.0] [cxt 0] Table 'MyIngress.ipv4_forward': miss
[12:52:11.913] [bmv2] [D] [thread 7233] [33.0] [cxt 0] Action entry is MyIngress.drop - 
[12:52:11.913] [bmv2] [T] [thread 7233] [33.0] [cxt 0] Action MyIngress.drop
[12:52:11.913] [bmv2] [T] [thread 7233] [33.0] [cxt 0] straggler.p4(158) Primitive mark_to_drop(standard_metadata)
[12:52:11.913] [bmv2] [T] [thread 7233] [33.0] [cxt 0] straggler.p4(288) Condition "hdr.collective.isValid()" (node_3) is false
[12:52:11.913] [bmv2] [D] [thread 7233] [33.0] [cxt 0] Pipeline 'ingress': end
[12:52:11.913] [bmv2] [D] [thread 7233] [33.0] [cxt 0] Egress port is 511
[12:52:11.913] [bmv2] [D] [thread 7233] [33.0] [cxt 0] Dropping packet at the end of ingress
[12:52:12.018] [bmv2] [D] [thread 7233] [34.0] [cxt 0] Processing packet received on port 3
[12:52:12.018] [bmv2] [D] [thread 7233] [34.0] [cxt 0] Parser 'parser': start
[12:52:12.018] [bmv2] [D] [thread 7233] [34.0] [cxt 0] Parser 'parser' entering state 'start'
[12:52:12.018] [bmv2] [D] [thread 7233] [34.0] [cxt 0] Extracting header 'ethernet'
[12:52:12.018] [bmv2] [D] [thread 7233] [34.0] [cxt 0] Parser state 'start': key is 86dd
[12:52:12.018] [bmv2] [T] [thread 7233] [34.0] [cxt 0] Bytes parsed: 14
[12:52:12.018] [bmv2] [D] [thread 7233] [34.0] [cxt 0] Parser 'parser': end
[12:52:12.018] [bmv2] [D] [thread 7233] [34.0] [cxt 0] Pipeline 'ingress': start
[12:52:12.018] [bmv2] [T] [thread 7233] [34.0] [cxt 0] Applying table 'MyIngress.ipv4_forward'
[12:52:12.018] [bmv2] [D] [thread 7233] [34.0] [cxt 0] Looking up key:
* hdr.ipv4.dstAddr    : 00000000

[12:52:12.018] [bmv2] [D] [thread 7233] [34.0] [cxt 0] Table 'MyIngress.ipv4_forward': miss
[12:52:12.018] [bmv2] [D] [thread 7233] [34.0] [cxt 0] Action entry is MyIngress.drop - 
[12:52:12.018] [bmv2] [T] [thread 7233] [34.0] [cxt 0] Action MyIngress.drop
[12:52:12.018] [bmv2] [T] [thread 7233] [34.0] [cxt 0] straggler.p4(158) Primitive mark_to_drop(standard_metadata)
[12:52:12.019] [bmv2] [T] [thread 7233] [34.0] [cxt 0] straggler.p4(288) Condition "hdr.collective.isValid()" (node_3) is false
[12:52:12.019] [bmv2] [D] [thread 7233] [34.0] [cxt 0] Pipeline 'ingress': end
[12:52:12.019] [bmv2] [D] [thread 7233] [34.0] [cxt 0] Egress port is 511
[12:52:12.019] [bmv2] [D] [thread 7233] [34.0] [cxt 0] Dropping packet at the end of ingress
[12:52:12.019] [bmv2] [D] [thread 7233] [35.0] [cxt 0] Processing packet received on port 3
[12:52:12.019] [bmv2] [D] [thread 7233] [35.0] [cxt 0] Parser 'parser': start
[12:52:12.019] [bmv2] [D] [thread 7233] [35.0] [cxt 0] Parser 'parser' entering state 'start'
[12:52:12.019] [bmv2] [D] [thread 7233] [35.0] [cxt 0] Extracting header 'ethernet'
[12:52:12.019] [bmv2] [D] [thread 7233] [35.0] [cxt 0] Parser state 'start': key is 86dd
[12:52:12.019] [bmv2] [T] [thread 7233] [35.0] [cxt 0] Bytes parsed: 14
[12:52:12.019] [bmv2] [D] [thread 7233] [35.0] [cxt 0] Parser 'parser': end
[12:52:12.019] [bmv2] [D] [thread 7233] [35.0] [cxt 0] Pipeline 'ingress': start
[12:52:12.019] [bmv2] [T] [thread 7233] [35.0] [cxt 0] Applying table 'MyIngress.ipv4_forward'
[12:52:12.019] [bmv2] [D] [thread 7233] [35.0] [cxt 0] Looking up key:
* hdr.ipv4.dstAddr    : 00000000

[12:52:12.019] [bmv2] [D] [thread 7233] [35.0] [cxt 0] Table 'MyIngress.ipv4_forward': miss
[12:52:12.019] [bmv2] [D] [thread 7233] [35.0] [cxt 0] Action entry is MyIngress.drop - 
[12:52:12.019] [bmv2] [T] [thread 7233] [35.0] [cxt 0] Action MyIngress.drop
[12:52:12.019] [bmv2] [T] [thread 7233] [35.0] [cxt 0] straggler.p4(158) Primitive mark_to_drop(standard_metadata)
[12:52:12.019] [bmv2] [T] [thread 7233] [35.0] [cxt 0] straggler.p4(288) Condition "hdr.collective.isValid()" (node_3) is false
[12:52:12.019] [bmv2] [D] [thread 7233] [35.0] [cxt 0] Pipeline 'ingress': end
[12:52:12.019] [bmv2] [D] [thread 7233] [35.0] [cxt 0] Egress port is 511
[12:52:12.019] [bmv2] [D] [thread 7233] [35.0] [cxt 0] Dropping packet at the end of ingress
[12:52:12.020] [bmv2] [D] [thread 7233] [36.0] [cxt 0] Processing packet received on port 3
[12:52:12.020] [bmv2] [D] [thread 7233] [36.0] [cxt 0] Parser 'parser': start
[12:52:12.020] [bmv2] [D] [thread 7233] [36.0] [cxt 0] Parser 'parser' entering state 'start'
[12:52:12.020] [bmv2] [D] [thread 7233] [36.0] [cxt 0] Extracting header 'ethernet'
[12:52:12.020] [bmv2] [D] [thread 7233] [36.0] [cxt 0] Parser state 'start': key is 86dd
[12:52:12.020] [bmv2] [T] [thread 7233] [36.0] [cxt 0] Bytes parsed: 14
[12:52:12.020] [bmv2] [D] [thread 7233] [36.0] [cxt 0] Parser 'parser': end
[12:52:12.020] [bmv2] [D] [thread 7233] [36.0] [cxt 0] Pipeline 'ingress': start
[12:52:12.020] [bmv2] [T] [thread 7233] [36.0] [cxt 0] Applying table 'MyIngress.ipv4_forward'
[12:52:12.020] [bmv2] [D] [thread 7233] [36.0] [cxt 0] Looking up key:
* hdr.ipv4.dstAddr    : 00000000

[12:52:12.020] [bmv2] [D] [thread 7233] [36.0] [cxt 0] Table 'MyIngress.ipv4_forward': miss
[12:52:12.020] [bmv2] [D] [thread 7233] [36.0] [cxt 0] Action entry is MyIngress.drop - 
[12:52:12.020] [bmv2] [T] [thread 7233] [36.0] [cxt 0] Action MyIngress.drop
[12:52:12.020] [bmv2] [T] [thread 7233] [36.0] [cxt 0] straggler.p4(158) Primitive mark_to_drop(standard_metadata)
[12:52:12.020] [bmv2] [T] [thread 7233] [36.0] [cxt 0] straggler.p4(288) Condition "hdr.collective.isValid()" (node_3) is false
[12:52:12.020] [bmv2] [D] [thread 7233] [36.0] [cxt 0] Pipeline 'ingress': end
[12:52:12.020] [bmv2] [D] [thread 7233] [36.0] [cxt 0] Egress port is 511
[12:52:12.020] [bmv2] [D] [thread 7233] [36.0] [cxt 0] Dropping packet at the end of ingress
[12:52:12.048] [bmv2] [D] [thread 7233] [37.0] [cxt 0] Processing packet received on port 1
[12:52:12.048] [bmv2] [D] [thread 7233] [37.0] [cxt 0] Parser 'parser': start
[12:52:12.049] [bmv2] [D] [thread 7233] [37.0] [cxt 0] Parser 'parser' entering state 'start'
[12:52:12.049] [bmv2] [D] [thread 7233] [37.0] [cxt 0] Extracting header 'ethernet'
[12:52:12.049] [bmv2] [D] [thread 7233] [37.0] [cxt 0] Parser state 'start': key is 86dd
[12:52:12.049] [bmv2] [T] [thread 7233] [37.0] [cxt 0] Bytes parsed: 14
[12:52:12.049] [bmv2] [D] [thread 7233] [37.0] [cxt 0] Parser 'parser': end
[12:52:12.049] [bmv2] [D] [thread 7233] [37.0] [cxt 0] Pipeline 'ingress': start
[12:52:12.049] [bmv2] [T] [thread 7233] [37.0] [cxt 0] Applying table 'MyIngress.ipv4_forward'
[12:52:12.049] [bmv2] [D] [thread 7233] [37.0] [cxt 0] Looking up key:
* hdr.ipv4.dstAddr    : 00000000

[12:52:12.049] [bmv2] [D] [thread 7233] [37.0] [cxt 0] Table 'MyIngress.ipv4_forward': miss
[12:52:12.049] [bmv2] [D] [thread 7233] [37.0] [cxt 0] Action entry is MyIngress.drop - 
[12:52:12.049] [bmv2] [T] [thread 7233] [37.0] [cxt 0] Action MyIngress.drop
[12:52:12.049] [bmv2] [T] [thread 7233] [37.0] [cxt 0] straggler.p4(158) Primitive mark_to_drop(standard_metadata)
[12:52:12.049] [bmv2] [T] [thread 7233] [37.0] [cxt 0] straggler.p4(288) Condition "hdr.collective.isValid()" (node_3) is false
[12:52:12.049] [bmv2] [D] [thread 7233] [37.0] [cxt 0] Pipeline 'ingress': end
[12:52:12.049] [bmv2] [D] [thread 7233] [37.0] [cxt 0] Egress port is 511
[12:52:12.049] [bmv2] [D] [thread 7233] [37.0] [cxt 0] Dropping packet at the end of ingress
[12:52:12.049] [bmv2] [D] [thread 7233] [38.0] [cxt 0] Processing packet received on port 2
[12:52:12.049] [bmv2] [D] [thread 7233] [38.0] [cxt 0] Parser 'parser': start
[12:52:12.049] [bmv2] [D] [thread 7233] [38.0] [cxt 0] Parser 'parser' entering state 'start'
[12:52:12.049] [bmv2] [D] [thread 7233] [38.0] [cxt 0] Extracting header 'ethernet'
[12:52:12.049] [bmv2] [D] [thread 7233] [38.0] [cxt 0] Parser state 'start': key is 86dd
[12:52:12.049] [bmv2] [T] [thread 7233] [38.0] [cxt 0] Bytes parsed: 14
[12:52:12.049] [bmv2] [D] [thread 7233] [38.0] [cxt 0] Parser 'parser': end
[12:52:12.049] [bmv2] [D] [thread 7233] [38.0] [cxt 0] Pipeline 'ingress': start
[12:52:12.049] [bmv2] [T] [thread 7233] [38.0] [cxt 0] Applying table 'MyIngress.ipv4_forward'
[12:52:12.049] [bmv2] [D] [thread 7233] [38.0] [cxt 0] Looking up key:
* hdr.ipv4.dstAddr    : 00000000

[12:52:12.049] [bmv2] [D] [thread 7233] [38.0] [cxt 0] Table 'MyIngress.ipv4_forward': miss
[12:52:12.049] [bmv2] [D] [thread 7233] [38.0] [cxt 0] Action entry is MyIngress.drop - 
[12:52:12.049] [bmv2] [T] [thread 7233] [38.0] [cxt 0] Action MyIngress.drop
[12:52:12.049] [bmv2] [T] [thread 7233] [38.0] [cxt 0] straggler.p4(158) Primitive mark_to_drop(standard_metadata)
[12:52:12.049] [bmv2] [T] [thread 7233] [38.0] [cxt 0] straggler.p4(288) Condition "hdr.collective.isValid()" (node_3) is false
[12:52:12.049] [bmv2] [D] [thread 7233] [38.0] [cxt 0] Pipeline 'ingress': end
[12:52:12.049] [bmv2] [D] [thread 7233] [38.0] [cxt 0] Egress port is 511
[12:52:12.049] [bmv2] [D] [thread 7233] [38.0] [cxt 0] Dropping packet at the end of ingress
[12:52:12.049] [bmv2] [D] [thread 7233] [39.0] [cxt 0] Processing packet received on port 3
[12:52:12.049] [bmv2] [D] [thread 7233] [39.0] [cxt 0] Parser 'parser': start
[12:52:12.049] [bmv2] [D] [thread 7233] [39.0] [cxt 0] Parser 'parser' entering state 'start'
[12:52:12.049] [bmv2] [D] [thread 7233] [39.0] [cxt 0] Extracting header 'ethernet'
[12:52:12.049] [bmv2] [D] [thread 7233] [39.0] [cxt 0] Parser state 'start': key is 86dd
[12:52:12.049] [bmv2] [T] [thread 7233] [39.0] [cxt 0] Bytes parsed: 14
[12:52:12.049] [bmv2] [D] [thread 7233] [39.0] [cxt 0] Parser 'parser': end
[12:52:12.049] [bmv2] [D] [thread 7233] [39.0] [cxt 0] Pipeline 'ingress': start
[12:52:12.049] [bmv2] [T] [thread 7233] [39.0] [cxt 0] Applying table 'MyIngress.ipv4_forward'
[12:52:12.049] [bmv2] [D] [thread 7233] [39.0] [cxt 0] Looking up key:
* hdr.ipv4.dstAddr    : 00000000

[12:52:12.049] [bmv2] [D] [thread 7233] [39.0] [cxt 0] Table 'MyIngress.ipv4_forward': miss
[12:52:12.049] [bmv2] [D] [thread 7233] [39.0] [cxt 0] Action entry is MyIngress.drop - 
[12:52:12.049] [bmv2] [T] [thread 7233] [39.0] [cxt 0] Action MyIngress.drop
[12:52:12.049] [bmv2] [T] [thread 7233] [39.0] [cxt 0] straggler.p4(158) Primitive mark_to_drop(standard_metadata)
[12:52:12.049] [bmv2] [T] [thread 7233] [39.0] [cxt 0] straggler.p4(288) Condition "hdr.collective.isValid()" (node_3) is false
[12:52:12.049] [bmv2] [D] [thread 7233] [39.0] [cxt 0] Pipeline 'ingress': end
[12:52:12.049] [bmv2] [D] [thread 7233] [39.0] [cxt 0] Egress port is 511
[12:52:12.049] [bmv2] [D] [thread 7233] [39.0] [cxt 0] Dropping packet at the end of ingress
[12:52:12.081] [bmv2] [D] [thread 7233] [40.0] [cxt 0] Processing packet received on port 4
[12:52:12.081] [bmv2] [D] [thread 7233] [40.0] [cxt 0] Parser 'parser': start
[12:52:12.081] [bmv2] [D] [thread 7233] [40.0] [cxt 0] Parser 'parser' entering state 'start'
[12:52:12.081] [bmv2] [D] [thread 7233] [40.0] [cxt 0] Extracting header 'ethernet'
[12:52:12.081] [bmv2] [D] [thread 7233] [40.0] [cxt 0] Parser state 'start': key is 86dd
[12:52:12.081] [bmv2] [T] [thread 7233] [40.0] [cxt 0] Bytes parsed: 14
[12:52:12.081] [bmv2] [D] [thread 7233] [40.0] [cxt 0] Parser 'parser': end
[12:52:12.081] [bmv2] [D] [thread 7233] [40.0] [cxt 0] Pipeline 'ingress': start
[12:52:12.081] [bmv2] [T] [thread 7233] [40.0] [cxt 0] Applying table 'MyIngress.ipv4_forward'
[12:52:12.081] [bmv2] [D] [thread 7233] [40.0] [cxt 0] Looking up key:
* hdr.ipv4.dstAddr    : 00000000

[12:52:12.081] [bmv2] [D] [thread 7233] [40.0] [cxt 0] Table 'MyIngress.ipv4_forward': miss
[12:52:12.081] [bmv2] [D] [thread 7233] [40.0] [cxt 0] Action entry is MyIngress.drop - 
[12:52:12.081] [bmv2] [T] [thread 7233] [40.0] [cxt 0] Action MyIngress.drop
[12:52:12.081] [bmv2] [T] [thread 7233] [40.0] [cxt 0] straggler.p4(158) Primitive mark_to_drop(standard_metadata)
[12:52:12.081] [bmv2] [T] [thread 7233] [40.0] [cxt 0] straggler.p4(288) Condition "hdr.collective.isValid()" (node_3) is false
[12:52:12.081] [bmv2] [D] [thread 7233] [40.0] [cxt 0] Pipeline 'ingress': end
[12:52:12.081] [bmv2] [D] [thread 7233] [40.0] [cxt 0] Egress port is 511
[12:52:12.081] [bmv2] [D] [thread 7233] [40.0] [cxt 0] Dropping packet at the end of ingress
[12:52:12.081] [bmv2] [D] [thread 7233] [41.0] [cxt 0] Processing packet received on port 4
[12:52:12.081] [bmv2] [D] [thread 7233] [41.0] [cxt 0] Parser 'parser': start
[12:52:12.081] [bmv2] [D] [thread 7233] [41.0] [cxt 0] Parser 'parser' entering state 'start'
[12:52:12.081] [bmv2] [D] [thread 7233] [41.0] [cxt 0] Extracting header 'ethernet'
[12:52:12.081] [bmv2] [D] [thread 7233] [41.0] [cxt 0] Parser state 'start': key is 86dd
[12:52:12.081] [bmv2] [T] [thread 7233] [41.0] [cxt 0] Bytes parsed: 14
[12:52:12.081] [bmv2] [D] [thread 7233] [41.0] [cxt 0] Parser 'parser': end
[12:52:12.081] [bmv2] [D] [thread 7233] [41.0] [cxt 0] Pipeline 'ingress': start
[12:52:12.081] [bmv2] [T] [thread 7233] [41.0] [cxt 0] Applying table 'MyIngress.ipv4_forward'
[12:52:12.081] [bmv2] [D] [thread 7233] [41.0] [cxt 0] Looking up key:
* hdr.ipv4.dstAddr    : 00000000

[12:52:12.081] [bmv2] [D] [thread 7233] [41.0] [cxt 0] Table 'MyIngress.ipv4_forward': miss
[12:52:12.081] [bmv2] [D] [thread 7233] [41.0] [cxt 0] Action entry is MyIngress.drop - 
[12:52:12.081] [bmv2] [T] [thread 7233] [41.0] [cxt 0] Action MyIngress.drop
[12:52:12.081] [bmv2] [T] [thread 7233] [41.0] [cxt 0] straggler.p4(158) Primitive mark_to_drop(standard_metadata)
[12:52:12.081] [bmv2] [T] [thread 7233] [41.0] [cxt 0] straggler.p4(288) Condition "hdr.collective.isValid()" (node_3) is false
[12:52:12.081] [bmv2] [D] [thread 7233] [41.0] [cxt 0] Pipeline 'ingress': end
[12:52:12.081] [bmv2] [D] [thread 7233] [41.0] [cxt 0] Egress port is 511
[12:52:12.081] [bmv2] [D] [thread 7233] [41.0] [cxt 0] Dropping packet at the end of ingress
[12:52:12.081] [bmv2] [D] [thread 7233] [42.0] [cxt 0] Processing packet received on port 4
[12:52:12.081] [bmv2] [D] [thread 7233] [42.0] [cxt 0] Parser 'parser': start
[12:52:12.081] [bmv2] [D] [thread 7233] [42.0] [cxt 0] Parser 'parser' entering state 'start'
[12:52:12.081] [bmv2] [D] [thread 7233] [42.0] [cxt 0] Extracting header 'ethernet'
[12:52:12.081] [bmv2] [D] [thread 7233] [42.0] [cxt 0] Parser state 'start': key is 86dd
[12:52:12.082] [bmv2] [T] [thread 7233] [42.0] [cxt 0] Bytes parsed: 14
[12:52:12.082] [bmv2] [D] [thread 7233] [42.0] [cxt 0] Parser 'parser': end
[12:52:12.082] [bmv2] [D] [thread 7233] [42.0] [cxt 0] Pipeline 'ingress': start
[12:52:12.082] [bmv2] [T] [thread 7233] [42.0] [cxt 0] Applying table 'MyIngress.ipv4_forward'
[12:52:12.082] [bmv2] [D] [thread 7233] [42.0] [cxt 0] Looking up key:
* hdr.ipv4.dstAddr    : 00000000

[12:52:12.082] [bmv2] [D] [thread 7233] [42.0] [cxt 0] Table 'MyIngress.ipv4_forward': miss
[12:52:12.082] [bmv2] [D] [thread 7233] [42.0] [cxt 0] Action entry is MyIngress.drop - 
[12:52:12.082] [bmv2] [T] [thread 7233] [42.0] [cxt 0] Action MyIngress.drop
[12:52:12.082] [bmv2] [T] [thread 7233] [42.0] [cxt 0] straggler.p4(158) Primitive mark_to_drop(standard_metadata)
[12:52:12.082] [bmv2] [T] [thread 7233] [42.0] [cxt 0] straggler.p4(288) Condition "hdr.collective.isValid()" (node_3) is false
[12:52:12.082] [bmv2] [D] [thread 7233] [42.0] [cxt 0] Pipeline 'ingress': end
[12:52:12.082] [bmv2] [D] [thread 7233] [42.0] [cxt 0] Egress port is 511
[12:52:12.082] [bmv2] [D] [thread 7233] [42.0] [cxt 0] Dropping packet at the end of ingress
[12:52:12.082] [bmv2] [D] [thread 7233] [43.0] [cxt 0] Processing packet received on port 4
[12:52:12.082] [bmv2] [D] [thread 7233] [43.0] [cxt 0] Parser 'parser': start
[12:52:12.083] [bmv2] [D] [thread 7233] [43.0] [cxt 0] Parser 'parser' entering state 'start'
[12:52:12.083] [bmv2] [D] [thread 7233] [43.0] [cxt 0] Extracting header 'ethernet'
[12:52:12.083] [bmv2] [D] [thread 7233] [43.0] [cxt 0] Parser state 'start': key is 86dd
[12:52:12.083] [bmv2] [T] [thread 7233] [43.0] [cxt 0] Bytes parsed: 14
[12:52:12.083] [bmv2] [D] [thread 7233] [43.0] [cxt 0] Parser 'parser': end
[12:52:12.083] [bmv2] [D] [thread 7233] [43.0] [cxt 0] Pipeline 'ingress': start
[12:52:12.083] [bmv2] [T] [thread 7233] [43.0] [cxt 0] Applying table 'MyIngress.ipv4_forward'
[12:52:12.083] [bmv2] [D] [thread 7233] [43.0] [cxt 0] Looking up key:
* hdr.ipv4.dstAddr    : 00000000

[12:52:12.083] [bmv2] [D] [thread 7233] [43.0] [cxt 0] Table 'MyIngress.ipv4_forward': miss
[12:52:12.083] [bmv2] [D] [thread 7233] [43.0] [cxt 0] Action entry is MyIngress.drop - 
[12:52:12.083] [bmv2] [T] [thread 7233] [43.0] [cxt 0] Action MyIngress.drop
[12:52:12.083] [bmv2] [T] [thread 7233] [43.0] [cxt 0] straggler.p4(158) Primitive mark_to_drop(standard_metadata)
[12:52:12.083] [bmv2] [T] [thread 7233] [43.0] [cxt 0] straggler.p4(288) Condition "hdr.collective.isValid()" (node_3) is false
[12:52:12.083] [bmv2] [D] [thread 7233] [43.0] [cxt 0] Pipeline 'ingress': end
[12:52:12.083] [bmv2] [D] [thread 7233] [43.0] [cxt 0] Egress port is 511
[12:52:12.083] [bmv2] [D] [thread 7233] [43.0] [cxt 0] Dropping packet at the end of ingress
[12:52:12.104] [bmv2] [D] [thread 7233] [44.0] [cxt 0] Processing packet received on port 4
[12:52:12.104] [bmv2] [D] [thread 7233] [44.0] [cxt 0] Parser 'parser': start
[12:52:12.104] [bmv2] [D] [thread 7233] [44.0] [cxt 0] Parser 'parser' entering state 'start'
[12:52:12.104] [bmv2] [D] [thread 7233] [44.0] [cxt 0] Extracting header 'ethernet'
[12:52:12.104] [bmv2] [D] [thread 7233] [44.0] [cxt 0] Parser state 'start': key is 86dd
[12:52:12.104] [bmv2] [T] [thread 7233] [44.0] [cxt 0] Bytes parsed: 14
[12:52:12.104] [bmv2] [D] [thread 7233] [44.0] [cxt 0] Parser 'parser': end
[12:52:12.104] [bmv2] [D] [thread 7233] [44.0] [cxt 0] Pipeline 'ingress': start
[12:52:12.104] [bmv2] [T] [thread 7233] [44.0] [cxt 0] Applying table 'MyIngress.ipv4_forward'
[12:52:12.105] [bmv2] [D] [thread 7233] [44.0] [cxt 0] Looking up key:
* hdr.ipv4.dstAddr    : 00000000

[12:52:12.105] [bmv2] [D] [thread 7233] [44.0] [cxt 0] Table 'MyIngress.ipv4_forward': miss
[12:52:12.105] [bmv2] [D] [thread 7233] [44.0] [cxt 0] Action entry is MyIngress.drop - 
[12:52:12.105] [bmv2] [T] [thread 7233] [44.0] [cxt 0] Action MyIngress.drop
[12:52:12.105] [bmv2] [T] [thread 7233] [44.0] [cxt 0] straggler.p4(158) Primitive mark_to_drop(standard_metadata)
[12:52:12.105] [bmv2] [T] [thread 7233] [44.0] [cxt 0] straggler.p4(288) Condition "hdr.collective.isValid()" (node_3) is false
[12:52:12.105] [bmv2] [D] [thread 7233] [44.0] [cxt 0] Pipeline 'ingress': end
[12:52:12.105] [bmv2] [D] [thread 7233] [44.0] [cxt 0] Egress port is 511
[12:52:12.105] [bmv2] [D] [thread 7233] [44.0] [cxt 0] Dropping packet at the end of ingress
[12:52:12.117] [bmv2] [D] [thread 7233] [45.0] [cxt 0] Processing packet received on port 3
[12:52:12.117] [bmv2] [D] [thread 7233] [45.0] [cxt 0] Parser 'parser': start
[12:52:12.117] [bmv2] [D] [thread 7233] [45.0] [cxt 0] Parser 'parser' entering state 'start'
[12:52:12.117] [bmv2] [D] [thread 7233] [45.0] [cxt 0] Extracting header 'ethernet'
[12:52:12.117] [bmv2] [D] [thread 7233] [45.0] [cxt 0] Parser state 'start': key is 86dd
[12:52:12.117] [bmv2] [T] [thread 7233] [45.0] [cxt 0] Bytes parsed: 14
[12:52:12.117] [bmv2] [D] [thread 7233] [45.0] [cxt 0] Parser 'parser': end
[12:52:12.117] [bmv2] [D] [thread 7233] [45.0] [cxt 0] Pipeline 'ingress': start
[12:52:12.117] [bmv2] [T] [thread 7233] [45.0] [cxt 0] Applying table 'MyIngress.ipv4_forward'
[12:52:12.117] [bmv2] [D] [thread 7233] [45.0] [cxt 0] Looking up key:
* hdr.ipv4.dstAddr    : 00000000

[12:52:12.117] [bmv2] [D] [thread 7233] [45.0] [cxt 0] Table 'MyIngress.ipv4_forward': miss
[12:52:12.117] [bmv2] [D] [thread 7233] [45.0] [cxt 0] Action entry is MyIngress.drop - 
[12:52:12.117] [bmv2] [T] [thread 7233] [45.0] [cxt 0] Action MyIngress.drop
[12:52:12.117] [bmv2] [T] [thread 7233] [45.0] [cxt 0] straggler.p4(158) Primitive mark_to_drop(standard_metadata)
[12:52:12.117] [bmv2] [T] [thread 7233] [45.0] [cxt 0] straggler.p4(288) Condition "hdr.collective.isValid()" (node_3) is false
[12:52:12.117] [bmv2] [D] [thread 7233] [45.0] [cxt 0] Pipeline 'ingress': end
[12:52:12.117] [bmv2] [D] [thread 7233] [45.0] [cxt 0] Egress port is 511
[12:52:12.117] [bmv2] [D] [thread 7233] [45.0] [cxt 0] Dropping packet at the end of ingress
[12:52:12.117] [bmv2] [D] [thread 7233] [46.0] [cxt 0] Processing packet received on port 3
[12:52:12.117] [bmv2] [D] [thread 7233] [46.0] [cxt 0] Parser 'parser': start
[12:52:12.117] [bmv2] [D] [thread 7233] [46.0] [cxt 0] Parser 'parser' entering state 'start'
[12:52:12.117] [bmv2] [D] [thread 7233] [46.0] [cxt 0] Extracting header 'ethernet'
[12:52:12.117] [bmv2] [D] [thread 7233] [46.0] [cxt 0] Parser state 'start': key is 86dd
[12:52:12.117] [bmv2] [T] [thread 7233] [46.0] [cxt 0] Bytes parsed: 14
[12:52:12.117] [bmv2] [D] [thread 7233] [46.0] [cxt 0] Parser 'parser': end
[12:52:12.117] [bmv2] [D] [thread 7233] [46.0] [cxt 0] Pipeline 'ingress': start
[12:52:12.117] [bmv2] [T] [thread 7233] [46.0] [cxt 0] Applying table 'MyIngress.ipv4_forward'
[12:52:12.117] [bmv2] [D] [thread 7233] [46.0] [cxt 0] Looking up key:
* hdr.ipv4.dstAddr    : 00000000

[12:52:12.117] [bmv2] [D] [thread 7233] [46.0] [cxt 0] Table 'MyIngress.ipv4_forward': miss
[12:52:12.117] [bmv2] [D] [thread 7233] [46.0] [cxt 0] Action entry is MyIngress.drop - 
[12:52:12.117] [bmv2] [T] [thread 7233] [46.0] [cxt 0] Action MyIngress.drop
[12:52:12.117] [bmv2] [T] [thread 7233] [46.0] [cxt 0] straggler.p4(158) Primitive mark_to_drop(standard_metadata)
[12:52:12.117] [bmv2] [T] [thread 7233] [46.0] [cxt 0] straggler.p4(288) Condition "hdr.collective.isValid()" (node_3) is false
[12:52:12.117] [bmv2] [D] [thread 7233] [46.0] [cxt 0] Pipeline 'ingress': end
[12:52:12.117] [bmv2] [D] [thread 7233] [46.0] [cxt 0] Egress port is 511
[12:52:12.117] [bmv2] [D] [thread 7233] [46.0] [cxt 0] Dropping packet at the end of ingress
[12:52:12.179] [bmv2] [D] [thread 7233] [47.0] [cxt 0] Processing packet received on port 4
[12:52:12.179] [bmv2] [D] [thread 7233] [47.0] [cxt 0] Parser 'parser': start
[12:52:12.179] [bmv2] [D] [thread 7233] [47.0] [cxt 0] Parser 'parser' entering state 'start'
[12:52:12.179] [bmv2] [D] [thread 7233] [47.0] [cxt 0] Extracting header 'ethernet'
[12:52:12.179] [bmv2] [D] [thread 7233] [47.0] [cxt 0] Parser state 'start': key is 86dd
[12:52:12.179] [bmv2] [T] [thread 7233] [47.0] [cxt 0] Bytes parsed: 14
[12:52:12.179] [bmv2] [D] [thread 7233] [47.0] [cxt 0] Parser 'parser': end
[12:52:12.179] [bmv2] [D] [thread 7233] [47.0] [cxt 0] Pipeline 'ingress': start
[12:52:12.179] [bmv2] [T] [thread 7233] [47.0] [cxt 0] Applying table 'MyIngress.ipv4_forward'
[12:52:12.179] [bmv2] [D] [thread 7233] [47.0] [cxt 0] Looking up key:
* hdr.ipv4.dstAddr    : 00000000

[12:52:12.179] [bmv2] [D] [thread 7233] [47.0] [cxt 0] Table 'MyIngress.ipv4_forward': miss
[12:52:12.179] [bmv2] [D] [thread 7233] [47.0] [cxt 0] Action entry is MyIngress.drop - 
[12:52:12.179] [bmv2] [T] [thread 7233] [47.0] [cxt 0] Action MyIngress.drop
[12:52:12.179] [bmv2] [T] [thread 7233] [47.0] [cxt 0] straggler.p4(158) Primitive mark_to_drop(standard_metadata)
[12:52:12.179] [bmv2] [T] [thread 7233] [47.0] [cxt 0] straggler.p4(288) Condition "hdr.collective.isValid()" (node_3) is false
[12:52:12.179] [bmv2] [D] [thread 7233] [47.0] [cxt 0] Pipeline 'ingress': end
[12:52:12.179] [bmv2] [D] [thread 7233] [47.0] [cxt 0] Egress port is 511
[12:52:12.179] [bmv2] [D] [thread 7233] [47.0] [cxt 0] Dropping packet at the end of ingress
[12:52:12.181] [bmv2] [D] [thread 7233] [48.0] [cxt 0] Processing packet received on port 4
[12:52:12.181] [bmv2] [D] [thread 7233] [48.0] [cxt 0] Parser 'parser': start
[12:52:12.181] [bmv2] [D] [thread 7233] [48.0] [cxt 0] Parser 'parser' entering state 'start'
[12:52:12.181] [bmv2] [D] [thread 7233] [48.0] [cxt 0] Extracting header 'ethernet'
[12:52:12.181] [bmv2] [D] [thread 7233] [48.0] [cxt 0] Parser state 'start': key is 86dd
[12:52:12.181] [bmv2] [T] [thread 7233] [48.0] [cxt 0] Bytes parsed: 14
[12:52:12.181] [bmv2] [D] [thread 7233] [48.0] [cxt 0] Parser 'parser': end
[12:52:12.181] [bmv2] [D] [thread 7233] [48.0] [cxt 0] Pipeline 'ingress': start
[12:52:12.181] [bmv2] [T] [thread 7233] [48.0] [cxt 0] Applying table 'MyIngress.ipv4_forward'
[12:52:12.181] [bmv2] [D] [thread 7233] [48.0] [cxt 0] Looking up key:
* hdr.ipv4.dstAddr    : 00000000

[12:52:12.181] [bmv2] [D] [thread 7233] [48.0] [cxt 0] Table 'MyIngress.ipv4_forward': miss
[12:52:12.181] [bmv2] [D] [thread 7233] [48.0] [cxt 0] Action entry is MyIngress.drop - 
[12:52:12.181] [bmv2] [T] [thread 7233] [48.0] [cxt 0] Action MyIngress.drop
[12:52:12.181] [bmv2] [T] [thread 7233] [48.0] [cxt 0] straggler.p4(158) Primitive mark_to_drop(standard_metadata)
[12:52:12.181] [bmv2] [T] [thread 7233] [48.0] [cxt 0] straggler.p4(288) Condition "hdr.collective.isValid()" (node_3) is false
[12:52:12.181] [bmv2] [D] [thread 7233] [48.0] [cxt 0] Pipeline 'ingress': end
[12:52:12.181] [bmv2] [D] [thread 7233] [48.0] [cxt 0] Egress port is 511
[12:52:12.181] [bmv2] [D] [thread 7233] [48.0] [cxt 0] Dropping packet at the end of ingress
[12:52:12.248] [bmv2] [D] [thread 7233] [49.0] [cxt 0] Processing packet received on port 2
[12:52:12.248] [bmv2] [D] [thread 7233] [49.0] [cxt 0] Parser 'parser': start
[12:52:12.248] [bmv2] [D] [thread 7233] [49.0] [cxt 0] Parser 'parser' entering state 'start'
[12:52:12.248] [bmv2] [D] [thread 7233] [49.0] [cxt 0] Extracting header 'ethernet'
[12:52:12.248] [bmv2] [D] [thread 7233] [49.0] [cxt 0] Parser state 'start': key is 86dd
[12:52:12.248] [bmv2] [T] [thread 7233] [49.0] [cxt 0] Bytes parsed: 14
[12:52:12.249] [bmv2] [D] [thread 7233] [49.0] [cxt 0] Parser 'parser': end
[12:52:12.249] [bmv2] [D] [thread 7233] [49.0] [cxt 0] Pipeline 'ingress': start
[12:52:12.249] [bmv2] [T] [thread 7233] [49.0] [cxt 0] Applying table 'MyIngress.ipv4_forward'
[12:52:12.249] [bmv2] [D] [thread 7233] [49.0] [cxt 0] Looking up key:
* hdr.ipv4.dstAddr    : 00000000

[12:52:12.249] [bmv2] [D] [thread 7233] [49.0] [cxt 0] Table 'MyIngress.ipv4_forward': miss
[12:52:12.249] [bmv2] [D] [thread 7233] [49.0] [cxt 0] Action entry is MyIngress.drop - 
[12:52:12.249] [bmv2] [T] [thread 7233] [49.0] [cxt 0] Action MyIngress.drop
[12:52:12.249] [bmv2] [T] [thread 7233] [49.0] [cxt 0] straggler.p4(158) Primitive mark_to_drop(standard_metadata)
[12:52:12.249] [bmv2] [T] [thread 7233] [49.0] [cxt 0] straggler.p4(288) Condition "hdr.collective.isValid()" (node_3) is false
[12:52:12.249] [bmv2] [D] [thread 7233] [49.0] [cxt 0] Pipeline 'ingress': end
[12:52:12.249] [bmv2] [D] [thread 7233] [49.0] [cxt 0] Egress port is 511
[12:52:12.249] [bmv2] [D] [thread 7233] [49.0] [cxt 0] Dropping packet at the end of ingress
[12:52:12.249] [bmv2] [D] [thread 7233] [50.0] [cxt 0] Processing packet received on port 3
[12:52:12.249] [bmv2] [D] [thread 7233] [50.0] [cxt 0] Parser 'parser': start
[12:52:12.249] [bmv2] [D] [thread 7233] [50.0] [cxt 0] Parser 'parser' entering state 'start'
[12:52:12.249] [bmv2] [D] [thread 7233] [50.0] [cxt 0] Extracting header 'ethernet'
[12:52:12.249] [bmv2] [D] [thread 7233] [50.0] [cxt 0] Parser state 'start': key is 86dd
[12:52:12.249] [bmv2] [T] [thread 7233] [50.0] [cxt 0] Bytes parsed: 14
[12:52:12.249] [bmv2] [D] [thread 7233] [50.0] [cxt 0] Parser 'parser': end
[12:52:12.249] [bmv2] [D] [thread 7233] [50.0] [cxt 0] Pipeline 'ingress': start
[12:52:12.249] [bmv2] [T] [thread 7233] [50.0] [cxt 0] Applying table 'MyIngress.ipv4_forward'
[12:52:12.249] [bmv2] [D] [thread 7233] [50.0] [cxt 0] Looking up key:
* hdr.ipv4.dstAddr    : 00000000

[12:52:12.249] [bmv2] [D] [thread 7233] [50.0] [cxt 0] Table 'MyIngress.ipv4_forward': miss
[12:52:12.249] [bmv2] [D] [thread 7233] [50.0] [cxt 0] Action entry is MyIngress.drop - 
[12:52:12.249] [bmv2] [T] [thread 7233] [50.0] [cxt 0] Action MyIngress.drop
[12:52:12.249] [bmv2] [T] [thread 7233] [50.0] [cxt 0] straggler.p4(158) Primitive mark_to_drop(standard_metadata)
[12:52:12.249] [bmv2] [T] [thread 7233] [50.0] [cxt 0] straggler.p4(288) Condition "hdr.collective.isValid()" (node_3) is false
[12:52:12.249] [bmv2] [D] [thread 7233] [50.0] [cxt 0] Pipeline 'ingress': end
[12:52:12.249] [bmv2] [D] [thread 7233] [50.0] [cxt 0] Egress port is 511
[12:52:12.249] [bmv2] [D] [thread 7233] [50.0] [cxt 0] Dropping packet at the end of ingress
[12:52:12.256] [bmv2] [D] [thread 7233] [51.0] [cxt 0] Processing packet received on port 4
[12:52:12.256] [bmv2] [D] [thread 7233] [51.0] [cxt 0] Parser 'parser': start
[12:52:12.256] [bmv2] [D] [thread 7233] [51.0] [cxt 0] Parser 'parser' entering state 'start'
[12:52:12.256] [bmv2] [D] [thread 7233] [51.0] [cxt 0] Extracting header 'ethernet'
[12:52:12.256] [bmv2] [D] [thread 7233] [51.0] [cxt 0] Parser state 'start': key is 86dd
[12:52:12.256] [bmv2] [T] [thread 7233] [51.0] [cxt 0] Bytes parsed: 14
[12:52:12.256] [bmv2] [D] [thread 7233] [51.0] [cxt 0] Parser 'parser': end
[12:52:12.256] [bmv2] [D] [thread 7233] [51.0] [cxt 0] Pipeline 'ingress': start
[12:52:12.256] [bmv2] [T] [thread 7233] [51.0] [cxt 0] Applying table 'MyIngress.ipv4_forward'
[12:52:12.256] [bmv2] [D] [thread 7233] [51.0] [cxt 0] Looking up key:
* hdr.ipv4.dstAddr    : 00000000

[12:52:12.256] [bmv2] [D] [thread 7233] [51.0] [cxt 0] Table 'MyIngress.ipv4_forward': miss
[12:52:12.256] [bmv2] [D] [thread 7233] [51.0] [cxt 0] Action entry is MyIngress.drop - 
[12:52:12.256] [bmv2] [T] [thread 7233] [51.0] [cxt 0] Action MyIngress.drop
[12:52:12.256] [bmv2] [T] [thread 7233] [51.0] [cxt 0] straggler.p4(158) Primitive mark_to_drop(standard_metadata)
[12:52:12.256] [bmv2] [T] [thread 7233] [51.0] [cxt 0] straggler.p4(288) Condition "hdr.collective.isValid()" (node_3) is false
[12:52:12.256] [bmv2] [D] [thread 7233] [51.0] [cxt 0] Pipeline 'ingress': end
[12:52:12.256] [bmv2] [D] [thread 7233] [51.0] [cxt 0] Egress port is 511
[12:52:12.256] [bmv2] [D] [thread 7233] [51.0] [cxt 0] Dropping packet at the end of ingress
[12:52:12.272] [bmv2] [D] [thread 7233] [52.0] [cxt 0] Processing packet received on port 4
[12:52:12.272] [bmv2] [D] [thread 7233] [52.0] [cxt 0] Parser 'parser': start
[12:52:12.272] [bmv2] [D] [thread 7233] [52.0] [cxt 0] Parser 'parser' entering state 'start'
[12:52:12.272] [bmv2] [D] [thread 7233] [52.0] [cxt 0] Extracting header 'ethernet'
[12:52:12.272] [bmv2] [D] [thread 7233] [52.0] [cxt 0] Parser state 'start': key is 86dd
[12:52:12.272] [bmv2] [T] [thread 7233] [52.0] [cxt 0] Bytes parsed: 14
[12:52:12.272] [bmv2] [D] [thread 7233] [52.0] [cxt 0] Parser 'parser': end
[12:52:12.273] [bmv2] [D] [thread 7233] [52.0] [cxt 0] Pipeline 'ingress': start
[12:52:12.273] [bmv2] [T] [thread 7233] [52.0] [cxt 0] Applying table 'MyIngress.ipv4_forward'
[12:52:12.273] [bmv2] [D] [thread 7233] [52.0] [cxt 0] Looking up key:
* hdr.ipv4.dstAddr    : 00000000

[12:52:12.273] [bmv2] [D] [thread 7233] [52.0] [cxt 0] Table 'MyIngress.ipv4_forward': miss
[12:52:12.273] [bmv2] [D] [thread 7233] [52.0] [cxt 0] Action entry is MyIngress.drop - 
[12:52:12.273] [bmv2] [T] [thread 7233] [52.0] [cxt 0] Action MyIngress.drop
[12:52:12.273] [bmv2] [T] [thread 7233] [52.0] [cxt 0] straggler.p4(158) Primitive mark_to_drop(standard_metadata)
[12:52:12.273] [bmv2] [T] [thread 7233] [52.0] [cxt 0] straggler.p4(288) Condition "hdr.collective.isValid()" (node_3) is false
[12:52:12.273] [bmv2] [D] [thread 7233] [52.0] [cxt 0] Pipeline 'ingress': end
[12:52:12.273] [bmv2] [D] [thread 7233] [52.0] [cxt 0] Egress port is 511
[12:52:12.273] [bmv2] [D] [thread 7233] [52.0] [cxt 0] Dropping packet at the end of ingress
[12:52:12.299] [bmv2] [D] [thread 7233] [53.0] [cxt 0] Processing packet received on port 1
[12:52:12.299] [bmv2] [D] [thread 7233] [53.0] [cxt 0] Parser 'parser': start
[12:52:12.299] [bmv2] [D] [thread 7233] [53.0] [cxt 0] Parser 'parser' entering state 'start'
[12:52:12.299] [bmv2] [D] [thread 7233] [53.0] [cxt 0] Extracting header 'ethernet'
[12:52:12.299] [bmv2] [D] [thread 7233] [53.0] [cxt 0] Parser state 'start': key is 86dd
[12:52:12.299] [bmv2] [T] [thread 7233] [53.0] [cxt 0] Bytes parsed: 14
[12:52:12.299] [bmv2] [D] [thread 7233] [53.0] [cxt 0] Parser 'parser': end
[12:52:12.299] [bmv2] [D] [thread 7233] [53.0] [cxt 0] Pipeline 'ingress': start
[12:52:12.299] [bmv2] [T] [thread 7233] [53.0] [cxt 0] Applying table 'MyIngress.ipv4_forward'
[12:52:12.299] [bmv2] [D] [thread 7233] [53.0] [cxt 0] Looking up key:
* hdr.ipv4.dstAddr    : 00000000

[12:52:12.299] [bmv2] [D] [thread 7233] [53.0] [cxt 0] Table 'MyIngress.ipv4_forward': miss
[12:52:12.299] [bmv2] [D] [thread 7233] [53.0] [cxt 0] Action entry is MyIngress.drop - 
[12:52:12.299] [bmv2] [T] [thread 7233] [53.0] [cxt 0] Action MyIngress.drop
[12:52:12.299] [bmv2] [T] [thread 7233] [53.0] [cxt 0] straggler.p4(158) Primitive mark_to_drop(standard_metadata)
[12:52:12.299] [bmv2] [T] [thread 7233] [53.0] [cxt 0] straggler.p4(288) Condition "hdr.collective.isValid()" (node_3) is false
[12:52:12.299] [bmv2] [D] [thread 7233] [53.0] [cxt 0] Pipeline 'ingress': end
[12:52:12.299] [bmv2] [D] [thread 7233] [53.0] [cxt 0] Egress port is 511
[12:52:12.299] [bmv2] [D] [thread 7233] [53.0] [cxt 0] Dropping packet at the end of ingress
[12:52:12.303] [bmv2] [D] [thread 7233] [54.0] [cxt 0] Processing packet received on port 4
[12:52:12.303] [bmv2] [D] [thread 7233] [54.0] [cxt 0] Parser 'parser': start
[12:52:12.303] [bmv2] [D] [thread 7233] [54.0] [cxt 0] Parser 'parser' entering state 'start'
[12:52:12.303] [bmv2] [D] [thread 7233] [54.0] [cxt 0] Extracting header 'ethernet'
[12:52:12.303] [bmv2] [D] [thread 7233] [54.0] [cxt 0] Parser state 'start': key is 86dd
[12:52:12.303] [bmv2] [T] [thread 7233] [54.0] [cxt 0] Bytes parsed: 14
[12:52:12.303] [bmv2] [D] [thread 7233] [54.0] [cxt 0] Parser 'parser': end
[12:52:12.303] [bmv2] [D] [thread 7233] [54.0] [cxt 0] Pipeline 'ingress': start
[12:52:12.303] [bmv2] [T] [thread 7233] [54.0] [cxt 0] Applying table 'MyIngress.ipv4_forward'
[12:52:12.303] [bmv2] [D] [thread 7233] [54.0] [cxt 0] Looking up key:
* hdr.ipv4.dstAddr    : 00000000

[12:52:12.303] [bmv2] [D] [thread 7233] [54.0] [cxt 0] Table 'MyIngress.ipv4_forward': miss
[12:52:12.303] [bmv2] [D] [thread 7233] [54.0] [cxt 0] Action entry is MyIngress.drop - 
[12:52:12.303] [bmv2] [T] [thread 7233] [54.0] [cxt 0] Action MyIngress.drop
[12:52:12.303] [bmv2] [T] [thread 7233] [54.0] [cxt 0] straggler.p4(158) Primitive mark_to_drop(standard_metadata)
[12:52:12.303] [bmv2] [T] [thread 7233] [54.0] [cxt 0] straggler.p4(288) Condition "hdr.collective.isValid()" (node_3) is false
[12:52:12.303] [bmv2] [D] [thread 7233] [54.0] [cxt 0] Pipeline 'ingress': end
[12:52:12.303] [bmv2] [D] [thread 7233] [54.0] [cxt 0] Egress port is 511
[12:52:12.303] [bmv2] [D] [thread 7233] [54.0] [cxt 0] Dropping packet at the end of ingress
[12:52:12.336] [bmv2] [D] [thread 7233] [55.0] [cxt 0] Processing packet received on port 3
[12:52:12.336] [bmv2] [D] [thread 7233] [55.0] [cxt 0] Parser 'parser': start
[12:52:12.336] [bmv2] [D] [thread 7233] [55.0] [cxt 0] Parser 'parser' entering state 'start'
[12:52:12.336] [bmv2] [D] [thread 7233] [55.0] [cxt 0] Extracting header 'ethernet'
[12:52:12.336] [bmv2] [D] [thread 7233] [55.0] [cxt 0] Parser state 'start': key is 86dd
[12:52:12.336] [bmv2] [T] [thread 7233] [55.0] [cxt 0] Bytes parsed: 14
[12:52:12.336] [bmv2] [D] [thread 7233] [55.0] [cxt 0] Parser 'parser': end
[12:52:12.336] [bmv2] [D] [thread 7233] [55.0] [cxt 0] Pipeline 'ingress': start
[12:52:12.336] [bmv2] [T] [thread 7233] [55.0] [cxt 0] Applying table 'MyIngress.ipv4_forward'
[12:52:12.336] [bmv2] [D] [thread 7233] [55.0] [cxt 0] Looking up key:
* hdr.ipv4.dstAddr    : 00000000

[12:52:12.336] [bmv2] [D] [thread 7233] [55.0] [cxt 0] Table 'MyIngress.ipv4_forward': miss
[12:52:12.336] [bmv2] [D] [thread 7233] [55.0] [cxt 0] Action entry is MyIngress.drop - 
[12:52:12.336] [bmv2] [T] [thread 7233] [55.0] [cxt 0] Action MyIngress.drop
[12:52:12.336] [bmv2] [T] [thread 7233] [55.0] [cxt 0] straggler.p4(158) Primitive mark_to_drop(standard_metadata)
[12:52:12.336] [bmv2] [T] [thread 7233] [55.0] [cxt 0] straggler.p4(288) Condition "hdr.collective.isValid()" (node_3) is false
[12:52:12.336] [bmv2] [D] [thread 7233] [55.0] [cxt 0] Pipeline 'ingress': end
[12:52:12.336] [bmv2] [D] [thread 7233] [55.0] [cxt 0] Egress port is 511
[12:52:12.336] [bmv2] [D] [thread 7233] [55.0] [cxt 0] Dropping packet at the end of ingress
[12:52:12.368] [bmv2] [D] [thread 7233] [56.0] [cxt 0] Processing packet received on port 3
[12:52:12.368] [bmv2] [D] [thread 7233] [56.0] [cxt 0] Parser 'parser': start
[12:52:12.368] [bmv2] [D] [thread 7233] [56.0] [cxt 0] Parser 'parser' entering state 'start'
[12:52:12.368] [bmv2] [D] [thread 7233] [56.0] [cxt 0] Extracting header 'ethernet'
[12:52:12.368] [bmv2] [D] [thread 7233] [56.0] [cxt 0] Parser state 'start': key is 86dd
[12:52:12.368] [bmv2] [T] [thread 7233] [56.0] [cxt 0] Bytes parsed: 14
[12:52:12.368] [bmv2] [D] [thread 7233] [56.0] [cxt 0] Parser 'parser': end
[12:52:12.368] [bmv2] [D] [thread 7233] [56.0] [cxt 0] Pipeline 'ingress': start
[12:52:12.368] [bmv2] [T] [thread 7233] [56.0] [cxt 0] Applying table 'MyIngress.ipv4_forward'
[12:52:12.368] [bmv2] [D] [thread 7233] [56.0] [cxt 0] Looking up key:
* hdr.ipv4.dstAddr    : 00000000

[12:52:12.368] [bmv2] [D] [thread 7233] [56.0] [cxt 0] Table 'MyIngress.ipv4_forward': miss
[12:52:12.368] [bmv2] [D] [thread 7233] [56.0] [cxt 0] Action entry is MyIngress.drop - 
[12:52:12.368] [bmv2] [T] [thread 7233] [56.0] [cxt 0] Action MyIngress.drop
[12:52:12.368] [bmv2] [T] [thread 7233] [56.0] [cxt 0] straggler.p4(158) Primitive mark_to_drop(standard_metadata)
[12:52:12.368] [bmv2] [T] [thread 7233] [56.0] [cxt 0] straggler.p4(288) Condition "hdr.collective.isValid()" (node_3) is false
[12:52:12.368] [bmv2] [D] [thread 7233] [56.0] [cxt 0] Pipeline 'ingress': end
[12:52:12.369] [bmv2] [D] [thread 7233] [56.0] [cxt 0] Egress port is 511
[12:52:12.369] [bmv2] [D] [thread 7233] [56.0] [cxt 0] Dropping packet at the end of ingress
[12:52:12.400] [bmv2] [D] [thread 7233] [57.0] [cxt 0] Processing packet received on port 1
[12:52:12.400] [bmv2] [D] [thread 7233] [57.0] [cxt 0] Parser 'parser': start
[12:52:12.400] [bmv2] [D] [thread 7233] [57.0] [cxt 0] Parser 'parser' entering state 'start'
[12:52:12.400] [bmv2] [D] [thread 7233] [57.0] [cxt 0] Extracting header 'ethernet'
[12:52:12.400] [bmv2] [D] [thread 7233] [57.0] [cxt 0] Parser state 'start': key is 86dd
[12:52:12.400] [bmv2] [T] [thread 7233] [57.0] [cxt 0] Bytes parsed: 14
[12:52:12.400] [bmv2] [D] [thread 7233] [57.0] [cxt 0] Parser 'parser': end
[12:52:12.400] [bmv2] [D] [thread 7233] [57.0] [cxt 0] Pipeline 'ingress': start
[12:52:12.400] [bmv2] [T] [thread 7233] [57.0] [cxt 0] Applying table 'MyIngress.ipv4_forward'
[12:52:12.400] [bmv2] [D] [thread 7233] [57.0] [cxt 0] Looking up key:
* hdr.ipv4.dstAddr    : 00000000

[12:52:12.400] [bmv2] [D] [thread 7233] [57.0] [cxt 0] Table 'MyIngress.ipv4_forward': miss
[12:52:12.400] [bmv2] [D] [thread 7233] [57.0] [cxt 0] Action entry is MyIngress.drop - 
[12:52:12.400] [bmv2] [T] [thread 7233] [57.0] [cxt 0] Action MyIngress.drop
[12:52:12.400] [bmv2] [T] [thread 7233] [57.0] [cxt 0] straggler.p4(158) Primitive mark_to_drop(standard_metadata)
[12:52:12.400] [bmv2] [T] [thread 7233] [57.0] [cxt 0] straggler.p4(288) Condition "hdr.collective.isValid()" (node_3) is false
[12:52:12.400] [bmv2] [D] [thread 7233] [57.0] [cxt 0] Pipeline 'ingress': end
[12:52:12.400] [bmv2] [D] [thread 7233] [57.0] [cxt 0] Egress port is 511
[12:52:12.400] [bmv2] [D] [thread 7233] [57.0] [cxt 0] Dropping packet at the end of ingress
[12:52:12.430] [bmv2] [D] [thread 7233] [58.0] [cxt 0] Processing packet received on port 4
[12:52:12.430] [bmv2] [D] [thread 7233] [58.0] [cxt 0] Parser 'parser': start
[12:52:12.430] [bmv2] [D] [thread 7233] [58.0] [cxt 0] Parser 'parser' entering state 'start'
[12:52:12.430] [bmv2] [D] [thread 7233] [58.0] [cxt 0] Extracting header 'ethernet'
[12:52:12.430] [bmv2] [D] [thread 7233] [58.0] [cxt 0] Parser state 'start': key is 86dd
[12:52:12.430] [bmv2] [T] [thread 7233] [58.0] [cxt 0] Bytes parsed: 14
[12:52:12.430] [bmv2] [D] [thread 7233] [58.0] [cxt 0] Parser 'parser': end
[12:52:12.430] [bmv2] [D] [thread 7233] [58.0] [cxt 0] Pipeline 'ingress': start
[12:52:12.430] [bmv2] [T] [thread 7233] [58.0] [cxt 0] Applying table 'MyIngress.ipv4_forward'
[12:52:12.430] [bmv2] [D] [thread 7233] [58.0] [cxt 0] Looking up key:
* hdr.ipv4.dstAddr    : 00000000

[12:52:12.430] [bmv2] [D] [thread 7233] [58.0] [cxt 0] Table 'MyIngress.ipv4_forward': miss
[12:52:12.430] [bmv2] [D] [thread 7233] [58.0] [cxt 0] Action entry is MyIngress.drop - 
[12:52:12.430] [bmv2] [T] [thread 7233] [58.0] [cxt 0] Action MyIngress.drop
[12:52:12.430] [bmv2] [T] [thread 7233] [58.0] [cxt 0] straggler.p4(158) Primitive mark_to_drop(standard_metadata)
[12:52:12.430] [bmv2] [T] [thread 7233] [58.0] [cxt 0] straggler.p4(288) Condition "hdr.collective.isValid()" (node_3) is false
[12:52:12.430] [bmv2] [D] [thread 7233] [58.0] [cxt 0] Pipeline 'ingress': end
[12:52:12.430] [bmv2] [D] [thread 7233] [58.0] [cxt 0] Egress port is 511
[12:52:12.430] [bmv2] [D] [thread 7233] [58.0] [cxt 0] Dropping packet at the end of ingress
[12:52:12.465] [bmv2] [D] [thread 7233] [59.0] [cxt 0] Processing packet received on port 2
[12:52:12.465] [bmv2] [D] [thread 7233] [59.0] [cxt 0] Parser 'parser': start
[12:52:12.465] [bmv2] [D] [thread 7233] [59.0] [cxt 0] Parser 'parser' entering state 'start'
[12:52:12.465] [bmv2] [D] [thread 7233] [59.0] [cxt 0] Extracting header 'ethernet'
[12:52:12.465] [bmv2] [D] [thread 7233] [59.0] [cxt 0] Parser state 'start': key is 86dd
[12:52:12.465] [bmv2] [T] [thread 7233] [59.0] [cxt 0] Bytes parsed: 14
[12:52:12.465] [bmv2] [D] [thread 7233] [59.0] [cxt 0] Parser 'parser': end
[12:52:12.465] [bmv2] [D] [thread 7233] [59.0] [cxt 0] Pipeline 'ingress': start
[12:52:12.465] [bmv2] [T] [thread 7233] [59.0] [cxt 0] Applying table 'MyIngress.ipv4_forward'
[12:52:12.465] [bmv2] [D] [thread 7233] [59.0] [cxt 0] Looking up key:
* hdr.ipv4.dstAddr    : 00000000

[12:52:12.465] [bmv2] [D] [thread 7233] [59.0] [cxt 0] Table 'MyIngress.ipv4_forward': miss
[12:52:12.465] [bmv2] [D] [thread 7233] [59.0] [cxt 0] Action entry is MyIngress.drop - 
[12:52:12.465] [bmv2] [T] [thread 7233] [59.0] [cxt 0] Action MyIngress.drop
[12:52:12.465] [bmv2] [T] [thread 7233] [59.0] [cxt 0] straggler.p4(158) Primitive mark_to_drop(standard_metadata)
[12:52:12.465] [bmv2] [T] [thread 7233] [59.0] [cxt 0] straggler.p4(288) Condition "hdr.collective.isValid()" (node_3) is false
[12:52:12.465] [bmv2] [D] [thread 7233] [59.0] [cxt 0] Pipeline 'ingress': end
[12:52:12.465] [bmv2] [D] [thread 7233] [59.0] [cxt 0] Egress port is 511
[12:52:12.465] [bmv2] [D] [thread 7233] [59.0] [cxt 0] Dropping packet at the end of ingress
[12:52:12.465] [bmv2] [D] [thread 7233] [60.0] [cxt 0] Processing packet received on port 3
[12:52:12.465] [bmv2] [D] [thread 7233] [60.0] [cxt 0] Parser 'parser': start
[12:52:12.465] [bmv2] [D] [thread 7233] [60.0] [cxt 0] Parser 'parser' entering state 'start'
[12:52:12.465] [bmv2] [D] [thread 7233] [60.0] [cxt 0] Extracting header 'ethernet'
[12:52:12.465] [bmv2] [D] [thread 7233] [60.0] [cxt 0] Parser state 'start': key is 86dd
[12:52:12.465] [bmv2] [T] [thread 7233] [60.0] [cxt 0] Bytes parsed: 14
[12:52:12.465] [bmv2] [D] [thread 7233] [60.0] [cxt 0] Parser 'parser': end
[12:52:12.465] [bmv2] [D] [thread 7233] [60.0] [cxt 0] Pipeline 'ingress': start
[12:52:12.465] [bmv2] [T] [thread 7233] [60.0] [cxt 0] Applying table 'MyIngress.ipv4_forward'
[12:52:12.465] [bmv2] [D] [thread 7233] [60.0] [cxt 0] Looking up key:
* hdr.ipv4.dstAddr    : 00000000

[12:52:12.465] [bmv2] [D] [thread 7233] [60.0] [cxt 0] Table 'MyIngress.ipv4_forward': miss
[12:52:12.466] [bmv2] [D] [thread 7233] [60.0] [cxt 0] Action entry is MyIngress.drop - 
[12:52:12.466] [bmv2] [T] [thread 7233] [60.0] [cxt 0] Action MyIngress.drop
[12:52:12.466] [bmv2] [T] [thread 7233] [60.0] [cxt 0] straggler.p4(158) Primitive mark_to_drop(standard_metadata)
[12:52:12.466] [bmv2] [T] [thread 7233] [60.0] [cxt 0] straggler.p4(288) Condition "hdr.collective.isValid()" (node_3) is false
[12:52:12.466] [bmv2] [D] [thread 7233] [60.0] [cxt 0] Pipeline 'ingress': end
[12:52:12.466] [bmv2] [D] [thread 7233] [60.0] [cxt 0] Egress port is 511
[12:52:12.466] [bmv2] [D] [thread 7233] [60.0] [cxt 0] Dropping packet at the end of ingress
[12:52:12.499] [bmv2] [D] [thread 7233] [61.0] [cxt 0] Processing packet received on port 1
[12:52:12.499] [bmv2] [D] [thread 7233] [61.0] [cxt 0] Parser 'parser': start
[12:52:12.499] [bmv2] [D] [thread 7233] [61.0] [cxt 0] Parser 'parser' entering state 'start'
[12:52:12.499] [bmv2] [D] [thread 7233] [61.0] [cxt 0] Extracting header 'ethernet'
[12:52:12.499] [bmv2] [D] [thread 7233] [61.0] [cxt 0] Parser state 'start': key is 86dd
[12:52:12.499] [bmv2] [T] [thread 7233] [61.0] [cxt 0] Bytes parsed: 14
[12:52:12.499] [bmv2] [D] [thread 7233] [61.0] [cxt 0] Parser 'parser': end
[12:52:12.499] [bmv2] [D] [thread 7233] [61.0] [cxt 0] Pipeline 'ingress': start
[12:52:12.499] [bmv2] [T] [thread 7233] [61.0] [cxt 0] Applying table 'MyIngress.ipv4_forward'
[12:52:12.499] [bmv2] [D] [thread 7233] [61.0] [cxt 0] Looking up key:
* hdr.ipv4.dstAddr    : 00000000

[12:52:12.499] [bmv2] [D] [thread 7233] [61.0] [cxt 0] Table 'MyIngress.ipv4_forward': miss
[12:52:12.499] [bmv2] [D] [thread 7233] [61.0] [cxt 0] Action entry is MyIngress.drop - 
[12:52:12.499] [bmv2] [T] [thread 7233] [61.0] [cxt 0] Action MyIngress.drop
[12:52:12.499] [bmv2] [T] [thread 7233] [61.0] [cxt 0] straggler.p4(158) Primitive mark_to_drop(standard_metadata)
[12:52:12.499] [bmv2] [T] [thread 7233] [61.0] [cxt 0] straggler.p4(288) Condition "hdr.collective.isValid()" (node_3) is false
[12:52:12.499] [bmv2] [D] [thread 7233] [61.0] [cxt 0] Pipeline 'ingress': end
[12:52:12.499] [bmv2] [D] [thread 7233] [61.0] [cxt 0] Egress port is 511
[12:52:12.499] [bmv2] [D] [thread 7233] [61.0] [cxt 0] Dropping packet at the end of ingress
[12:52:12.549] [bmv2] [D] [thread 7233] [62.0] [cxt 0] Processing packet received on port 2
[12:52:12.549] [bmv2] [D] [thread 7233] [62.0] [cxt 0] Parser 'parser': start
[12:52:12.549] [bmv2] [D] [thread 7233] [62.0] [cxt 0] Parser 'parser' entering state 'start'
[12:52:12.549] [bmv2] [D] [thread 7233] [62.0] [cxt 0] Extracting header 'ethernet'
[12:52:12.549] [bmv2] [D] [thread 7233] [62.0] [cxt 0] Parser state 'start': key is 86dd
[12:52:12.549] [bmv2] [T] [thread 7233] [62.0] [cxt 0] Bytes parsed: 14
[12:52:12.549] [bmv2] [D] [thread 7233] [62.0] [cxt 0] Parser 'parser': end
[12:52:12.549] [bmv2] [D] [thread 7233] [62.0] [cxt 0] Pipeline 'ingress': start
[12:52:12.549] [bmv2] [T] [thread 7233] [62.0] [cxt 0] Applying table 'MyIngress.ipv4_forward'
[12:52:12.549] [bmv2] [D] [thread 7233] [62.0] [cxt 0] Looking up key:
* hdr.ipv4.dstAddr    : 00000000

[12:52:12.549] [bmv2] [D] [thread 7233] [62.0] [cxt 0] Table 'MyIngress.ipv4_forward': miss
[12:52:12.549] [bmv2] [D] [thread 7233] [62.0] [cxt 0] Action entry is MyIngress.drop - 
[12:52:12.549] [bmv2] [T] [thread 7233] [62.0] [cxt 0] Action MyIngress.drop
[12:52:12.549] [bmv2] [T] [thread 7233] [62.0] [cxt 0] straggler.p4(158) Primitive mark_to_drop(standard_metadata)
[12:52:12.549] [bmv2] [T] [thread 7233] [62.0] [cxt 0] straggler.p4(288) Condition "hdr.collective.isValid()" (node_3) is false
[12:52:12.549] [bmv2] [D] [thread 7233] [62.0] [cxt 0] Pipeline 'ingress': end
[12:52:12.549] [bmv2] [D] [thread 7233] [62.0] [cxt 0] Egress port is 511
[12:52:12.549] [bmv2] [D] [thread 7233] [62.0] [cxt 0] Dropping packet at the end of ingress
[12:52:12.550] [bmv2] [D] [thread 7233] [63.0] [cxt 0] Processing packet received on port 3
[12:52:12.550] [bmv2] [D] [thread 7233] [63.0] [cxt 0] Parser 'parser': start
[12:52:12.550] [bmv2] [D] [thread 7233] [63.0] [cxt 0] Parser 'parser' entering state 'start'
[12:52:12.550] [bmv2] [D] [thread 7233] [63.0] [cxt 0] Extracting header 'ethernet'
[12:52:12.550] [bmv2] [D] [thread 7233] [63.0] [cxt 0] Parser state 'start': key is 86dd
[12:52:12.550] [bmv2] [T] [thread 7233] [63.0] [cxt 0] Bytes parsed: 14
[12:52:12.550] [bmv2] [D] [thread 7233] [63.0] [cxt 0] Parser 'parser': end
[12:52:12.550] [bmv2] [D] [thread 7233] [63.0] [cxt 0] Pipeline 'ingress': start
[12:52:12.550] [bmv2] [T] [thread 7233] [63.0] [cxt 0] Applying table 'MyIngress.ipv4_forward'
[12:52:12.550] [bmv2] [D] [thread 7233] [63.0] [cxt 0] Looking up key:
* hdr.ipv4.dstAddr    : 00000000

[12:52:12.550] [bmv2] [D] [thread 7233] [63.0] [cxt 0] Table 'MyIngress.ipv4_forward': miss
[12:52:12.550] [bmv2] [D] [thread 7233] [63.0] [cxt 0] Action entry is MyIngress.drop - 
[12:52:12.550] [bmv2] [T] [thread 7233] [63.0] [cxt 0] Action MyIngress.drop
[12:52:12.550] [bmv2] [T] [thread 7233] [63.0] [cxt 0] straggler.p4(158) Primitive mark_to_drop(standard_metadata)
[12:52:12.550] [bmv2] [T] [thread 7233] [63.0] [cxt 0] straggler.p4(288) Condition "hdr.collective.isValid()" (node_3) is false
[12:52:12.550] [bmv2] [D] [thread 7233] [63.0] [cxt 0] Pipeline 'ingress': end
[12:52:12.550] [bmv2] [D] [thread 7233] [63.0] [cxt 0] Egress port is 511
[12:52:12.550] [bmv2] [D] [thread 7233] [63.0] [cxt 0] Dropping packet at the end of ingress
[12:52:12.605] [bmv2] [D] [thread 7233] [64.0] [cxt 0] Processing packet received on port 4
[12:52:12.605] [bmv2] [D] [thread 7233] [64.0] [cxt 0] Parser 'parser': start
[12:52:12.605] [bmv2] [D] [thread 7233] [64.0] [cxt 0] Parser 'parser' entering state 'start'
[12:52:12.605] [bmv2] [D] [thread 7233] [64.0] [cxt 0] Extracting header 'ethernet'
[12:52:12.605] [bmv2] [D] [thread 7233] [64.0] [cxt 0] Parser state 'start': key is 86dd
[12:52:12.605] [bmv2] [T] [thread 7233] [64.0] [cxt 0] Bytes parsed: 14
[12:52:12.605] [bmv2] [D] [thread 7233] [64.0] [cxt 0] Parser 'parser': end
[12:52:12.605] [bmv2] [D] [thread 7233] [64.0] [cxt 0] Pipeline 'ingress': start
[12:52:12.605] [bmv2] [T] [thread 7233] [64.0] [cxt 0] Applying table 'MyIngress.ipv4_forward'
[12:52:12.605] [bmv2] [D] [thread 7233] [64.0] [cxt 0] Looking up key:
* hdr.ipv4.dstAddr    : 00000000

[12:52:12.605] [bmv2] [D] [thread 7233] [64.0] [cxt 0] Table 'MyIngress.ipv4_forward': miss
[12:52:12.605] [bmv2] [D] [thread 7233] [64.0] [cxt 0] Action entry is MyIngress.drop - 
[12:52:12.605] [bmv2] [T] [thread 7233] [64.0] [cxt 0] Action MyIngress.drop
[12:52:12.605] [bmv2] [T] [thread 7233] [64.0] [cxt 0] straggler.p4(158) Primitive mark_to_drop(standard_metadata)
[12:52:12.606] [bmv2] [T] [thread 7233] [64.0] [cxt 0] straggler.p4(288) Condition "hdr.collective.isValid()" (node_3) is false
[12:52:12.606] [bmv2] [D] [thread 7233] [64.0] [cxt 0] Pipeline 'ingress': end
[12:52:12.606] [bmv2] [D] [thread 7233] [64.0] [cxt 0] Egress port is 511
[12:52:12.606] [bmv2] [D] [thread 7233] [64.0] [cxt 0] Dropping packet at the end of ingress
[12:52:12.618] [bmv2] [D] [thread 7233] [65.0] [cxt 0] Processing packet received on port 3
[12:52:12.618] [bmv2] [D] [thread 7233] [65.0] [cxt 0] Parser 'parser': start
[12:52:12.618] [bmv2] [D] [thread 7233] [65.0] [cxt 0] Parser 'parser' entering state 'start'
[12:52:12.618] [bmv2] [D] [thread 7233] [65.0] [cxt 0] Extracting header 'ethernet'
[12:52:12.618] [bmv2] [D] [thread 7233] [65.0] [cxt 0] Parser state 'start': key is 86dd
[12:52:12.618] [bmv2] [T] [thread 7233] [65.0] [cxt 0] Bytes parsed: 14
[12:52:12.618] [bmv2] [D] [thread 7233] [65.0] [cxt 0] Parser 'parser': end
[12:52:12.618] [bmv2] [D] [thread 7233] [65.0] [cxt 0] Pipeline 'ingress': start
[12:52:12.618] [bmv2] [T] [thread 7233] [65.0] [cxt 0] Applying table 'MyIngress.ipv4_forward'
[12:52:12.618] [bmv2] [D] [thread 7233] [65.0] [cxt 0] Looking up key:
* hdr.ipv4.dstAddr    : 00000000

[12:52:12.618] [bmv2] [D] [thread 7233] [65.0] [cxt 0] Table 'MyIngress.ipv4_forward': miss
[12:52:12.618] [bmv2] [D] [thread 7233] [65.0] [cxt 0] Action entry is MyIngress.drop - 
[12:52:12.618] [bmv2] [T] [thread 7233] [65.0] [cxt 0] Action MyIngress.drop
[12:52:12.618] [bmv2] [T] [thread 7233] [65.0] [cxt 0] straggler.p4(158) Primitive mark_to_drop(standard_metadata)
[12:52:12.618] [bmv2] [T] [thread 7233] [65.0] [cxt 0] straggler.p4(288) Condition "hdr.collective.isValid()" (node_3) is false
[12:52:12.618] [bmv2] [D] [thread 7233] [65.0] [cxt 0] Pipeline 'ingress': end
[12:52:12.619] [bmv2] [D] [thread 7233] [65.0] [cxt 0] Egress port is 511
[12:52:12.619] [bmv2] [D] [thread 7233] [65.0] [cxt 0] Dropping packet at the end of ingress
[12:52:12.656] [bmv2] [D] [thread 7233] [66.0] [cxt 0] Processing packet received on port 4
[12:52:12.656] [bmv2] [D] [thread 7233] [66.0] [cxt 0] Parser 'parser': start
[12:52:12.656] [bmv2] [D] [thread 7233] [66.0] [cxt 0] Parser 'parser' entering state 'start'
[12:52:12.656] [bmv2] [D] [thread 7233] [66.0] [cxt 0] Extracting header 'ethernet'
[12:52:12.656] [bmv2] [D] [thread 7233] [66.0] [cxt 0] Parser state 'start': key is 86dd
[12:52:12.656] [bmv2] [T] [thread 7233] [66.0] [cxt 0] Bytes parsed: 14
[12:52:12.656] [bmv2] [D] [thread 7233] [66.0] [cxt 0] Parser 'parser': end
[12:52:12.656] [bmv2] [D] [thread 7233] [66.0] [cxt 0] Pipeline 'ingress': start
[12:52:12.656] [bmv2] [T] [thread 7233] [66.0] [cxt 0] Applying table 'MyIngress.ipv4_forward'
[12:52:12.656] [bmv2] [D] [thread 7233] [66.0] [cxt 0] Looking up key:
* hdr.ipv4.dstAddr    : 00000000

[12:52:12.656] [bmv2] [D] [thread 7233] [66.0] [cxt 0] Table 'MyIngress.ipv4_forward': miss
[12:52:12.656] [bmv2] [D] [thread 7233] [66.0] [cxt 0] Action entry is MyIngress.drop - 
[12:52:12.656] [bmv2] [T] [thread 7233] [66.0] [cxt 0] Action MyIngress.drop
[12:52:12.656] [bmv2] [T] [thread 7233] [66.0] [cxt 0] straggler.p4(158) Primitive mark_to_drop(standard_metadata)
[12:52:12.656] [bmv2] [T] [thread 7233] [66.0] [cxt 0] straggler.p4(288) Condition "hdr.collective.isValid()" (node_3) is false
[12:52:12.656] [bmv2] [D] [thread 7233] [66.0] [cxt 0] Pipeline 'ingress': end
[12:52:12.656] [bmv2] [D] [thread 7233] [66.0] [cxt 0] Egress port is 511
[12:52:12.656] [bmv2] [D] [thread 7233] [66.0] [cxt 0] Dropping packet at the end of ingress
[12:52:12.680] [bmv2] [D] [thread 7233] [67.0] [cxt 0] Processing packet received on port 4
[12:52:12.681] [bmv2] [D] [thread 7233] [67.0] [cxt 0] Parser 'parser': start
[12:52:12.681] [bmv2] [D] [thread 7233] [67.0] [cxt 0] Parser 'parser' entering state 'start'
[12:52:12.681] [bmv2] [D] [thread 7233] [67.0] [cxt 0] Extracting header 'ethernet'
[12:52:12.681] [bmv2] [D] [thread 7233] [67.0] [cxt 0] Parser state 'start': key is 86dd
[12:52:12.681] [bmv2] [T] [thread 7233] [67.0] [cxt 0] Bytes parsed: 14
[12:52:12.681] [bmv2] [D] [thread 7233] [67.0] [cxt 0] Parser 'parser': end
[12:52:12.681] [bmv2] [D] [thread 7233] [67.0] [cxt 0] Pipeline 'ingress': start
[12:52:12.681] [bmv2] [T] [thread 7233] [67.0] [cxt 0] Applying table 'MyIngress.ipv4_forward'
[12:52:12.681] [bmv2] [D] [thread 7233] [67.0] [cxt 0] Looking up key:
* hdr.ipv4.dstAddr    : 00000000

[12:52:12.681] [bmv2] [D] [thread 7233] [67.0] [cxt 0] Table 'MyIngress.ipv4_forward': miss
[12:52:12.681] [bmv2] [D] [thread 7233] [67.0] [cxt 0] Action entry is MyIngress.drop - 
[12:52:12.681] [bmv2] [T] [thread 7233] [67.0] [cxt 0] Action MyIngress.drop
[12:52:12.681] [bmv2] [T] [thread 7233] [67.0] [cxt 0] straggler.p4(158) Primitive mark_to_drop(standard_metadata)
[12:52:12.681] [bmv2] [T] [thread 7233] [67.0] [cxt 0] straggler.p4(288) Condition "hdr.collective.isValid()" (node_3) is false
[12:52:12.681] [bmv2] [D] [thread 7233] [67.0] [cxt 0] Pipeline 'ingress': end
[12:52:12.681] [bmv2] [D] [thread 7233] [67.0] [cxt 0] Egress port is 511
[12:52:12.681] [bmv2] [D] [thread 7233] [67.0] [cxt 0] Dropping packet at the end of ingress
[12:52:12.799] [bmv2] [D] [thread 7233] [68.0] [cxt 0] Processing packet received on port 1
[12:52:12.799] [bmv2] [D] [thread 7233] [68.0] [cxt 0] Parser 'parser': start
[12:52:12.799] [bmv2] [D] [thread 7233] [68.0] [cxt 0] Parser 'parser' entering state 'start'
[12:52:12.799] [bmv2] [D] [thread 7233] [68.0] [cxt 0] Extracting header 'ethernet'
[12:52:12.799] [bmv2] [D] [thread 7233] [68.0] [cxt 0] Parser state 'start': key is 86dd
[12:52:12.799] [bmv2] [T] [thread 7233] [68.0] [cxt 0] Bytes parsed: 14
[12:52:12.799] [bmv2] [D] [thread 7233] [68.0] [cxt 0] Parser 'parser': end
[12:52:12.800] [bmv2] [D] [thread 7233] [68.0] [cxt 0] Pipeline 'ingress': start
[12:52:12.800] [bmv2] [T] [thread 7233] [68.0] [cxt 0] Applying table 'MyIngress.ipv4_forward'
[12:52:12.800] [bmv2] [D] [thread 7233] [68.0] [cxt 0] Looking up key:
* hdr.ipv4.dstAddr    : 00000000

[12:52:12.800] [bmv2] [D] [thread 7233] [68.0] [cxt 0] Table 'MyIngress.ipv4_forward': miss
[12:52:12.800] [bmv2] [D] [thread 7233] [68.0] [cxt 0] Action entry is MyIngress.drop - 
[12:52:12.800] [bmv2] [T] [thread 7233] [68.0] [cxt 0] Action MyIngress.drop
[12:52:12.800] [bmv2] [T] [thread 7233] [68.0] [cxt 0] straggler.p4(158) Primitive mark_to_drop(standard_metadata)
[12:52:12.800] [bmv2] [T] [thread 7233] [68.0] [cxt 0] straggler.p4(288) Condition "hdr.collective.isValid()" (node_3) is false
[12:52:12.800] [bmv2] [D] [thread 7233] [68.0] [cxt 0] Pipeline 'ingress': end
[12:52:12.800] [bmv2] [D] [thread 7233] [68.0] [cxt 0] Egress port is 511
[12:52:12.800] [bmv2] [D] [thread 7233] [68.0] [cxt 0] Dropping packet at the end of ingress
[12:52:12.820] [bmv2] [D] [thread 7233] [69.0] [cxt 0] Processing packet received on port 3
[12:52:12.820] [bmv2] [D] [thread 7233] [69.0] [cxt 0] Parser 'parser': start
[12:52:12.820] [bmv2] [D] [thread 7233] [69.0] [cxt 0] Parser 'parser' entering state 'start'
[12:52:12.820] [bmv2] [D] [thread 7233] [69.0] [cxt 0] Extracting header 'ethernet'
[12:52:12.820] [bmv2] [D] [thread 7233] [69.0] [cxt 0] Parser state 'start': key is 86dd
[12:52:12.820] [bmv2] [T] [thread 7233] [69.0] [cxt 0] Bytes parsed: 14
[12:52:12.820] [bmv2] [D] [thread 7233] [69.0] [cxt 0] Parser 'parser': end
[12:52:12.820] [bmv2] [D] [thread 7233] [69.0] [cxt 0] Pipeline 'ingress': start
[12:52:12.820] [bmv2] [T] [thread 7233] [69.0] [cxt 0] Applying table 'MyIngress.ipv4_forward'
[12:52:12.820] [bmv2] [D] [thread 7233] [69.0] [cxt 0] Looking up key:
* hdr.ipv4.dstAddr    : 00000000

[12:52:12.820] [bmv2] [D] [thread 7233] [69.0] [cxt 0] Table 'MyIngress.ipv4_forward': miss
[12:52:12.820] [bmv2] [D] [thread 7233] [69.0] [cxt 0] Action entry is MyIngress.drop - 
[12:52:12.820] [bmv2] [T] [thread 7233] [69.0] [cxt 0] Action MyIngress.drop
[12:52:12.820] [bmv2] [T] [thread 7233] [69.0] [cxt 0] straggler.p4(158) Primitive mark_to_drop(standard_metadata)
[12:52:12.820] [bmv2] [T] [thread 7233] [69.0] [cxt 0] straggler.p4(288) Condition "hdr.collective.isValid()" (node_3) is false
[12:52:12.820] [bmv2] [D] [thread 7233] [69.0] [cxt 0] Pipeline 'ingress': end
[12:52:12.820] [bmv2] [D] [thread 7233] [69.0] [cxt 0] Egress port is 511
[12:52:12.820] [bmv2] [D] [thread 7233] [69.0] [cxt 0] Dropping packet at the end of ingress
[12:52:12.882] [bmv2] [D] [thread 7233] [70.0] [cxt 0] Processing packet received on port 4
[12:52:12.882] [bmv2] [D] [thread 7233] [70.0] [cxt 0] Parser 'parser': start
[12:52:12.882] [bmv2] [D] [thread 7233] [70.0] [cxt 0] Parser 'parser' entering state 'start'
[12:52:12.882] [bmv2] [D] [thread 7233] [70.0] [cxt 0] Extracting header 'ethernet'
[12:52:12.882] [bmv2] [D] [thread 7233] [70.0] [cxt 0] Parser state 'start': key is 86dd
[12:52:12.882] [bmv2] [T] [thread 7233] [70.0] [cxt 0] Bytes parsed: 14
[12:52:12.882] [bmv2] [D] [thread 7233] [70.0] [cxt 0] Parser 'parser': end
[12:52:12.882] [bmv2] [D] [thread 7233] [70.0] [cxt 0] Pipeline 'ingress': start
[12:52:12.882] [bmv2] [T] [thread 7233] [70.0] [cxt 0] Applying table 'MyIngress.ipv4_forward'
[12:52:12.882] [bmv2] [D] [thread 7233] [70.0] [cxt 0] Looking up key:
* hdr.ipv4.dstAddr    : 00000000

[12:52:12.882] [bmv2] [D] [thread 7233] [70.0] [cxt 0] Table 'MyIngress.ipv4_forward': miss
[12:52:12.882] [bmv2] [D] [thread 7233] [70.0] [cxt 0] Action entry is MyIngress.drop - 
[12:52:12.882] [bmv2] [T] [thread 7233] [70.0] [cxt 0] Action MyIngress.drop
[12:52:12.882] [bmv2] [T] [thread 7233] [70.0] [cxt 0] straggler.p4(158) Primitive mark_to_drop(standard_metadata)
[12:52:12.882] [bmv2] [T] [thread 7233] [70.0] [cxt 0] straggler.p4(288) Condition "hdr.collective.isValid()" (node_3) is false
[12:52:12.882] [bmv2] [D] [thread 7233] [70.0] [cxt 0] Pipeline 'ingress': end
[12:52:12.882] [bmv2] [D] [thread 7233] [70.0] [cxt 0] Egress port is 511
[12:52:12.882] [bmv2] [D] [thread 7233] [70.0] [cxt 0] Dropping packet at the end of ingress
[12:52:13.041] [bmv2] [D] [thread 7233] [71.0] [cxt 0] Processing packet received on port 3
[12:52:13.041] [bmv2] [D] [thread 7233] [71.0] [cxt 0] Parser 'parser': start
[12:52:13.041] [bmv2] [D] [thread 7233] [71.0] [cxt 0] Parser 'parser' entering state 'start'
[12:52:13.041] [bmv2] [D] [thread 7233] [71.0] [cxt 0] Extracting header 'ethernet'
[12:52:13.041] [bmv2] [D] [thread 7233] [71.0] [cxt 0] Parser state 'start': key is 86dd
[12:52:13.041] [bmv2] [T] [thread 7233] [71.0] [cxt 0] Bytes parsed: 14
[12:52:13.041] [bmv2] [D] [thread 7233] [71.0] [cxt 0] Parser 'parser': end
[12:52:13.041] [bmv2] [D] [thread 7233] [71.0] [cxt 0] Pipeline 'ingress': start
[12:52:13.041] [bmv2] [T] [thread 7233] [71.0] [cxt 0] Applying table 'MyIngress.ipv4_forward'
[12:52:13.041] [bmv2] [D] [thread 7233] [71.0] [cxt 0] Looking up key:
* hdr.ipv4.dstAddr    : 00000000

[12:52:13.041] [bmv2] [D] [thread 7233] [71.0] [cxt 0] Table 'MyIngress.ipv4_forward': miss
[12:52:13.041] [bmv2] [D] [thread 7233] [71.0] [cxt 0] Action entry is MyIngress.drop - 
[12:52:13.041] [bmv2] [T] [thread 7233] [71.0] [cxt 0] Action MyIngress.drop
[12:52:13.041] [bmv2] [T] [thread 7233] [71.0] [cxt 0] straggler.p4(158) Primitive mark_to_drop(standard_metadata)
[12:52:13.041] [bmv2] [T] [thread 7233] [71.0] [cxt 0] straggler.p4(288) Condition "hdr.collective.isValid()" (node_3) is false
[12:52:13.041] [bmv2] [D] [thread 7233] [71.0] [cxt 0] Pipeline 'ingress': end
[12:52:13.041] [bmv2] [D] [thread 7233] [71.0] [cxt 0] Egress port is 511
[12:52:13.041] [bmv2] [D] [thread 7233] [71.0] [cxt 0] Dropping packet at the end of ingress
[12:52:13.120] [bmv2] [D] [thread 7233] [72.0] [cxt 0] Processing packet received on port 3
[12:52:13.120] [bmv2] [D] [thread 7233] [72.0] [cxt 0] Parser 'parser': start
[12:52:13.120] [bmv2] [D] [thread 7233] [72.0] [cxt 0] Parser 'parser' entering state 'start'
[12:52:13.120] [bmv2] [D] [thread 7233] [72.0] [cxt 0] Extracting header 'ethernet'
[12:52:13.120] [bmv2] [D] [thread 7233] [72.0] [cxt 0] Parser state 'start': key is 86dd
[12:52:13.120] [bmv2] [T] [thread 7233] [72.0] [cxt 0] Bytes parsed: 14
[12:52:13.120] [bmv2] [D] [thread 7233] [72.0] [cxt 0] Parser 'parser': end
[12:52:13.120] [bmv2] [D] [thread 7233] [72.0] [cxt 0] Pipeline 'ingress': start
[12:52:13.121] [bmv2] [T] [thread 7233] [72.0] [cxt 0] Applying table 'MyIngress.ipv4_forward'
[12:52:13.121] [bmv2] [D] [thread 7233] [72.0] [cxt 0] Looking up key:
* hdr.ipv4.dstAddr    : 00000000

[12:52:13.121] [bmv2] [D] [thread 7233] [72.0] [cxt 0] Table 'MyIngress.ipv4_forward': miss
[12:52:13.121] [bmv2] [D] [thread 7233] [72.0] [cxt 0] Action entry is MyIngress.drop - 
[12:52:13.121] [bmv2] [T] [thread 7233] [72.0] [cxt 0] Action MyIngress.drop
[12:52:13.121] [bmv2] [T] [thread 7233] [72.0] [cxt 0] straggler.p4(158) Primitive mark_to_drop(standard_metadata)
[12:52:13.121] [bmv2] [T] [thread 7233] [72.0] [cxt 0] straggler.p4(288) Condition "hdr.collective.isValid()" (node_3) is false
[12:52:13.121] [bmv2] [D] [thread 7233] [72.0] [cxt 0] Pipeline 'ingress': end
[12:52:13.121] [bmv2] [D] [thread 7233] [72.0] [cxt 0] Egress port is 511
[12:52:13.121] [bmv2] [D] [thread 7233] [72.0] [cxt 0] Dropping packet at the end of ingress
[12:52:13.195] [bmv2] [D] [thread 7233] [73.0] [cxt 0] Processing packet received on port 4
[12:52:13.195] [bmv2] [D] [thread 7233] [73.0] [cxt 0] Parser 'parser': start
[12:52:13.195] [bmv2] [D] [thread 7233] [73.0] [cxt 0] Parser 'parser' entering state 'start'
[12:52:13.195] [bmv2] [D] [thread 7233] [73.0] [cxt 0] Extracting header 'ethernet'
[12:52:13.195] [bmv2] [D] [thread 7233] [73.0] [cxt 0] Parser state 'start': key is 86dd
[12:52:13.195] [bmv2] [T] [thread 7233] [73.0] [cxt 0] Bytes parsed: 14
[12:52:13.195] [bmv2] [D] [thread 7233] [73.0] [cxt 0] Parser 'parser': end
[12:52:13.195] [bmv2] [D] [thread 7233] [73.0] [cxt 0] Pipeline 'ingress': start
[12:52:13.195] [bmv2] [T] [thread 7233] [73.0] [cxt 0] Applying table 'MyIngress.ipv4_forward'
[12:52:13.195] [bmv2] [D] [thread 7233] [73.0] [cxt 0] Looking up key:
* hdr.ipv4.dstAddr    : 00000000

[12:52:13.195] [bmv2] [D] [thread 7233] [73.0] [cxt 0] Table 'MyIngress.ipv4_forward': miss
[12:52:13.195] [bmv2] [D] [thread 7233] [73.0] [cxt 0] Action entry is MyIngress.drop - 
[12:52:13.195] [bmv2] [T] [thread 7233] [73.0] [cxt 0] Action MyIngress.drop
[12:52:13.195] [bmv2] [T] [thread 7233] [73.0] [cxt 0] straggler.p4(158) Primitive mark_to_drop(standard_metadata)
[12:52:13.195] [bmv2] [T] [thread 7233] [73.0] [cxt 0] straggler.p4(288) Condition "hdr.collective.isValid()" (node_3) is false
[12:52:13.195] [bmv2] [D] [thread 7233] [73.0] [cxt 0] Pipeline 'ingress': end
[12:52:13.196] [bmv2] [D] [thread 7233] [73.0] [cxt 0] Egress port is 511
[12:52:13.196] [bmv2] [D] [thread 7233] [73.0] [cxt 0] Dropping packet at the end of ingress
[12:52:13.297] [bmv2] [D] [thread 7233] [74.0] [cxt 0] Processing packet received on port 2
[12:52:13.297] [bmv2] [D] [thread 7233] [74.0] [cxt 0] Parser 'parser': start
[12:52:13.297] [bmv2] [D] [thread 7233] [74.0] [cxt 0] Parser 'parser' entering state 'start'
[12:52:13.297] [bmv2] [D] [thread 7233] [74.0] [cxt 0] Extracting header 'ethernet'
[12:52:13.298] [bmv2] [D] [thread 7233] [74.0] [cxt 0] Parser state 'start': key is 86dd
[12:52:13.298] [bmv2] [T] [thread 7233] [74.0] [cxt 0] Bytes parsed: 14
[12:52:13.298] [bmv2] [D] [thread 7233] [74.0] [cxt 0] Parser 'parser': end
[12:52:13.298] [bmv2] [D] [thread 7233] [74.0] [cxt 0] Pipeline 'ingress': start
[12:52:13.298] [bmv2] [T] [thread 7233] [74.0] [cxt 0] Applying table 'MyIngress.ipv4_forward'
[12:52:13.298] [bmv2] [D] [thread 7233] [74.0] [cxt 0] Looking up key:
* hdr.ipv4.dstAddr    : 00000000

[12:52:13.298] [bmv2] [D] [thread 7233] [74.0] [cxt 0] Table 'MyIngress.ipv4_forward': miss
[12:52:13.298] [bmv2] [D] [thread 7233] [74.0] [cxt 0] Action entry is MyIngress.drop - 
[12:52:13.298] [bmv2] [T] [thread 7233] [74.0] [cxt 0] Action MyIngress.drop
[12:52:13.298] [bmv2] [T] [thread 7233] [74.0] [cxt 0] straggler.p4(158) Primitive mark_to_drop(standard_metadata)
[12:52:13.298] [bmv2] [T] [thread 7233] [74.0] [cxt 0] straggler.p4(288) Condition "hdr.collective.isValid()" (node_3) is false
[12:52:13.298] [bmv2] [D] [thread 7233] [74.0] [cxt 0] Pipeline 'ingress': end
[12:52:13.298] [bmv2] [D] [thread 7233] [74.0] [cxt 0] Egress port is 511
[12:52:13.298] [bmv2] [D] [thread 7233] [74.0] [cxt 0] Dropping packet at the end of ingress
[12:52:13.298] [bmv2] [D] [thread 7233] [75.0] [cxt 0] Processing packet received on port 3
[12:52:13.298] [bmv2] [D] [thread 7233] [75.0] [cxt 0] Parser 'parser': start
[12:52:13.298] [bmv2] [D] [thread 7233] [75.0] [cxt 0] Parser 'parser' entering state 'start'
[12:52:13.298] [bmv2] [D] [thread 7233] [75.0] [cxt 0] Extracting header 'ethernet'
[12:52:13.298] [bmv2] [D] [thread 7233] [75.0] [cxt 0] Parser state 'start': key is 86dd
[12:52:13.298] [bmv2] [T] [thread 7233] [75.0] [cxt 0] Bytes parsed: 14
[12:52:13.298] [bmv2] [D] [thread 7233] [75.0] [cxt 0] Parser 'parser': end
[12:52:13.298] [bmv2] [D] [thread 7233] [75.0] [cxt 0] Pipeline 'ingress': start
[12:52:13.298] [bmv2] [T] [thread 7233] [75.0] [cxt 0] Applying table 'MyIngress.ipv4_forward'
[12:52:13.298] [bmv2] [D] [thread 7233] [75.0] [cxt 0] Looking up key:
* hdr.ipv4.dstAddr    : 00000000

[12:52:13.298] [bmv2] [D] [thread 7233] [75.0] [cxt 0] Table 'MyIngress.ipv4_forward': miss
[12:52:13.298] [bmv2] [D] [thread 7233] [75.0] [cxt 0] Action entry is MyIngress.drop - 
[12:52:13.298] [bmv2] [T] [thread 7233] [75.0] [cxt 0] Action MyIngress.drop
[12:52:13.298] [bmv2] [T] [thread 7233] [75.0] [cxt 0] straggler.p4(158) Primitive mark_to_drop(standard_metadata)
[12:52:13.298] [bmv2] [T] [thread 7233] [75.0] [cxt 0] straggler.p4(288) Condition "hdr.collective.isValid()" (node_3) is false
[12:52:13.298] [bmv2] [D] [thread 7233] [75.0] [cxt 0] Pipeline 'ingress': end
[12:52:13.298] [bmv2] [D] [thread 7233] [75.0] [cxt 0] Egress port is 511
[12:52:13.298] [bmv2] [D] [thread 7233] [75.0] [cxt 0] Dropping packet at the end of ingress
[12:52:13.353] [bmv2] [D] [thread 7233] [76.0] [cxt 0] Processing packet received on port 4
[12:52:13.353] [bmv2] [D] [thread 7233] [76.0] [cxt 0] Parser 'parser': start
[12:52:13.353] [bmv2] [D] [thread 7233] [76.0] [cxt 0] Parser 'parser' entering state 'start'
[12:52:13.353] [bmv2] [D] [thread 7233] [76.0] [cxt 0] Extracting header 'ethernet'
[12:52:13.353] [bmv2] [D] [thread 7233] [76.0] [cxt 0] Parser state 'start': key is 86dd
[12:52:13.353] [bmv2] [T] [thread 7233] [76.0] [cxt 0] Bytes parsed: 14
[12:52:13.353] [bmv2] [D] [thread 7233] [76.0] [cxt 0] Parser 'parser': end
[12:52:13.353] [bmv2] [D] [thread 7233] [76.0] [cxt 0] Pipeline 'ingress': start
[12:52:13.353] [bmv2] [T] [thread 7233] [76.0] [cxt 0] Applying table 'MyIngress.ipv4_forward'
[12:52:13.353] [bmv2] [D] [thread 7233] [76.0] [cxt 0] Looking up key:
* hdr.ipv4.dstAddr    : 00000000

[12:52:13.353] [bmv2] [D] [thread 7233] [76.0] [cxt 0] Table 'MyIngress.ipv4_forward': miss
[12:52:13.354] [bmv2] [D] [thread 7233] [76.0] [cxt 0] Action entry is MyIngress.drop - 
[12:52:13.354] [bmv2] [T] [thread 7233] [76.0] [cxt 0] Action MyIngress.drop
[12:52:13.354] [bmv2] [T] [thread 7233] [76.0] [cxt 0] straggler.p4(158) Primitive mark_to_drop(standard_metadata)
[12:52:13.354] [bmv2] [T] [thread 7233] [76.0] [cxt 0] straggler.p4(288) Condition "hdr.collective.isValid()" (node_3) is false
[12:52:13.354] [bmv2] [D] [thread 7233] [76.0] [cxt 0] Pipeline 'ingress': end
[12:52:13.354] [bmv2] [D] [thread 7233] [76.0] [cxt 0] Egress port is 511
[12:52:13.354] [bmv2] [D] [thread 7233] [76.0] [cxt 0] Dropping packet at the end of ingress
[12:52:13.548] [bmv2] [D] [thread 7233] [77.0] [cxt 0] Processing packet received on port 1
[12:52:13.548] [bmv2] [D] [thread 7233] [77.0] [cxt 0] Parser 'parser': start
[12:52:13.548] [bmv2] [D] [thread 7233] [77.0] [cxt 0] Parser 'parser' entering state 'start'
[12:52:13.548] [bmv2] [D] [thread 7233] [77.0] [cxt 0] Extracting header 'ethernet'
[12:52:13.548] [bmv2] [D] [thread 7233] [77.0] [cxt 0] Parser state 'start': key is 86dd
[12:52:13.548] [bmv2] [T] [thread 7233] [77.0] [cxt 0] Bytes parsed: 14
[12:52:13.548] [bmv2] [D] [thread 7233] [77.0] [cxt 0] Parser 'parser': end
[12:52:13.548] [bmv2] [D] [thread 7233] [77.0] [cxt 0] Pipeline 'ingress': start
[12:52:13.548] [bmv2] [T] [thread 7233] [77.0] [cxt 0] Applying table 'MyIngress.ipv4_forward'
[12:52:13.548] [bmv2] [D] [thread 7233] [77.0] [cxt 0] Looking up key:
* hdr.ipv4.dstAddr    : 00000000

[12:52:13.548] [bmv2] [D] [thread 7233] [77.0] [cxt 0] Table 'MyIngress.ipv4_forward': miss
[12:52:13.548] [bmv2] [D] [thread 7233] [77.0] [cxt 0] Action entry is MyIngress.drop - 
[12:52:13.548] [bmv2] [T] [thread 7233] [77.0] [cxt 0] Action MyIngress.drop
[12:52:13.548] [bmv2] [T] [thread 7233] [77.0] [cxt 0] straggler.p4(158) Primitive mark_to_drop(standard_metadata)
[12:52:13.548] [bmv2] [T] [thread 7233] [77.0] [cxt 0] straggler.p4(288) Condition "hdr.collective.isValid()" (node_3) is false
[12:52:13.548] [bmv2] [D] [thread 7233] [77.0] [cxt 0] Pipeline 'ingress': end
[12:52:13.548] [bmv2] [D] [thread 7233] [77.0] [cxt 0] Egress port is 511
[12:52:13.548] [bmv2] [D] [thread 7233] [77.0] [cxt 0] Dropping packet at the end of ingress
[12:52:13.868] [bmv2] [D] [thread 7233] [78.0] [cxt 0] Processing packet received on port 3
[12:52:13.869] [bmv2] [D] [thread 7233] [78.0] [cxt 0] Parser 'parser': start
[12:52:13.869] [bmv2] [D] [thread 7233] [78.0] [cxt 0] Parser 'parser' entering state 'start'
[12:52:13.869] [bmv2] [D] [thread 7233] [78.0] [cxt 0] Extracting header 'ethernet'
[12:52:13.869] [bmv2] [D] [thread 7233] [78.0] [cxt 0] Parser state 'start': key is 86dd
[12:52:13.869] [bmv2] [T] [thread 7233] [78.0] [cxt 0] Bytes parsed: 14
[12:52:13.869] [bmv2] [D] [thread 7233] [78.0] [cxt 0] Parser 'parser': end
[12:52:13.869] [bmv2] [D] [thread 7233] [78.0] [cxt 0] Pipeline 'ingress': start
[12:52:13.869] [bmv2] [T] [thread 7233] [78.0] [cxt 0] Applying table 'MyIngress.ipv4_forward'
[12:52:13.869] [bmv2] [D] [thread 7233] [78.0] [cxt 0] Looking up key:
* hdr.ipv4.dstAddr    : 00000000

[12:52:13.869] [bmv2] [D] [thread 7233] [78.0] [cxt 0] Table 'MyIngress.ipv4_forward': miss
[12:52:13.869] [bmv2] [D] [thread 7233] [78.0] [cxt 0] Action entry is MyIngress.drop - 
[12:52:13.869] [bmv2] [T] [thread 7233] [78.0] [cxt 0] Action MyIngress.drop
[12:52:13.869] [bmv2] [T] [thread 7233] [78.0] [cxt 0] straggler.p4(158) Primitive mark_to_drop(standard_metadata)
[12:52:13.869] [bmv2] [T] [thread 7233] [78.0] [cxt 0] straggler.p4(288) Condition "hdr.collective.isValid()" (node_3) is false
[12:52:13.869] [bmv2] [D] [thread 7233] [78.0] [cxt 0] Pipeline 'ingress': end
[12:52:13.869] [bmv2] [D] [thread 7233] [78.0] [cxt 0] Egress port is 511
[12:52:13.869] [bmv2] [D] [thread 7233] [78.0] [cxt 0] Dropping packet at the end of ingress
[12:52:13.929] [bmv2] [D] [thread 7233] [79.0] [cxt 0] Processing packet received on port 4
[12:52:13.929] [bmv2] [D] [thread 7233] [79.0] [cxt 0] Parser 'parser': start
[12:52:13.929] [bmv2] [D] [thread 7233] [79.0] [cxt 0] Parser 'parser' entering state 'start'
[12:52:13.929] [bmv2] [D] [thread 7233] [79.0] [cxt 0] Extracting header 'ethernet'
[12:52:13.929] [bmv2] [D] [thread 7233] [79.0] [cxt 0] Parser state 'start': key is 86dd
[12:52:13.929] [bmv2] [T] [thread 7233] [79.0] [cxt 0] Bytes parsed: 14
[12:52:13.929] [bmv2] [D] [thread 7233] [79.0] [cxt 0] Parser 'parser': end
[12:52:13.929] [bmv2] [D] [thread 7233] [79.0] [cxt 0] Pipeline 'ingress': start
[12:52:13.929] [bmv2] [T] [thread 7233] [79.0] [cxt 0] Applying table 'MyIngress.ipv4_forward'
[12:52:13.929] [bmv2] [D] [thread 7233] [79.0] [cxt 0] Looking up key:
* hdr.ipv4.dstAddr    : 00000000

[12:52:13.929] [bmv2] [D] [thread 7233] [79.0] [cxt 0] Table 'MyIngress.ipv4_forward': miss
[12:52:13.929] [bmv2] [D] [thread 7233] [79.0] [cxt 0] Action entry is MyIngress.drop - 
[12:52:13.929] [bmv2] [T] [thread 7233] [79.0] [cxt 0] Action MyIngress.drop
[12:52:13.929] [bmv2] [T] [thread 7233] [79.0] [cxt 0] straggler.p4(158) Primitive mark_to_drop(standard_metadata)
[12:52:13.929] [bmv2] [T] [thread 7233] [79.0] [cxt 0] straggler.p4(288) Condition "hdr.collective.isValid()" (node_3) is false
[12:52:13.929] [bmv2] [D] [thread 7233] [79.0] [cxt 0] Pipeline 'ingress': end
[12:52:13.929] [bmv2] [D] [thread 7233] [79.0] [cxt 0] Egress port is 511
[12:52:13.929] [bmv2] [D] [thread 7233] [79.0] [cxt 0] Dropping packet at the end of ingress
[12:52:14.551] [bmv2] [D] [thread 7233] [80.0] [cxt 0] Processing packet received on port 2
[12:52:14.551] [bmv2] [D] [thread 7233] [80.0] [cxt 0] Parser 'parser': start
[12:52:14.551] [bmv2] [D] [thread 7233] [80.0] [cxt 0] Parser 'parser' entering state 'start'
[12:52:14.551] [bmv2] [D] [thread 7233] [80.0] [cxt 0] Extracting header 'ethernet'
[12:52:14.551] [bmv2] [D] [thread 7233] [80.0] [cxt 0] Parser state 'start': key is 86dd
[12:52:14.551] [bmv2] [T] [thread 7233] [80.0] [cxt 0] Bytes parsed: 14
[12:52:14.551] [bmv2] [D] [thread 7233] [80.0] [cxt 0] Parser 'parser': end
[12:52:14.551] [bmv2] [D] [thread 7233] [80.0] [cxt 0] Pipeline 'ingress': start
[12:52:14.551] [bmv2] [T] [thread 7233] [80.0] [cxt 0] Applying table 'MyIngress.ipv4_forward'
[12:52:14.551] [bmv2] [D] [thread 7233] [80.0] [cxt 0] Looking up key:
* hdr.ipv4.dstAddr    : 00000000

[12:52:14.551] [bmv2] [D] [thread 7233] [80.0] [cxt 0] Table 'MyIngress.ipv4_forward': miss
[12:52:14.551] [bmv2] [D] [thread 7233] [80.0] [cxt 0] Action entry is MyIngress.drop - 
[12:52:14.551] [bmv2] [T] [thread 7233] [80.0] [cxt 0] Action MyIngress.drop
[12:52:14.551] [bmv2] [T] [thread 7233] [80.0] [cxt 0] straggler.p4(158) Primitive mark_to_drop(standard_metadata)
[12:52:14.551] [bmv2] [T] [thread 7233] [80.0] [cxt 0] straggler.p4(288) Condition "hdr.collective.isValid()" (node_3) is false
[12:52:14.551] [bmv2] [D] [thread 7233] [80.0] [cxt 0] Pipeline 'ingress': end
[12:52:14.551] [bmv2] [D] [thread 7233] [80.0] [cxt 0] Egress port is 511
[12:52:14.551] [bmv2] [D] [thread 7233] [80.0] [cxt 0] Dropping packet at the end of ingress
[12:52:14.551] [bmv2] [D] [thread 7233] [81.0] [cxt 0] Processing packet received on port 3
[12:52:14.551] [bmv2] [D] [thread 7233] [81.0] [cxt 0] Parser 'parser': start
[12:52:14.551] [bmv2] [D] [thread 7233] [81.0] [cxt 0] Parser 'parser' entering state 'start'
[12:52:14.551] [bmv2] [D] [thread 7233] [81.0] [cxt 0] Extracting header 'ethernet'
[12:52:14.551] [bmv2] [D] [thread 7233] [81.0] [cxt 0] Parser state 'start': key is 86dd
[12:52:14.551] [bmv2] [T] [thread 7233] [81.0] [cxt 0] Bytes parsed: 14
[12:52:14.551] [bmv2] [D] [thread 7233] [81.0] [cxt 0] Parser 'parser': end
[12:52:14.551] [bmv2] [D] [thread 7233] [81.0] [cxt 0] Pipeline 'ingress': start
[12:52:14.551] [bmv2] [T] [thread 7233] [81.0] [cxt 0] Applying table 'MyIngress.ipv4_forward'
[12:52:14.551] [bmv2] [D] [thread 7233] [81.0] [cxt 0] Looking up key:
* hdr.ipv4.dstAddr    : 00000000

[12:52:14.551] [bmv2] [D] [thread 7233] [81.0] [cxt 0] Table 'MyIngress.ipv4_forward': miss
[12:52:14.551] [bmv2] [D] [thread 7233] [81.0] [cxt 0] Action entry is MyIngress.drop - 
[12:52:14.551] [bmv2] [T] [thread 7233] [81.0] [cxt 0] Action MyIngress.drop
[12:52:14.551] [bmv2] [T] [thread 7233] [81.0] [cxt 0] straggler.p4(158) Primitive mark_to_drop(standard_metadata)
[12:52:14.551] [bmv2] [T] [thread 7233] [81.0] [cxt 0] straggler.p4(288) Condition "hdr.collective.isValid()" (node_3) is false
[12:52:14.552] [bmv2] [D] [thread 7233] [81.0] [cxt 0] Pipeline 'ingress': end
[12:52:14.552] [bmv2] [D] [thread 7233] [81.0] [cxt 0] Egress port is 511
[12:52:14.552] [bmv2] [D] [thread 7233] [81.0] [cxt 0] Dropping packet at the end of ingress
[12:52:14.608] [bmv2] [D] [thread 7233] [82.0] [cxt 0] Processing packet received on port 4
[12:52:14.608] [bmv2] [D] [thread 7233] [82.0] [cxt 0] Parser 'parser': start
[12:52:14.608] [bmv2] [D] [thread 7233] [82.0] [cxt 0] Parser 'parser' entering state 'start'
[12:52:14.608] [bmv2] [D] [thread 7233] [82.0] [cxt 0] Extracting header 'ethernet'
[12:52:14.609] [bmv2] [D] [thread 7233] [82.0] [cxt 0] Parser state 'start': key is 86dd
[12:52:14.609] [bmv2] [T] [thread 7233] [82.0] [cxt 0] Bytes parsed: 14
[12:52:14.609] [bmv2] [D] [thread 7233] [82.0] [cxt 0] Parser 'parser': end
[12:52:14.609] [bmv2] [D] [thread 7233] [82.0] [cxt 0] Pipeline 'ingress': start
[12:52:14.609] [bmv2] [T] [thread 7233] [82.0] [cxt 0] Applying table 'MyIngress.ipv4_forward'
[12:52:14.609] [bmv2] [D] [thread 7233] [82.0] [cxt 0] Looking up key:
* hdr.ipv4.dstAddr    : 00000000

[12:52:14.609] [bmv2] [D] [thread 7233] [82.0] [cxt 0] Table 'MyIngress.ipv4_forward': miss
[12:52:14.609] [bmv2] [D] [thread 7233] [82.0] [cxt 0] Action entry is MyIngress.drop - 
[12:52:14.609] [bmv2] [T] [thread 7233] [82.0] [cxt 0] Action MyIngress.drop
[12:52:14.609] [bmv2] [T] [thread 7233] [82.0] [cxt 0] straggler.p4(158) Primitive mark_to_drop(standard_metadata)
[12:52:14.609] [bmv2] [T] [thread 7233] [82.0] [cxt 0] straggler.p4(288) Condition "hdr.collective.isValid()" (node_3) is false
[12:52:14.609] [bmv2] [D] [thread 7233] [82.0] [cxt 0] Pipeline 'ingress': end
[12:52:14.609] [bmv2] [D] [thread 7233] [82.0] [cxt 0] Egress port is 511
[12:52:14.609] [bmv2] [D] [thread 7233] [82.0] [cxt 0] Dropping packet at the end of ingress
[12:52:14.799] [bmv2] [D] [thread 7233] [83.0] [cxt 0] Processing packet received on port 1
[12:52:14.799] [bmv2] [D] [thread 7233] [83.0] [cxt 0] Parser 'parser': start
[12:52:14.799] [bmv2] [D] [thread 7233] [83.0] [cxt 0] Parser 'parser' entering state 'start'
[12:52:14.799] [bmv2] [D] [thread 7233] [83.0] [cxt 0] Extracting header 'ethernet'
[12:52:14.799] [bmv2] [D] [thread 7233] [83.0] [cxt 0] Parser state 'start': key is 86dd
[12:52:14.799] [bmv2] [T] [thread 7233] [83.0] [cxt 0] Bytes parsed: 14
[12:52:14.799] [bmv2] [D] [thread 7233] [83.0] [cxt 0] Parser 'parser': end
[12:52:14.799] [bmv2] [D] [thread 7233] [83.0] [cxt 0] Pipeline 'ingress': start
[12:52:14.799] [bmv2] [T] [thread 7233] [83.0] [cxt 0] Applying table 'MyIngress.ipv4_forward'
[12:52:14.799] [bmv2] [D] [thread 7233] [83.0] [cxt 0] Looking up key:
* hdr.ipv4.dstAddr    : 00000000

[12:52:14.799] [bmv2] [D] [thread 7233] [83.0] [cxt 0] Table 'MyIngress.ipv4_forward': miss
[12:52:14.799] [bmv2] [D] [thread 7233] [83.0] [cxt 0] Action entry is MyIngress.drop - 
[12:52:14.799] [bmv2] [T] [thread 7233] [83.0] [cxt 0] Action MyIngress.drop
[12:52:14.799] [bmv2] [T] [thread 7233] [83.0] [cxt 0] straggler.p4(158) Primitive mark_to_drop(standard_metadata)
[12:52:14.800] [bmv2] [T] [thread 7233] [83.0] [cxt 0] straggler.p4(288) Condition "hdr.collective.isValid()" (node_3) is false
[12:52:14.800] [bmv2] [D] [thread 7233] [83.0] [cxt 0] Pipeline 'ingress': end
[12:52:14.800] [bmv2] [D] [thread 7233] [83.0] [cxt 0] Egress port is 511
[12:52:14.800] [bmv2] [D] [thread 7233] [83.0] [cxt 0] Dropping packet at the end of ingress
[12:52:15.120] [bmv2] [D] [thread 7233] [84.0] [cxt 0] Processing packet received on port 3
[12:52:15.120] [bmv2] [D] [thread 7233] [84.0] [cxt 0] Parser 'parser': start
[12:52:15.120] [bmv2] [D] [thread 7233] [84.0] [cxt 0] Parser 'parser' entering state 'start'
[12:52:15.120] [bmv2] [D] [thread 7233] [84.0] [cxt 0] Extracting header 'ethernet'
[12:52:15.120] [bmv2] [D] [thread 7233] [84.0] [cxt 0] Parser state 'start': key is 86dd
[12:52:15.120] [bmv2] [T] [thread 7233] [84.0] [cxt 0] Bytes parsed: 14
[12:52:15.120] [bmv2] [D] [thread 7233] [84.0] [cxt 0] Parser 'parser': end
[12:52:15.120] [bmv2] [D] [thread 7233] [84.0] [cxt 0] Pipeline 'ingress': start
[12:52:15.120] [bmv2] [T] [thread 7233] [84.0] [cxt 0] Applying table 'MyIngress.ipv4_forward'
[12:52:15.120] [bmv2] [D] [thread 7233] [84.0] [cxt 0] Looking up key:
* hdr.ipv4.dstAddr    : 00000000

[12:52:15.120] [bmv2] [D] [thread 7233] [84.0] [cxt 0] Table 'MyIngress.ipv4_forward': miss
[12:52:15.120] [bmv2] [D] [thread 7233] [84.0] [cxt 0] Action entry is MyIngress.drop - 
[12:52:15.120] [bmv2] [T] [thread 7233] [84.0] [cxt 0] Action MyIngress.drop
[12:52:15.120] [bmv2] [T] [thread 7233] [84.0] [cxt 0] straggler.p4(158) Primitive mark_to_drop(standard_metadata)
[12:52:15.120] [bmv2] [T] [thread 7233] [84.0] [cxt 0] straggler.p4(288) Condition "hdr.collective.isValid()" (node_3) is false
[12:52:15.120] [bmv2] [D] [thread 7233] [84.0] [cxt 0] Pipeline 'ingress': end
[12:52:15.120] [bmv2] [D] [thread 7233] [84.0] [cxt 0] Egress port is 511
[12:52:15.120] [bmv2] [D] [thread 7233] [84.0] [cxt 0] Dropping packet at the end of ingress
[12:52:15.184] [bmv2] [D] [thread 7233] [85.0] [cxt 0] Processing packet received on port 4
[12:52:15.184] [bmv2] [D] [thread 7233] [85.0] [cxt 0] Parser 'parser': start
[12:52:15.184] [bmv2] [D] [thread 7233] [85.0] [cxt 0] Parser 'parser' entering state 'start'
[12:52:15.184] [bmv2] [D] [thread 7233] [85.0] [cxt 0] Extracting header 'ethernet'
[12:52:15.184] [bmv2] [D] [thread 7233] [85.0] [cxt 0] Parser state 'start': key is 86dd
[12:52:15.184] [bmv2] [T] [thread 7233] [85.0] [cxt 0] Bytes parsed: 14
[12:52:15.184] [bmv2] [D] [thread 7233] [85.0] [cxt 0] Parser 'parser': end
[12:52:15.184] [bmv2] [D] [thread 7233] [85.0] [cxt 0] Pipeline 'ingress': start
[12:52:15.184] [bmv2] [T] [thread 7233] [85.0] [cxt 0] Applying table 'MyIngress.ipv4_forward'
[12:52:15.184] [bmv2] [D] [thread 7233] [85.0] [cxt 0] Looking up key:
* hdr.ipv4.dstAddr    : 00000000

[12:52:15.184] [bmv2] [D] [thread 7233] [85.0] [cxt 0] Table 'MyIngress.ipv4_forward': miss
[12:52:15.184] [bmv2] [D] [thread 7233] [85.0] [cxt 0] Action entry is MyIngress.drop - 
[12:52:15.184] [bmv2] [T] [thread 7233] [85.0] [cxt 0] Action MyIngress.drop
[12:52:15.184] [bmv2] [T] [thread 7233] [85.0] [cxt 0] straggler.p4(158) Primitive mark_to_drop(standard_metadata)
[12:52:15.184] [bmv2] [T] [thread 7233] [85.0] [cxt 0] straggler.p4(288) Condition "hdr.collective.isValid()" (node_3) is false
[12:52:15.184] [bmv2] [D] [thread 7233] [85.0] [cxt 0] Pipeline 'ingress': end
[12:52:15.184] [bmv2] [D] [thread 7233] [85.0] [cxt 0] Egress port is 511
[12:52:15.184] [bmv2] [D] [thread 7233] [85.0] [cxt 0] Dropping packet at the end of ingress
[12:52:15.344] [bmv2] [D] [thread 7233] [86.0] [cxt 0] Processing packet received on port 2
[12:52:15.344] [bmv2] [D] [thread 7233] [86.0] [cxt 0] Parser 'parser': start
[12:52:15.344] [bmv2] [D] [thread 7233] [86.0] [cxt 0] Parser 'parser' entering state 'start'
[12:52:15.344] [bmv2] [D] [thread 7233] [86.0] [cxt 0] Extracting header 'ethernet'
[12:52:15.344] [bmv2] [D] [thread 7233] [86.0] [cxt 0] Parser state 'start': key is 86dd
[12:52:15.344] [bmv2] [T] [thread 7233] [86.0] [cxt 0] Bytes parsed: 14
[12:52:15.344] [bmv2] [D] [thread 7233] [86.0] [cxt 0] Parser 'parser': end
[12:52:15.344] [bmv2] [D] [thread 7233] [86.0] [cxt 0] Pipeline 'ingress': start
[12:52:15.344] [bmv2] [T] [thread 7233] [86.0] [cxt 0] Applying table 'MyIngress.ipv4_forward'
[12:52:15.344] [bmv2] [D] [thread 7233] [86.0] [cxt 0] Looking up key:
* hdr.ipv4.dstAddr    : 00000000

[12:52:15.344] [bmv2] [D] [thread 7233] [86.0] [cxt 0] Table 'MyIngress.ipv4_forward': miss
[12:52:15.344] [bmv2] [D] [thread 7233] [86.0] [cxt 0] Action entry is MyIngress.drop - 
[12:52:15.344] [bmv2] [T] [thread 7233] [86.0] [cxt 0] Action MyIngress.drop
[12:52:15.344] [bmv2] [T] [thread 7233] [86.0] [cxt 0] straggler.p4(158) Primitive mark_to_drop(standard_metadata)
[12:52:15.344] [bmv2] [T] [thread 7233] [86.0] [cxt 0] straggler.p4(288) Condition "hdr.collective.isValid()" (node_3) is false
[12:52:15.344] [bmv2] [D] [thread 7233] [86.0] [cxt 0] Pipeline 'ingress': end
[12:52:15.344] [bmv2] [D] [thread 7233] [86.0] [cxt 0] Egress port is 511
[12:52:15.344] [bmv2] [D] [thread 7233] [86.0] [cxt 0] Dropping packet at the end of ingress
[12:52:15.345] [bmv2] [D] [thread 7233] [87.0] [cxt 0] Processing packet received on port 2
[12:52:15.345] [bmv2] [D] [thread 7233] [87.0] [cxt 0] Parser 'parser': start
[12:52:15.345] [bmv2] [D] [thread 7233] [87.0] [cxt 0] Parser 'parser' entering state 'start'
[12:52:15.345] [bmv2] [D] [thread 7233] [87.0] [cxt 0] Extracting header 'ethernet'
[12:52:15.345] [bmv2] [D] [thread 7233] [87.0] [cxt 0] Parser state 'start': key is 86dd
[12:52:15.345] [bmv2] [T] [thread 7233] [87.0] [cxt 0] Bytes parsed: 14
[12:52:15.345] [bmv2] [D] [thread 7233] [87.0] [cxt 0] Parser 'parser': end
[12:52:15.345] [bmv2] [D] [thread 7233] [87.0] [cxt 0] Pipeline 'ingress': start
[12:52:15.345] [bmv2] [T] [thread 7233] [87.0] [cxt 0] Applying table 'MyIngress.ipv4_forward'
[12:52:15.345] [bmv2] [D] [thread 7233] [87.0] [cxt 0] Looking up key:
* hdr.ipv4.dstAddr    : 00000000

[12:52:15.345] [bmv2] [D] [thread 7233] [87.0] [cxt 0] Table 'MyIngress.ipv4_forward': miss
[12:52:15.345] [bmv2] [D] [thread 7233] [87.0] [cxt 0] Action entry is MyIngress.drop - 
[12:52:15.345] [bmv2] [T] [thread 7233] [87.0] [cxt 0] Action MyIngress.drop
[12:52:15.345] [bmv2] [T] [thread 7233] [87.0] [cxt 0] straggler.p4(158) Primitive mark_to_drop(standard_metadata)
[12:52:15.345] [bmv2] [T] [thread 7233] [87.0] [cxt 0] straggler.p4(288) Condition "hdr.collective.isValid()" (node_3) is false
[12:52:15.345] [bmv2] [D] [thread 7233] [87.0] [cxt 0] Pipeline 'ingress': end
[12:52:15.346] [bmv2] [D] [thread 7233] [87.0] [cxt 0] Egress port is 511
[12:52:15.346] [bmv2] [D] [thread 7233] [87.0] [cxt 0] Dropping packet at the end of ingress
[12:52:15.346] [bmv2] [D] [thread 7233] [88.0] [cxt 0] Processing packet received on port 3
[12:52:15.346] [bmv2] [D] [thread 7233] [88.0] [cxt 0] Parser 'parser': start
[12:52:15.346] [bmv2] [D] [thread 7233] [88.0] [cxt 0] Parser 'parser' entering state 'start'
[12:52:15.346] [bmv2] [D] [thread 7233] [88.0] [cxt 0] Extracting header 'ethernet'
[12:52:15.346] [bmv2] [D] [thread 7233] [88.0] [cxt 0] Parser state 'start': key is 86dd
[12:52:15.346] [bmv2] [T] [thread 7233] [88.0] [cxt 0] Bytes parsed: 14
[12:52:15.346] [bmv2] [D] [thread 7233] [88.0] [cxt 0] Parser 'parser': end
[12:52:15.346] [bmv2] [D] [thread 7233] [88.0] [cxt 0] Pipeline 'ingress': start
[12:52:15.346] [bmv2] [T] [thread 7233] [88.0] [cxt 0] Applying table 'MyIngress.ipv4_forward'
[12:52:15.346] [bmv2] [D] [thread 7233] [88.0] [cxt 0] Looking up key:
* hdr.ipv4.dstAddr    : 00000000

[12:52:15.346] [bmv2] [D] [thread 7233] [88.0] [cxt 0] Table 'MyIngress.ipv4_forward': miss
[12:52:15.346] [bmv2] [D] [thread 7233] [88.0] [cxt 0] Action entry is MyIngress.drop - 
[12:52:15.346] [bmv2] [T] [thread 7233] [88.0] [cxt 0] Action MyIngress.drop
[12:52:15.346] [bmv2] [T] [thread 7233] [88.0] [cxt 0] straggler.p4(158) Primitive mark_to_drop(standard_metadata)
[12:52:15.346] [bmv2] [T] [thread 7233] [88.0] [cxt 0] straggler.p4(288) Condition "hdr.collective.isValid()" (node_3) is false
[12:52:15.346] [bmv2] [D] [thread 7233] [88.0] [cxt 0] Pipeline 'ingress': end
[12:52:15.346] [bmv2] [D] [thread 7233] [88.0] [cxt 0] Egress port is 511
[12:52:15.346] [bmv2] [D] [thread 7233] [88.0] [cxt 0] Dropping packet at the end of ingress
[12:52:15.401] [bmv2] [D] [thread 7233] [89.0] [cxt 0] Processing packet received on port 4
[12:52:15.401] [bmv2] [D] [thread 7233] [89.0] [cxt 0] Parser 'parser': start
[12:52:15.401] [bmv2] [D] [thread 7233] [89.0] [cxt 0] Parser 'parser' entering state 'start'
[12:52:15.401] [bmv2] [D] [thread 7233] [89.0] [cxt 0] Extracting header 'ethernet'
[12:52:15.401] [bmv2] [D] [thread 7233] [89.0] [cxt 0] Parser state 'start': key is 86dd
[12:52:15.401] [bmv2] [T] [thread 7233] [89.0] [cxt 0] Bytes parsed: 14
[12:52:15.401] [bmv2] [D] [thread 7233] [89.0] [cxt 0] Parser 'parser': end
[12:52:15.401] [bmv2] [D] [thread 7233] [89.0] [cxt 0] Pipeline 'ingress': start
[12:52:15.401] [bmv2] [T] [thread 7233] [89.0] [cxt 0] Applying table 'MyIngress.ipv4_forward'
[12:52:15.401] [bmv2] [D] [thread 7233] [89.0] [cxt 0] Looking up key:
* hdr.ipv4.dstAddr    : 00000000

[12:52:15.401] [bmv2] [D] [thread 7233] [89.0] [cxt 0] Table 'MyIngress.ipv4_forward': miss
[12:52:15.401] [bmv2] [D] [thread 7233] [89.0] [cxt 0] Action entry is MyIngress.drop - 
[12:52:15.401] [bmv2] [T] [thread 7233] [89.0] [cxt 0] Action MyIngress.drop
[12:52:15.401] [bmv2] [T] [thread 7233] [89.0] [cxt 0] straggler.p4(158) Primitive mark_to_drop(standard_metadata)
[12:52:15.401] [bmv2] [T] [thread 7233] [89.0] [cxt 0] straggler.p4(288) Condition "hdr.collective.isValid()" (node_3) is false
[12:52:15.401] [bmv2] [D] [thread 7233] [89.0] [cxt 0] Pipeline 'ingress': end
[12:52:15.401] [bmv2] [D] [thread 7233] [89.0] [cxt 0] Egress port is 511
[12:52:15.401] [bmv2] [D] [thread 7233] [89.0] [cxt 0] Dropping packet at the end of ingress
[12:52:15.472] [bmv2] [D] [thread 7233] [90.0] [cxt 0] Processing packet received on port 1
[12:52:15.472] [bmv2] [D] [thread 7233] [90.0] [cxt 0] Parser 'parser': start
[12:52:15.472] [bmv2] [D] [thread 7233] [90.0] [cxt 0] Parser 'parser' entering state 'start'
[12:52:15.472] [bmv2] [D] [thread 7233] [90.0] [cxt 0] Extracting header 'ethernet'
[12:52:15.472] [bmv2] [D] [thread 7233] [90.0] [cxt 0] Parser state 'start': key is 86dd
[12:52:15.472] [bmv2] [T] [thread 7233] [90.0] [cxt 0] Bytes parsed: 14
[12:52:15.472] [bmv2] [D] [thread 7233] [90.0] [cxt 0] Parser 'parser': end
[12:52:15.472] [bmv2] [D] [thread 7233] [90.0] [cxt 0] Pipeline 'ingress': start
[12:52:15.472] [bmv2] [T] [thread 7233] [90.0] [cxt 0] Applying table 'MyIngress.ipv4_forward'
[12:52:15.472] [bmv2] [D] [thread 7233] [90.0] [cxt 0] Looking up key:
* hdr.ipv4.dstAddr    : 00000000

[12:52:15.472] [bmv2] [D] [thread 7233] [90.0] [cxt 0] Table 'MyIngress.ipv4_forward': miss
[12:52:15.472] [bmv2] [D] [thread 7233] [90.0] [cxt 0] Action entry is MyIngress.drop - 
[12:52:15.472] [bmv2] [T] [thread 7233] [90.0] [cxt 0] Action MyIngress.drop
[12:52:15.472] [bmv2] [T] [thread 7233] [90.0] [cxt 0] straggler.p4(158) Primitive mark_to_drop(standard_metadata)
[12:52:15.472] [bmv2] [T] [thread 7233] [90.0] [cxt 0] straggler.p4(288) Condition "hdr.collective.isValid()" (node_3) is false
[12:52:15.472] [bmv2] [D] [thread 7233] [90.0] [cxt 0] Pipeline 'ingress': end
[12:52:15.472] [bmv2] [D] [thread 7233] [90.0] [cxt 0] Egress port is 511
[12:52:15.472] [bmv2] [D] [thread 7233] [90.0] [cxt 0] Dropping packet at the end of ingress
[12:52:15.536] [bmv2] [D] [thread 7233] [91.0] [cxt 0] Processing packet received on port 4
[12:52:15.536] [bmv2] [D] [thread 7233] [91.0] [cxt 0] Parser 'parser': start
[12:52:15.536] [bmv2] [D] [thread 7233] [91.0] [cxt 0] Parser 'parser' entering state 'start'
[12:52:15.536] [bmv2] [D] [thread 7233] [91.0] [cxt 0] Extracting header 'ethernet'
[12:52:15.536] [bmv2] [D] [thread 7233] [91.0] [cxt 0] Parser state 'start': key is 86dd
[12:52:15.536] [bmv2] [T] [thread 7233] [91.0] [cxt 0] Bytes parsed: 14
[12:52:15.536] [bmv2] [D] [thread 7233] [91.0] [cxt 0] Parser 'parser': end
[12:52:15.536] [bmv2] [D] [thread 7233] [91.0] [cxt 0] Pipeline 'ingress': start
[12:52:15.536] [bmv2] [T] [thread 7233] [91.0] [cxt 0] Applying table 'MyIngress.ipv4_forward'
[12:52:15.536] [bmv2] [D] [thread 7233] [91.0] [cxt 0] Looking up key:
* hdr.ipv4.dstAddr    : 00000000

[12:52:15.536] [bmv2] [D] [thread 7233] [91.0] [cxt 0] Table 'MyIngress.ipv4_forward': miss
[12:52:15.536] [bmv2] [D] [thread 7233] [91.0] [cxt 0] Action entry is MyIngress.drop - 
[12:52:15.536] [bmv2] [T] [thread 7233] [91.0] [cxt 0] Action MyIngress.drop
[12:52:15.536] [bmv2] [T] [thread 7233] [91.0] [cxt 0] straggler.p4(158) Primitive mark_to_drop(standard_metadata)
[12:52:15.536] [bmv2] [T] [thread 7233] [91.0] [cxt 0] straggler.p4(288) Condition "hdr.collective.isValid()" (node_3) is false
[12:52:15.536] [bmv2] [D] [thread 7233] [91.0] [cxt 0] Pipeline 'ingress': end
[12:52:15.536] [bmv2] [D] [thread 7233] [91.0] [cxt 0] Egress port is 511
[12:52:15.536] [bmv2] [D] [thread 7233] [91.0] [cxt 0] Dropping packet at the end of ingress
[12:52:15.597] [bmv2] [D] [thread 7233] [92.0] [cxt 0] Processing packet received on port 1
[12:52:15.597] [bmv2] [D] [thread 7233] [92.0] [cxt 0] Parser 'parser': start
[12:52:15.597] [bmv2] [D] [thread 7233] [92.0] [cxt 0] Parser 'parser' entering state 'start'
[12:52:15.597] [bmv2] [D] [thread 7233] [92.0] [cxt 0] Extracting header 'ethernet'
[12:52:15.597] [bmv2] [D] [thread 7233] [92.0] [cxt 0] Parser state 'start': key is 86dd
[12:52:15.597] [bmv2] [T] [thread 7233] [92.0] [cxt 0] Bytes parsed: 14
[12:52:15.597] [bmv2] [D] [thread 7233] [92.0] [cxt 0] Parser 'parser': end
[12:52:15.597] [bmv2] [D] [thread 7233] [92.0] [cxt 0] Pipeline 'ingress': start
[12:52:15.597] [bmv2] [T] [thread 7233] [92.0] [cxt 0] Applying table 'MyIngress.ipv4_forward'
[12:52:15.597] [bmv2] [D] [thread 7233] [92.0] [cxt 0] Looking up key:
* hdr.ipv4.dstAddr    : 00000000

[12:52:15.597] [bmv2] [D] [thread 7233] [92.0] [cxt 0] Table 'MyIngress.ipv4_forward': miss
[12:52:15.597] [bmv2] [D] [thread 7233] [92.0] [cxt 0] Action entry is MyIngress.drop - 
[12:52:15.597] [bmv2] [T] [thread 7233] [92.0] [cxt 0] Action MyIngress.drop
[12:52:15.597] [bmv2] [T] [thread 7233] [92.0] [cxt 0] straggler.p4(158) Primitive mark_to_drop(standard_metadata)
[12:52:15.597] [bmv2] [T] [thread 7233] [92.0] [cxt 0] straggler.p4(288) Condition "hdr.collective.isValid()" (node_3) is false
[12:52:15.597] [bmv2] [D] [thread 7233] [92.0] [cxt 0] Pipeline 'ingress': end
[12:52:15.597] [bmv2] [D] [thread 7233] [92.0] [cxt 0] Egress port is 511
[12:52:15.597] [bmv2] [D] [thread 7233] [92.0] [cxt 0] Dropping packet at the end of ingress
[12:52:15.917] [bmv2] [D] [thread 7233] [93.0] [cxt 0] Processing packet received on port 3
[12:52:15.917] [bmv2] [D] [thread 7233] [93.0] [cxt 0] Parser 'parser': start
[12:52:15.917] [bmv2] [D] [thread 7233] [93.0] [cxt 0] Parser 'parser' entering state 'start'
[12:52:15.917] [bmv2] [D] [thread 7233] [93.0] [cxt 0] Extracting header 'ethernet'
[12:52:15.917] [bmv2] [D] [thread 7233] [93.0] [cxt 0] Parser state 'start': key is 86dd
[12:52:15.917] [bmv2] [T] [thread 7233] [93.0] [cxt 0] Bytes parsed: 14
[12:52:15.917] [bmv2] [D] [thread 7233] [93.0] [cxt 0] Parser 'parser': end
[12:52:15.917] [bmv2] [D] [thread 7233] [93.0] [cxt 0] Pipeline 'ingress': start
[12:52:15.917] [bmv2] [T] [thread 7233] [93.0] [cxt 0] Applying table 'MyIngress.ipv4_forward'
[12:52:15.917] [bmv2] [D] [thread 7233] [93.0] [cxt 0] Looking up key:
* hdr.ipv4.dstAddr    : 00000000

[12:52:15.917] [bmv2] [D] [thread 7233] [93.0] [cxt 0] Table 'MyIngress.ipv4_forward': miss
[12:52:15.917] [bmv2] [D] [thread 7233] [93.0] [cxt 0] Action entry is MyIngress.drop - 
[12:52:15.917] [bmv2] [T] [thread 7233] [93.0] [cxt 0] Action MyIngress.drop
[12:52:15.917] [bmv2] [T] [thread 7233] [93.0] [cxt 0] straggler.p4(158) Primitive mark_to_drop(standard_metadata)
[12:52:15.917] [bmv2] [T] [thread 7233] [93.0] [cxt 0] straggler.p4(288) Condition "hdr.collective.isValid()" (node_3) is false
[12:52:15.917] [bmv2] [D] [thread 7233] [93.0] [cxt 0] Pipeline 'ingress': end
[12:52:15.917] [bmv2] [D] [thread 7233] [93.0] [cxt 0] Egress port is 511
[12:52:15.917] [bmv2] [D] [thread 7233] [93.0] [cxt 0] Dropping packet at the end of ingress
[12:52:15.919] [bmv2] [D] [thread 7233] [94.0] [cxt 0] Processing packet received on port 3
[12:52:15.919] [bmv2] [D] [thread 7233] [94.0] [cxt 0] Parser 'parser': start
[12:52:15.919] [bmv2] [D] [thread 7233] [94.0] [cxt 0] Parser 'parser' entering state 'start'
[12:52:15.919] [bmv2] [D] [thread 7233] [94.0] [cxt 0] Extracting header 'ethernet'
[12:52:15.919] [bmv2] [D] [thread 7233] [94.0] [cxt 0] Parser state 'start': key is 86dd
[12:52:15.919] [bmv2] [T] [thread 7233] [94.0] [cxt 0] Bytes parsed: 14
[12:52:15.919] [bmv2] [D] [thread 7233] [94.0] [cxt 0] Parser 'parser': end
[12:52:15.919] [bmv2] [D] [thread 7233] [94.0] [cxt 0] Pipeline 'ingress': start
[12:52:15.919] [bmv2] [T] [thread 7233] [94.0] [cxt 0] Applying table 'MyIngress.ipv4_forward'
[12:52:15.920] [bmv2] [D] [thread 7233] [94.0] [cxt 0] Looking up key:
* hdr.ipv4.dstAddr    : 00000000

[12:52:15.920] [bmv2] [D] [thread 7233] [94.0] [cxt 0] Table 'MyIngress.ipv4_forward': miss
[12:52:15.920] [bmv2] [D] [thread 7233] [94.0] [cxt 0] Action entry is MyIngress.drop - 
[12:52:15.920] [bmv2] [T] [thread 7233] [94.0] [cxt 0] Action MyIngress.drop
[12:52:15.920] [bmv2] [T] [thread 7233] [94.0] [cxt 0] straggler.p4(158) Primitive mark_to_drop(standard_metadata)
[12:52:15.920] [bmv2] [T] [thread 7233] [94.0] [cxt 0] straggler.p4(288) Condition "hdr.collective.isValid()" (node_3) is false
[12:52:15.920] [bmv2] [D] [thread 7233] [94.0] [cxt 0] Pipeline 'ingress': end
[12:52:15.920] [bmv2] [D] [thread 7233] [94.0] [cxt 0] Egress port is 511
[12:52:15.920] [bmv2] [D] [thread 7233] [94.0] [cxt 0] Dropping packet at the end of ingress
[12:52:15.978] [bmv2] [D] [thread 7233] [95.0] [cxt 0] Processing packet received on port 4
[12:52:15.978] [bmv2] [D] [thread 7233] [95.0] [cxt 0] Parser 'parser': start
[12:52:15.978] [bmv2] [D] [thread 7233] [95.0] [cxt 0] Parser 'parser' entering state 'start'
[12:52:15.978] [bmv2] [D] [thread 7233] [95.0] [cxt 0] Extracting header 'ethernet'
[12:52:15.978] [bmv2] [D] [thread 7233] [95.0] [cxt 0] Parser state 'start': key is 86dd
[12:52:15.978] [bmv2] [T] [thread 7233] [95.0] [cxt 0] Bytes parsed: 14
[12:52:15.978] [bmv2] [D] [thread 7233] [95.0] [cxt 0] Parser 'parser': end
[12:52:15.978] [bmv2] [D] [thread 7233] [95.0] [cxt 0] Pipeline 'ingress': start
[12:52:15.978] [bmv2] [T] [thread 7233] [95.0] [cxt 0] Applying table 'MyIngress.ipv4_forward'
[12:52:15.978] [bmv2] [D] [thread 7233] [95.0] [cxt 0] Looking up key:
* hdr.ipv4.dstAddr    : 00000000

[12:52:15.978] [bmv2] [D] [thread 7233] [95.0] [cxt 0] Table 'MyIngress.ipv4_forward': miss
[12:52:15.978] [bmv2] [D] [thread 7233] [95.0] [cxt 0] Action entry is MyIngress.drop - 
[12:52:15.978] [bmv2] [T] [thread 7233] [95.0] [cxt 0] Action MyIngress.drop
[12:52:15.978] [bmv2] [T] [thread 7233] [95.0] [cxt 0] straggler.p4(158) Primitive mark_to_drop(standard_metadata)
[12:52:15.978] [bmv2] [T] [thread 7233] [95.0] [cxt 0] straggler.p4(288) Condition "hdr.collective.isValid()" (node_3) is false
[12:52:15.978] [bmv2] [D] [thread 7233] [95.0] [cxt 0] Pipeline 'ingress': end
[12:52:15.978] [bmv2] [D] [thread 7233] [95.0] [cxt 0] Egress port is 511
[12:52:15.978] [bmv2] [D] [thread 7233] [95.0] [cxt 0] Dropping packet at the end of ingress
[12:52:16.432] [bmv2] [D] [thread 7233] [96.0] [cxt 0] Processing packet received on port 3
[12:52:16.432] [bmv2] [D] [thread 7233] [96.0] [cxt 0] Parser 'parser': start
[12:52:16.432] [bmv2] [D] [thread 7233] [96.0] [cxt 0] Parser 'parser' entering state 'start'
[12:52:16.432] [bmv2] [D] [thread 7233] [96.0] [cxt 0] Extracting header 'ethernet'
[12:52:16.432] [bmv2] [D] [thread 7233] [96.0] [cxt 0] Parser state 'start': key is 86dd
[12:52:16.432] [bmv2] [T] [thread 7233] [96.0] [cxt 0] Bytes parsed: 14
[12:52:16.432] [bmv2] [D] [thread 7233] [96.0] [cxt 0] Parser 'parser': end
[12:52:16.432] [bmv2] [D] [thread 7233] [96.0] [cxt 0] Pipeline 'ingress': start
[12:52:16.432] [bmv2] [T] [thread 7233] [96.0] [cxt 0] Applying table 'MyIngress.ipv4_forward'
[12:52:16.432] [bmv2] [D] [thread 7233] [96.0] [cxt 0] Looking up key:
* hdr.ipv4.dstAddr    : 00000000

[12:52:16.432] [bmv2] [D] [thread 7233] [96.0] [cxt 0] Table 'MyIngress.ipv4_forward': miss
[12:52:16.432] [bmv2] [D] [thread 7233] [96.0] [cxt 0] Action entry is MyIngress.drop - 
[12:52:16.432] [bmv2] [T] [thread 7233] [96.0] [cxt 0] Action MyIngress.drop
[12:52:16.432] [bmv2] [T] [thread 7233] [96.0] [cxt 0] straggler.p4(158) Primitive mark_to_drop(standard_metadata)
[12:52:16.432] [bmv2] [T] [thread 7233] [96.0] [cxt 0] straggler.p4(288) Condition "hdr.collective.isValid()" (node_3) is false
[12:52:16.432] [bmv2] [D] [thread 7233] [96.0] [cxt 0] Pipeline 'ingress': end
[12:52:16.432] [bmv2] [D] [thread 7233] [96.0] [cxt 0] Egress port is 511
[12:52:16.432] [bmv2] [D] [thread 7233] [96.0] [cxt 0] Dropping packet at the end of ingress
[12:52:16.432] [bmv2] [D] [thread 7233] [97.0] [cxt 0] Processing packet received on port 4
[12:52:16.432] [bmv2] [D] [thread 7233] [97.0] [cxt 0] Parser 'parser': start
[12:52:16.432] [bmv2] [D] [thread 7233] [97.0] [cxt 0] Parser 'parser' entering state 'start'
[12:52:16.432] [bmv2] [D] [thread 7233] [97.0] [cxt 0] Extracting header 'ethernet'
[12:52:16.432] [bmv2] [D] [thread 7233] [97.0] [cxt 0] Parser state 'start': key is 86dd
[12:52:16.432] [bmv2] [T] [thread 7233] [97.0] [cxt 0] Bytes parsed: 14
[12:52:16.432] [bmv2] [D] [thread 7233] [97.0] [cxt 0] Parser 'parser': end
[12:52:16.432] [bmv2] [D] [thread 7233] [97.0] [cxt 0] Pipeline 'ingress': start
[12:52:16.432] [bmv2] [T] [thread 7233] [97.0] [cxt 0] Applying table 'MyIngress.ipv4_forward'
[12:52:16.432] [bmv2] [D] [thread 7233] [97.0] [cxt 0] Looking up key:
* hdr.ipv4.dstAddr    : 00000000

[12:52:16.432] [bmv2] [D] [thread 7233] [97.0] [cxt 0] Table 'MyIngress.ipv4_forward': miss
[12:52:16.432] [bmv2] [D] [thread 7233] [97.0] [cxt 0] Action entry is MyIngress.drop - 
[12:52:16.432] [bmv2] [T] [thread 7233] [97.0] [cxt 0] Action MyIngress.drop
[12:52:16.432] [bmv2] [T] [thread 7233] [97.0] [cxt 0] straggler.p4(158) Primitive mark_to_drop(standard_metadata)
[12:52:16.432] [bmv2] [T] [thread 7233] [97.0] [cxt 0] straggler.p4(288) Condition "hdr.collective.isValid()" (node_3) is false
[12:52:16.432] [bmv2] [D] [thread 7233] [97.0] [cxt 0] Pipeline 'ingress': end
[12:52:16.432] [bmv2] [D] [thread 7233] [97.0] [cxt 0] Egress port is 511
[12:52:16.432] [bmv2] [D] [thread 7233] [97.0] [cxt 0] Dropping packet at the end of ingress
[12:52:18.026] [bmv2] [D] [thread 7233] [98.0] [cxt 0] Processing packet received on port 1
[12:52:18.026] [bmv2] [D] [thread 7233] [98.0] [cxt 0] Parser 'parser': start
[12:52:18.026] [bmv2] [D] [thread 7233] [98.0] [cxt 0] Parser 'parser' entering state 'start'
[12:52:18.026] [bmv2] [D] [thread 7233] [98.0] [cxt 0] Extracting header 'ethernet'
[12:52:18.029] [bmv2] [D] [thread 7233] [98.0] [cxt 0] Parser state 'start': key is 0800
[12:52:18.029] [bmv2] [T] [thread 7233] [98.0] [cxt 0] Bytes parsed: 14
[12:52:18.029] [bmv2] [D] [thread 7233] [98.0] [cxt 0] Parser 'parser' entering state 'parse_ipv4'
[12:52:18.029] [bmv2] [D] [thread 7233] [98.0] [cxt 0] Extracting header 'ipv4'
[12:52:18.029] [bmv2] [D] [thread 7233] [98.0] [cxt 0] Parser state 'parse_ipv4': key is 11
[12:52:18.029] [bmv2] [T] [thread 7233] [98.0] [cxt 0] Bytes parsed: 34
[12:52:18.029] [bmv2] [D] [thread 7233] [98.0] [cxt 0] Parser 'parser' entering state 'parse_udp'
[12:52:18.029] [bmv2] [D] [thread 7233] [98.0] [cxt 0] Extracting header 'udp'
[12:52:18.029] [bmv2] [D] [thread 7233] [98.0] [cxt 0] Extracting header 'collective'
[12:52:18.029] [bmv2] [D] [thread 7233] [98.0] [cxt 0] Parser state 'parse_udp' has no switch, going to default next state
[12:52:18.029] [bmv2] [T] [thread 7233] [98.0] [cxt 0] Bytes parsed: 48
[12:52:18.029] [bmv2] [D] [thread 7233] [98.0] [cxt 0] Parser 'parser': end
[12:52:18.029] [bmv2] [D] [thread 7233] [98.0] [cxt 0] Pipeline 'ingress': start
[12:52:18.030] [bmv2] [T] [thread 7233] [98.0] [cxt 0] Applying table 'MyIngress.ipv4_forward'
[12:52:18.030] [bmv2] [D] [thread 7233] [98.0] [cxt 0] Looking up key:
* hdr.ipv4.dstAddr    : 0a000404

[12:52:18.030] [bmv2] [D] [thread 7233] [98.0] [cxt 0] Table 'MyIngress.ipv4_forward': hit with handle 3
[12:52:18.030] [bmv2] [D] [thread 7233] [98.0] [cxt 0] Dumping entry 3
Match key:
* hdr.ipv4.dstAddr    : EXACT     0a000404
Action entry: MyIngress.forward - 4,

[12:52:18.030] [bmv2] [D] [thread 7233] [98.0] [cxt 0] Action entry is MyIngress.forward - 4,
[12:52:18.030] [bmv2] [T] [thread 7233] [98.0] [cxt 0] Action MyIngress.forward
[12:52:18.030] [bmv2] [T] [thread 7233] [98.0] [cxt 0] straggler.p4(162) Primitive standard_metadata.egress_spec = port
[12:52:18.030] [bmv2] [T] [thread 7233] [98.0] [cxt 0] straggler.p4(288) Condition "hdr.collective.isValid()" (node_3) is true
[12:52:18.030] [bmv2] [T] [thread 7233] [98.0] [cxt 0] Applying table 'tbl_detect_straggler'
[12:52:18.030] [bmv2] [D] [thread 7233] [98.0] [cxt 0] Looking up key:

[12:52:18.030] [bmv2] [D] [thread 7233] [98.0] [cxt 0] Table 'tbl_detect_straggler': miss
[12:52:18.030] [bmv2] [D] [thread 7233] [98.0] [cxt 0] Action entry is MyIngress.detect_straggler - 
[12:52:18.030] [bmv2] [T] [thread 7233] [98.0] [cxt 0] Action MyIngress.detect_straggler
[12:52:18.030] [bmv2] [T] [thread 7233] [98.0] [cxt 0] straggler.p4(228) Primitive hdr.collective.collective_id
[12:52:18.030] [bmv2] [T] [thread 7233] [98.0] [cxt 0] straggler.p4(229) Primitive hdr.collective.flow_id
[12:52:18.030] [bmv2] [T] [thread 7233] [98.0] [cxt 0] straggler.p4(227) Primitive hash(index, HashAlgorithm.crc16, (bit<32>) 0, { ...
[12:52:18.030] [bmv2] [T] [thread 7233] [98.0] [cxt 0] hash(base=0, max=65536) = 619
[12:52:18.030] [bmv2] [T] [thread 7233] [98.0] [cxt 0] straggler.p4(233) Primitive min_timestamp_reg.read(old_min, index)
[12:52:18.030] [bmv2] [T] [thread 7233] [98.0] [cxt 0] Read register 'min_timestamp_reg' at index 619 read value 0
[12:52:18.030] [bmv2] [T] [thread 7233] [98.0] [cxt 0] straggler.p4(234) Primitive max_timestamp_reg.read(old_max, index)
[12:52:18.031] [bmv2] [T] [thread 7233] [98.0] [cxt 0] Read register 'max_timestamp_reg' at index 619 read value 0
[12:52:18.031] [bmv2] [T] [thread 7233] [98.0] [cxt 0] straggler.p4(235) Primitive min_participant_reg.read(old_min_participant, index)
[12:52:18.031] [bmv2] [T] [thread 7233] [98.0] [cxt 0] Read register 'min_participant_reg' at index 619 read value 0
[12:52:18.031] [bmv2] [T] [thread 7233] [98.0] [cxt 0] straggler.p4(236) Primitive max_participant_reg.read(old_max_participant, index)
[12:52:18.031] [bmv2] [T] [thread 7233] [98.0] [cxt 0] Read register 'max_participant_reg' at index 619 read value 0
[12:52:18.031] [bmv2] [T] [thread 7233] [98.0] [cxt 0] straggler.p4(243) Primitive if
[12:52:18.031] [bmv2] [T] [thread 7233] [98.0] [cxt 0] straggler.p4(244) Primitive old_min = now
[12:52:18.031] [bmv2] [T] [thread 7233] [98.0] [cxt 0] straggler.p4(245) Primitive old_max = now
[12:52:18.031] [bmv2] [T] [thread 7233] [98.0] [cxt 0] straggler.p4(246) Primitive old_min_participant = 1
[12:52:18.031] [bmv2] [T] [thread 7233] [98.0] [cxt 0] straggler.p4(247) Primitive old_max_participant = 1
[12:52:18.031] [bmv2] [T] [thread 7233] [98.0] [cxt 0] straggler.p4(243) Primitive if
[12:52:18.031] [bmv2] [T] [thread 7233] [98.0] [cxt 0] straggler.p4(279) Primitive min_timestamp_reg.write(index, old_min)
[12:52:18.031] [bmv2] [T] [thread 7233] [98.0] [cxt 0] Wrote register 'min_timestamp_reg' at index 619 with value 7606573
[12:52:18.031] [bmv2] [T] [thread 7233] [98.0] [cxt 0] straggler.p4(280) Primitive max_timestamp_reg.write(index, old_max)
[12:52:18.031] [bmv2] [T] [thread 7233] [98.0] [cxt 0] Wrote register 'max_timestamp_reg' at index 619 with value 7606573
[12:52:18.031] [bmv2] [T] [thread 7233] [98.0] [cxt 0] straggler.p4(281) Primitive min_participant_reg.write(index, old_min_participant)
[12:52:18.031] [bmv2] [T] [thread 7233] [98.0] [cxt 0] Wrote register 'min_participant_reg' at index 619 with value 1
[12:52:18.031] [bmv2] [T] [thread 7233] [98.0] [cxt 0] straggler.p4(282) Primitive max_participant_reg.write(index, old_max_participant)
[12:52:18.031] [bmv2] [T] [thread 7233] [98.0] [cxt 0] Wrote register 'max_participant_reg' at index 619 with value 1
[12:52:18.031] [bmv2] [D] [thread 7233] [98.0] [cxt 0] Pipeline 'ingress': end
[12:52:18.031] [bmv2] [D] [thread 7233] [98.0] [cxt 0] Egress port is 4
[12:52:18.034] [bmv2] [D] [thread 7233] [99.0] [cxt 0] Processing packet received on port 1
[12:52:18.035] [bmv2] [D] [thread 7233] [99.0] [cxt 0] Parser 'parser': start
[12:52:18.035] [bmv2] [D] [thread 7233] [99.0] [cxt 0] Parser 'parser' entering state 'start'
[12:52:18.035] [bmv2] [D] [thread 7233] [99.0] [cxt 0] Extracting header 'ethernet'
[12:52:18.035] [bmv2] [D] [thread 7233] [99.0] [cxt 0] Parser state 'start': key is 0800
[12:52:18.035] [bmv2] [T] [thread 7233] [99.0] [cxt 0] Bytes parsed: 14
[12:52:18.035] [bmv2] [D] [thread 7233] [99.0] [cxt 0] Parser 'parser' entering state 'parse_ipv4'
[12:52:18.035] [bmv2] [D] [thread 7233] [99.0] [cxt 0] Extracting header 'ipv4'
[12:52:18.035] [bmv2] [D] [thread 7233] [99.0] [cxt 0] Parser state 'parse_ipv4': key is 11
[12:52:18.035] [bmv2] [T] [thread 7233] [99.0] [cxt 0] Bytes parsed: 34
[12:52:18.035] [bmv2] [D] [thread 7233] [99.0] [cxt 0] Parser 'parser' entering state 'parse_udp'
[12:52:18.035] [bmv2] [D] [thread 7233] [99.0] [cxt 0] Extracting header 'udp'
[12:52:18.035] [bmv2] [D] [thread 7233] [99.0] [cxt 0] Extracting header 'collective'
[12:52:18.035] [bmv2] [D] [thread 7233] [99.0] [cxt 0] Parser state 'parse_udp' has no switch, going to default next state
[12:52:18.035] [bmv2] [T] [thread 7233] [99.0] [cxt 0] Bytes parsed: 48
[12:52:18.035] [bmv2] [D] [thread 7233] [99.0] [cxt 0] Parser 'parser': end
[12:52:18.035] [bmv2] [D] [thread 7233] [99.0] [cxt 0] Pipeline 'ingress': start
[12:52:18.035] [bmv2] [T] [thread 7233] [99.0] [cxt 0] Applying table 'MyIngress.ipv4_forward'
[12:52:18.035] [bmv2] [D] [thread 7233] [99.0] [cxt 0] Looking up key:
* hdr.ipv4.dstAddr    : 0a000404

[12:52:18.035] [bmv2] [D] [thread 7233] [99.0] [cxt 0] Table 'MyIngress.ipv4_forward': hit with handle 3
[12:52:18.035] [bmv2] [D] [thread 7233] [99.0] [cxt 0] Dumping entry 3
Match key:
* hdr.ipv4.dstAddr    : EXACT     0a000404
Action entry: MyIngress.forward - 4,

[12:52:18.035] [bmv2] [D] [thread 7233] [99.0] [cxt 0] Action entry is MyIngress.forward - 4,
[12:52:18.035] [bmv2] [T] [thread 7233] [99.0] [cxt 0] Action MyIngress.forward
[12:52:18.035] [bmv2] [T] [thread 7233] [99.0] [cxt 0] straggler.p4(162) Primitive standard_metadata.egress_spec = port
[12:52:18.035] [bmv2] [T] [thread 7233] [99.0] [cxt 0] straggler.p4(288) Condition "hdr.collective.isValid()" (node_3) is true
[12:52:18.035] [bmv2] [T] [thread 7233] [99.0] [cxt 0] Applying table 'tbl_detect_straggler'
[12:52:18.035] [bmv2] [D] [thread 7234] [98.0] [cxt 0] Pipeline 'egress': start
[12:52:18.035] [bmv2] [D] [thread 7234] [98.0] [cxt 0] Pipeline 'egress': end
[12:52:18.035] [bmv2] [D] [thread 7234] [98.0] [cxt 0] Deparser 'deparser': start
[12:52:18.035] [bmv2] [D] [thread 7234] [98.0] [cxt 0] Deparsing header 'ethernet'
[12:52:18.035] [bmv2] [D] [thread 7234] [98.0] [cxt 0] Deparsing header 'ipv4'
[12:52:18.035] [bmv2] [D] [thread 7234] [98.0] [cxt 0] Deparsing header 'udp'
[12:52:18.035] [bmv2] [D] [thread 7234] [98.0] [cxt 0] Deparsing header 'collective'
[12:52:18.035] [bmv2] [D] [thread 7234] [98.0] [cxt 0] Deparser 'deparser': end
[12:52:18.035] [bmv2] [D] [thread 7233] [99.0] [cxt 0] Looking up key:

[12:52:18.035] [bmv2] [D] [thread 7233] [99.0] [cxt 0] Table 'tbl_detect_straggler': miss
[12:52:18.035] [bmv2] [D] [thread 7233] [99.0] [cxt 0] Action entry is MyIngress.detect_straggler - 
[12:52:18.035] [bmv2] [T] [thread 7233] [99.0] [cxt 0] Action MyIngress.detect_straggler
[12:52:18.035] [bmv2] [T] [thread 7233] [99.0] [cxt 0] straggler.p4(228) Primitive hdr.collective.collective_id
[12:52:18.035] [bmv2] [T] [thread 7233] [99.0] [cxt 0] straggler.p4(229) Primitive hdr.collective.flow_id
[12:52:18.035] [bmv2] [T] [thread 7233] [99.0] [cxt 0] straggler.p4(227) Primitive hash(index, HashAlgorithm.crc16, (bit<32>) 0, { ...
[12:52:18.035] [bmv2] [T] [thread 7233] [99.0] [cxt 0] hash(base=0, max=65536) = 619
[12:52:18.035] [bmv2] [T] [thread 7233] [99.0] [cxt 0] straggler.p4(233) Primitive min_timestamp_reg.read(old_min, index)
[12:52:18.035] [bmv2] [T] [thread 7233] [99.0] [cxt 0] Read register 'min_timestamp_reg' at index 619 read value 7606573
[12:52:18.035] [bmv2] [T] [thread 7233] [99.0] [cxt 0] straggler.p4(234) Primitive max_timestamp_reg.read(old_max, index)
[12:52:18.035] [bmv2] [T] [thread 7233] [99.0] [cxt 0] Read register 'max_timestamp_reg' at index 619 read value 7606573
[12:52:18.035] [bmv2] [T] [thread 7233] [99.0] [cxt 0] straggler.p4(235) Primitive min_participant_reg.read(old_min_participant, index)
[12:52:18.035] [bmv2] [T] [thread 7233] [99.0] [cxt 0] Read register 'min_participant_reg' at index 619 read value 1
[12:52:18.035] [bmv2] [T] [thread 7233] [99.0] [cxt 0] straggler.p4(236) Primitive max_participant_reg.read(old_max_participant, index)
[12:52:18.035] [bmv2] [T] [thread 7233] [99.0] [cxt 0] Read register 'max_participant_reg' at index 619 read value 1
[12:52:18.035] [bmv2] [T] [thread 7233] [99.0] [cxt 0] straggler.p4(243) Primitive if
[12:52:18.035] [bmv2] [T] [thread 7233] [99.0] [cxt 0] straggler.p4(250) Primitive if
[12:52:18.035] [bmv2] [T] [thread 7233] [99.0] [cxt 0] straggler.p4(255) Primitive if
[12:52:18.035] [bmv2] [T] [thread 7233] [99.0] [cxt 0] straggler.p4(256) Primitive old_max = now
[12:52:18.035] [bmv2] [T] [thread 7233] [99.0] [cxt 0] straggler.p4(257) Primitive old_max_participant = hdr.collective.participant_id
[12:52:18.035] [bmv2] [T] [thread 7233] [99.0] [cxt 0] straggler.p4(262) Primitive if
[12:52:18.035] [bmv2] [T] [thread 7233] [99.0] [cxt 0] straggler.p4(279) Primitive min_timestamp_reg.write(index, old_min)
[12:52:18.035] [bmv2] [T] [thread 7233] [99.0] [cxt 0] Wrote register 'min_timestamp_reg' at index 619 with value 7606573
[12:52:18.035] [bmv2] [T] [thread 7233] [99.0] [cxt 0] straggler.p4(280) Primitive max_timestamp_reg.write(index, old_max)
[12:52:18.035] [bmv2] [T] [thread 7233] [99.0] [cxt 0] Wrote register 'max_timestamp_reg' at index 619 with value 7606645
[12:52:18.035] [bmv2] [T] [thread 7233] [99.0] [cxt 0] straggler.p4(281) Primitive min_participant_reg.write(index, old_min_participant)
[12:52:18.035] [bmv2] [T] [thread 7233] [99.0] [cxt 0] Wrote register 'min_participant_reg' at index 619 with value 1
[12:52:18.035] [bmv2] [T] [thread 7233] [99.0] [cxt 0] straggler.p4(282) Primitive max_participant_reg.write(index, old_max_participant)
[12:52:18.035] [bmv2] [T] [thread 7233] [99.0] [cxt 0] Wrote register 'max_participant_reg' at index 619 with value 2
[12:52:18.035] [bmv2] [D] [thread 7233] [99.0] [cxt 0] Pipeline 'ingress': end
[12:52:18.035] [bmv2] [D] [thread 7233] [99.0] [cxt 0] Egress port is 4
[12:52:18.035] [bmv2] [D] [thread 7234] [99.0] [cxt 0] Pipeline 'egress': start
[12:52:18.035] [bmv2] [D] [thread 7234] [99.0] [cxt 0] Pipeline 'egress': end
[12:52:18.035] [bmv2] [D] [thread 7234] [99.0] [cxt 0] Deparser 'deparser': start
[12:52:18.035] [bmv2] [D] [thread 7234] [99.0] [cxt 0] Deparsing header 'ethernet'
[12:52:18.035] [bmv2] [D] [thread 7234] [99.0] [cxt 0] Deparsing header 'ipv4'
[12:52:18.035] [bmv2] [D] [thread 7234] [99.0] [cxt 0] Deparsing header 'udp'
[12:52:18.035] [bmv2] [D] [thread 7234] [99.0] [cxt 0] Deparsing header 'collective'
[12:52:18.035] [bmv2] [D] [thread 7234] [99.0] [cxt 0] Deparser 'deparser': end
[12:52:18.035] [bmv2] [D] [thread 7238] [98.0] [cxt 0] Transmitting packet of size 63 out of port 4
[12:52:18.035] [bmv2] [D] [thread 7233] [100.0] [cxt 0] Processing packet received on port 1
[12:52:18.036] [bmv2] [D] [thread 7233] [100.0] [cxt 0] Parser 'parser': start
[12:52:18.036] [bmv2] [D] [thread 7233] [100.0] [cxt 0] Parser 'parser' entering state 'start'
[12:52:18.036] [bmv2] [D] [thread 7233] [100.0] [cxt 0] Extracting header 'ethernet'
[12:52:18.036] [bmv2] [D] [thread 7233] [100.0] [cxt 0] Parser state 'start': key is 0800
[12:52:18.036] [bmv2] [T] [thread 7233] [100.0] [cxt 0] Bytes parsed: 14
[12:52:18.036] [bmv2] [D] [thread 7233] [100.0] [cxt 0] Parser 'parser' entering state 'parse_ipv4'
[12:52:18.036] [bmv2] [D] [thread 7233] [100.0] [cxt 0] Extracting header 'ipv4'
[12:52:18.036] [bmv2] [D] [thread 7233] [100.0] [cxt 0] Parser state 'parse_ipv4': key is 11
[12:52:18.036] [bmv2] [T] [thread 7233] [100.0] [cxt 0] Bytes parsed: 34
[12:52:18.036] [bmv2] [D] [thread 7233] [100.0] [cxt 0] Parser 'parser' entering state 'parse_udp'
[12:52:18.036] [bmv2] [D] [thread 7233] [100.0] [cxt 0] Extracting header 'udp'
[12:52:18.036] [bmv2] [D] [thread 7233] [100.0] [cxt 0] Extracting header 'collective'
[12:52:18.036] [bmv2] [D] [thread 7233] [100.0] [cxt 0] Parser state 'parse_udp' has no switch, going to default next state
[12:52:18.036] [bmv2] [T] [thread 7233] [100.0] [cxt 0] Bytes parsed: 48
[12:52:18.036] [bmv2] [D] [thread 7233] [100.0] [cxt 0] Parser 'parser': end
[12:52:18.036] [bmv2] [D] [thread 7233] [100.0] [cxt 0] Pipeline 'ingress': start
[12:52:18.036] [bmv2] [T] [thread 7233] [100.0] [cxt 0] Applying table 'MyIngress.ipv4_forward'
[12:52:18.036] [bmv2] [D] [thread 7233] [100.0] [cxt 0] Looking up key:
* hdr.ipv4.dstAddr    : 0a000404

[12:52:18.036] [bmv2] [D] [thread 7233] [100.0] [cxt 0] Table 'MyIngress.ipv4_forward': hit with handle 3
[12:52:18.036] [bmv2] [D] [thread 7233] [100.0] [cxt 0] Dumping entry 3
Match key:
* hdr.ipv4.dstAddr    : EXACT     0a000404
Action entry: MyIngress.forward - 4,

[12:52:18.036] [bmv2] [D] [thread 7233] [100.0] [cxt 0] Action entry is MyIngress.forward - 4,
[12:52:18.036] [bmv2] [T] [thread 7233] [100.0] [cxt 0] Action MyIngress.forward
[12:52:18.036] [bmv2] [T] [thread 7233] [100.0] [cxt 0] straggler.p4(162) Primitive standard_metadata.egress_spec = port
[12:52:18.036] [bmv2] [T] [thread 7233] [100.0] [cxt 0] straggler.p4(288) Condition "hdr.collective.isValid()" (node_3) is true
[12:52:18.036] [bmv2] [T] [thread 7233] [100.0] [cxt 0] Applying table 'tbl_detect_straggler'
[12:52:18.036] [bmv2] [D] [thread 7233] [100.0] [cxt 0] Looking up key:

[12:52:18.036] [bmv2] [D] [thread 7233] [100.0] [cxt 0] Table 'tbl_detect_straggler': miss
[12:52:18.036] [bmv2] [D] [thread 7233] [100.0] [cxt 0] Action entry is MyIngress.detect_straggler - 
[12:52:18.036] [bmv2] [T] [thread 7233] [100.0] [cxt 0] Action MyIngress.detect_straggler
[12:52:18.036] [bmv2] [T] [thread 7233] [100.0] [cxt 0] straggler.p4(228) Primitive hdr.collective.collective_id
[12:52:18.036] [bmv2] [T] [thread 7233] [100.0] [cxt 0] straggler.p4(229) Primitive hdr.collective.flow_id
[12:52:18.036] [bmv2] [T] [thread 7233] [100.0] [cxt 0] straggler.p4(227) Primitive hash(index, HashAlgorithm.crc16, (bit<32>) 0, { ...
[12:52:18.036] [bmv2] [T] [thread 7233] [100.0] [cxt 0] hash(base=0, max=65536) = 619
[12:52:18.036] [bmv2] [T] [thread 7233] [100.0] [cxt 0] straggler.p4(233) Primitive min_timestamp_reg.read(old_min, index)
[12:52:18.036] [bmv2] [T] [thread 7233] [100.0] [cxt 0] Read register 'min_timestamp_reg' at index 619 read value 7606573
[12:52:18.036] [bmv2] [T] [thread 7233] [100.0] [cxt 0] straggler.p4(234) Primitive max_timestamp_reg.read(old_max, index)
[12:52:18.036] [bmv2] [T] [thread 7233] [100.0] [cxt 0] Read register 'max_timestamp_reg' at index 619 read value 7606645
[12:52:18.036] [bmv2] [T] [thread 7233] [100.0] [cxt 0] straggler.p4(235) Primitive min_participant_reg.read(old_min_participant, index)
[12:52:18.036] [bmv2] [T] [thread 7233] [100.0] [cxt 0] Read register 'min_participant_reg' at index 619 read value 1
[12:52:18.036] [bmv2] [T] [thread 7233] [100.0] [cxt 0] straggler.p4(236) Primitive max_participant_reg.read(old_max_participant, index)
[12:52:18.036] [bmv2] [T] [thread 7233] [100.0] [cxt 0] Read register 'max_participant_reg' at index 619 read value 2
[12:52:18.036] [bmv2] [T] [thread 7233] [100.0] [cxt 0] straggler.p4(243) Primitive if
[12:52:18.036] [bmv2] [T] [thread 7233] [100.0] [cxt 0] straggler.p4(250) Primitive if
[12:52:18.036] [bmv2] [T] [thread 7233] [100.0] [cxt 0] straggler.p4(255) Primitive if
[12:52:18.036] [bmv2] [T] [thread 7233] [100.0] [cxt 0] straggler.p4(256) Primitive old_max = now
[12:52:18.036] [bmv2] [T] [thread 7233] [100.0] [cxt 0] straggler.p4(257) Primitive old_max_participant = hdr.collective.participant_id
[12:52:18.036] [bmv2] [T] [thread 7233] [100.0] [cxt 0] straggler.p4(262) Primitive if
[12:52:18.036] [bmv2] [D] [thread 7238] [99.0] [cxt 0] Transmitting packet of size 63 out of port 4
[12:52:18.036] [bmv2] [T] [thread 7233] [100.0] [cxt 0] straggler.p4(279) Primitive min_timestamp_reg.write(index, old_min)
[12:52:18.036] [bmv2] [T] [thread 7233] [100.0] [cxt 0] Wrote register 'min_timestamp_reg' at index 619 with value 7606573
[12:52:18.036] [bmv2] [T] [thread 7233] [100.0] [cxt 0] straggler.p4(280) Primitive max_timestamp_reg.write(index, old_max)
[12:52:18.036] [bmv2] [T] [thread 7233] [100.0] [cxt 0] Wrote register 'max_timestamp_reg' at index 619 with value 7606694
[12:52:18.036] [bmv2] [T] [thread 7233] [100.0] [cxt 0] straggler.p4(281) Primitive min_participant_reg.write(index, old_min_participant)
[12:52:18.036] [bmv2] [T] [thread 7233] [100.0] [cxt 0] Wrote register 'min_participant_reg' at index 619 with value 1
[12:52:18.036] [bmv2] [T] [thread 7233] [100.0] [cxt 0] straggler.p4(282) Primitive max_participant_reg.write(index, old_max_participant)
[12:52:18.036] [bmv2] [T] [thread 7233] [100.0] [cxt 0] Wrote register 'max_participant_reg' at index 619 with value 3
[12:52:18.036] [bmv2] [D] [thread 7233] [100.0] [cxt 0] Pipeline 'ingress': end
[12:52:18.036] [bmv2] [D] [thread 7233] [100.0] [cxt 0] Egress port is 4
[12:52:18.036] [bmv2] [D] [thread 7234] [100.0] [cxt 0] Pipeline 'egress': start
[12:52:18.036] [bmv2] [D] [thread 7234] [100.0] [cxt 0] Pipeline 'egress': end
[12:52:18.036] [bmv2] [D] [thread 7234] [100.0] [cxt 0] Deparser 'deparser': start
[12:52:18.036] [bmv2] [D] [thread 7234] [100.0] [cxt 0] Deparsing header 'ethernet'
[12:52:18.036] [bmv2] [D] [thread 7234] [100.0] [cxt 0] Deparsing header 'ipv4'
[12:52:18.036] [bmv2] [D] [thread 7234] [100.0] [cxt 0] Deparsing header 'udp'
[12:52:18.036] [bmv2] [D] [thread 7234] [100.0] [cxt 0] Deparsing header 'collective'
[12:52:18.036] [bmv2] [D] [thread 7234] [100.0] [cxt 0] Deparser 'deparser': end
[12:52:18.036] [bmv2] [D] [thread 7233] [101.0] [cxt 0] Processing packet received on port 1
[12:52:18.036] [bmv2] [D] [thread 7233] [101.0] [cxt 0] Parser 'parser': start
[12:52:18.036] [bmv2] [D] [thread 7233] [101.0] [cxt 0] Parser 'parser' entering state 'start'
[12:52:18.036] [bmv2] [D] [thread 7233] [101.0] [cxt 0] Extracting header 'ethernet'
[12:52:18.036] [bmv2] [D] [thread 7233] [101.0] [cxt 0] Parser state 'start': key is 0800
[12:52:18.036] [bmv2] [T] [thread 7233] [101.0] [cxt 0] Bytes parsed: 14
[12:52:18.036] [bmv2] [D] [thread 7233] [101.0] [cxt 0] Parser 'parser' entering state 'parse_ipv4'
[12:52:18.036] [bmv2] [D] [thread 7233] [101.0] [cxt 0] Extracting header 'ipv4'
[12:52:18.036] [bmv2] [D] [thread 7233] [101.0] [cxt 0] Parser state 'parse_ipv4': key is 11
[12:52:18.036] [bmv2] [T] [thread 7233] [101.0] [cxt 0] Bytes parsed: 34
[12:52:18.036] [bmv2] [D] [thread 7233] [101.0] [cxt 0] Parser 'parser' entering state 'parse_udp'
[12:52:18.036] [bmv2] [D] [thread 7233] [101.0] [cxt 0] Extracting header 'udp'
[12:52:18.036] [bmv2] [D] [thread 7233] [101.0] [cxt 0] Extracting header 'collective'
[12:52:18.036] [bmv2] [D] [thread 7233] [101.0] [cxt 0] Parser state 'parse_udp' has no switch, going to default next state
[12:52:18.036] [bmv2] [T] [thread 7233] [101.0] [cxt 0] Bytes parsed: 48
[12:52:18.036] [bmv2] [D] [thread 7233] [101.0] [cxt 0] Parser 'parser': end
[12:52:18.036] [bmv2] [D] [thread 7233] [101.0] [cxt 0] Pipeline 'ingress': start
[12:52:18.036] [bmv2] [T] [thread 7233] [101.0] [cxt 0] Applying table 'MyIngress.ipv4_forward'
[12:52:18.036] [bmv2] [D] [thread 7233] [101.0] [cxt 0] Looking up key:
* hdr.ipv4.dstAddr    : 0a000404

[12:52:18.036] [bmv2] [D] [thread 7233] [101.0] [cxt 0] Table 'MyIngress.ipv4_forward': hit with handle 3
[12:52:18.036] [bmv2] [D] [thread 7233] [101.0] [cxt 0] Dumping entry 3
Match key:
* hdr.ipv4.dstAddr    : EXACT     0a000404
Action entry: MyIngress.forward - 4,

[12:52:18.036] [bmv2] [D] [thread 7233] [101.0] [cxt 0] Action entry is MyIngress.forward - 4,
[12:52:18.036] [bmv2] [T] [thread 7233] [101.0] [cxt 0] Action MyIngress.forward
[12:52:18.036] [bmv2] [T] [thread 7233] [101.0] [cxt 0] straggler.p4(162) Primitive standard_metadata.egress_spec = port
[12:52:18.036] [bmv2] [T] [thread 7233] [101.0] [cxt 0] straggler.p4(288) Condition "hdr.collective.isValid()" (node_3) is true
[12:52:18.036] [bmv2] [T] [thread 7233] [101.0] [cxt 0] Applying table 'tbl_detect_straggler'
[12:52:18.036] [bmv2] [D] [thread 7233] [101.0] [cxt 0] Looking up key:

[12:52:18.036] [bmv2] [D] [thread 7233] [101.0] [cxt 0] Table 'tbl_detect_straggler': miss
[12:52:18.036] [bmv2] [D] [thread 7233] [101.0] [cxt 0] Action entry is MyIngress.detect_straggler - 
[12:52:18.036] [bmv2] [T] [thread 7233] [101.0] [cxt 0] Action MyIngress.detect_straggler
[12:52:18.036] [bmv2] [T] [thread 7233] [101.0] [cxt 0] straggler.p4(228) Primitive hdr.collective.collective_id
[12:52:18.036] [bmv2] [T] [thread 7233] [101.0] [cxt 0] straggler.p4(229) Primitive hdr.collective.flow_id
[12:52:18.036] [bmv2] [T] [thread 7233] [101.0] [cxt 0] straggler.p4(227) Primitive hash(index, HashAlgorithm.crc16, (bit<32>) 0, { ...
[12:52:18.036] [bmv2] [T] [thread 7233] [101.0] [cxt 0] hash(base=0, max=65536) = 619
[12:52:18.036] [bmv2] [T] [thread 7233] [101.0] [cxt 0] straggler.p4(233) Primitive min_timestamp_reg.read(old_min, index)
[12:52:18.036] [bmv2] [T] [thread 7233] [101.0] [cxt 0] Read register 'min_timestamp_reg' at index 619 read value 7606573
[12:52:18.036] [bmv2] [T] [thread 7233] [101.0] [cxt 0] straggler.p4(234) Primitive max_timestamp_reg.read(old_max, index)
[12:52:18.036] [bmv2] [T] [thread 7233] [101.0] [cxt 0] Read register 'max_timestamp_reg' at index 619 read value 7606694
[12:52:18.036] [bmv2] [T] [thread 7233] [101.0] [cxt 0] straggler.p4(235) Primitive min_participant_reg.read(old_min_participant, index)
[12:52:18.036] [bmv2] [T] [thread 7233] [101.0] [cxt 0] Read register 'min_participant_reg' at index 619 read value 1
[12:52:18.036] [bmv2] [T] [thread 7233] [101.0] [cxt 0] straggler.p4(236) Primitive max_participant_reg.read(old_max_participant, index)
[12:52:18.036] [bmv2] [T] [thread 7233] [101.0] [cxt 0] Read register 'max_participant_reg' at index 619 read value 3
[12:52:18.037] [bmv2] [T] [thread 7233] [101.0] [cxt 0] straggler.p4(243) Primitive if
[12:52:18.037] [bmv2] [T] [thread 7233] [101.0] [cxt 0] straggler.p4(250) Primitive if
[12:52:18.037] [bmv2] [T] [thread 7233] [101.0] [cxt 0] straggler.p4(255) Primitive if
[12:52:18.037] [bmv2] [T] [thread 7233] [101.0] [cxt 0] straggler.p4(256) Primitive old_max = now
[12:52:18.037] [bmv2] [T] [thread 7233] [101.0] [cxt 0] straggler.p4(257) Primitive old_max_participant = hdr.collective.participant_id
[12:52:18.037] [bmv2] [T] [thread 7233] [101.0] [cxt 0] straggler.p4(262) Primitive if
[12:52:18.037] [bmv2] [T] [thread 7233] [101.0] [cxt 0] straggler.p4(279) Primitive min_timestamp_reg.write(index, old_min)
[12:52:18.037] [bmv2] [T] [thread 7233] [101.0] [cxt 0] Wrote register 'min_timestamp_reg' at index 619 with value 7606573
[12:52:18.037] [bmv2] [T] [thread 7233] [101.0] [cxt 0] straggler.p4(280) Primitive max_timestamp_reg.write(index, old_max)
[12:52:18.037] [bmv2] [T] [thread 7233] [101.0] [cxt 0] Wrote register 'max_timestamp_reg' at index 619 with value 7606740
[12:52:18.037] [bmv2] [T] [thread 7233] [101.0] [cxt 0] straggler.p4(281) Primitive min_participant_reg.write(index, old_min_participant)
[12:52:18.037] [bmv2] [T] [thread 7233] [101.0] [cxt 0] Wrote register 'min_participant_reg' at index 619 with value 1
[12:52:18.037] [bmv2] [T] [thread 7233] [101.0] [cxt 0] straggler.p4(282) Primitive max_participant_reg.write(index, old_max_participant)
[12:52:18.037] [bmv2] [T] [thread 7233] [101.0] [cxt 0] Wrote register 'max_participant_reg' at index 619 with value 4
[12:52:18.037] [bmv2] [D] [thread 7233] [101.0] [cxt 0] Pipeline 'ingress': end
[12:52:18.037] [bmv2] [D] [thread 7233] [101.0] [cxt 0] Egress port is 4
[12:52:18.037] [bmv2] [D] [thread 7238] [100.0] [cxt 0] Transmitting packet of size 63 out of port 4
[12:52:18.038] [bmv2] [D] [thread 7233] [102.0] [cxt 0] Processing packet received on port 1
[12:52:18.038] [bmv2] [D] [thread 7233] [102.0] [cxt 0] Parser 'parser': start
[12:52:18.038] [bmv2] [D] [thread 7233] [102.0] [cxt 0] Parser 'parser' entering state 'start'
[12:52:18.038] [bmv2] [D] [thread 7233] [102.0] [cxt 0] Extracting header 'ethernet'
[12:52:18.038] [bmv2] [D] [thread 7233] [102.0] [cxt 0] Parser state 'start': key is 0800
[12:52:18.038] [bmv2] [T] [thread 7233] [102.0] [cxt 0] Bytes parsed: 14
[12:52:18.039] [bmv2] [D] [thread 7233] [102.0] [cxt 0] Parser 'parser' entering state 'parse_ipv4'
[12:52:18.039] [bmv2] [D] [thread 7233] [102.0] [cxt 0] Extracting header 'ipv4'
[12:52:18.039] [bmv2] [D] [thread 7233] [102.0] [cxt 0] Parser state 'parse_ipv4': key is 11
[12:52:18.039] [bmv2] [T] [thread 7233] [102.0] [cxt 0] Bytes parsed: 34
[12:52:18.039] [bmv2] [D] [thread 7233] [102.0] [cxt 0] Parser 'parser' entering state 'parse_udp'
[12:52:18.039] [bmv2] [D] [thread 7233] [102.0] [cxt 0] Extracting header 'udp'
[12:52:18.039] [bmv2] [D] [thread 7233] [102.0] [cxt 0] Extracting header 'collective'
[12:52:18.039] [bmv2] [D] [thread 7233] [102.0] [cxt 0] Parser state 'parse_udp' has no switch, going to default next state
[12:52:18.039] [bmv2] [T] [thread 7233] [102.0] [cxt 0] Bytes parsed: 48
[12:52:18.039] [bmv2] [D] [thread 7233] [102.0] [cxt 0] Parser 'parser': end
[12:52:18.039] [bmv2] [D] [thread 7233] [102.0] [cxt 0] Pipeline 'ingress': start
[12:52:18.039] [bmv2] [T] [thread 7233] [102.0] [cxt 0] Applying table 'MyIngress.ipv4_forward'
[12:52:18.039] [bmv2] [D] [thread 7233] [102.0] [cxt 0] Looking up key:
* hdr.ipv4.dstAddr    : 0a000404

[12:52:18.039] [bmv2] [D] [thread 7233] [102.0] [cxt 0] Table 'MyIngress.ipv4_forward': hit with handle 3
[12:52:18.039] [bmv2] [D] [thread 7233] [102.0] [cxt 0] Dumping entry 3
Match key:
* hdr.ipv4.dstAddr    : EXACT     0a000404
Action entry: MyIngress.forward - 4,

[12:52:18.039] [bmv2] [D] [thread 7233] [102.0] [cxt 0] Action entry is MyIngress.forward - 4,
[12:52:18.039] [bmv2] [T] [thread 7233] [102.0] [cxt 0] Action MyIngress.forward
[12:52:18.039] [bmv2] [T] [thread 7233] [102.0] [cxt 0] straggler.p4(162) Primitive standard_metadata.egress_spec = port
[12:52:18.039] [bmv2] [T] [thread 7233] [102.0] [cxt 0] straggler.p4(288) Condition "hdr.collective.isValid()" (node_3) is true
[12:52:18.039] [bmv2] [T] [thread 7233] [102.0] [cxt 0] Applying table 'tbl_detect_straggler'
[12:52:18.039] [bmv2] [D] [thread 7233] [102.0] [cxt 0] Looking up key:

[12:52:18.039] [bmv2] [D] [thread 7233] [102.0] [cxt 0] Table 'tbl_detect_straggler': miss
[12:52:18.039] [bmv2] [D] [thread 7233] [102.0] [cxt 0] Action entry is MyIngress.detect_straggler - 
[12:52:18.039] [bmv2] [T] [thread 7233] [102.0] [cxt 0] Action MyIngress.detect_straggler
[12:52:18.039] [bmv2] [T] [thread 7233] [102.0] [cxt 0] straggler.p4(228) Primitive hdr.collective.collective_id
[12:52:18.039] [bmv2] [T] [thread 7233] [102.0] [cxt 0] straggler.p4(229) Primitive hdr.collective.flow_id
[12:52:18.039] [bmv2] [T] [thread 7233] [102.0] [cxt 0] straggler.p4(227) Primitive hash(index, HashAlgorithm.crc16, (bit<32>) 0, { ...
[12:52:18.039] [bmv2] [T] [thread 7233] [102.0] [cxt 0] hash(base=0, max=65536) = 619
[12:52:18.039] [bmv2] [T] [thread 7233] [102.0] [cxt 0] straggler.p4(233) Primitive min_timestamp_reg.read(old_min, index)
[12:52:18.039] [bmv2] [T] [thread 7233] [102.0] [cxt 0] Read register 'min_timestamp_reg' at index 619 read value 7606573
[12:52:18.039] [bmv2] [T] [thread 7233] [102.0] [cxt 0] straggler.p4(234) Primitive max_timestamp_reg.read(old_max, index)
[12:52:18.039] [bmv2] [T] [thread 7233] [102.0] [cxt 0] Read register 'max_timestamp_reg' at index 619 read value 7606740
[12:52:18.039] [bmv2] [T] [thread 7233] [102.0] [cxt 0] straggler.p4(235) Primitive min_participant_reg.read(old_min_participant, index)
[12:52:18.039] [bmv2] [T] [thread 7233] [102.0] [cxt 0] Read register 'min_participant_reg' at index 619 read value 1
[12:52:18.039] [bmv2] [T] [thread 7233] [102.0] [cxt 0] straggler.p4(236) Primitive max_participant_reg.read(old_max_participant, index)
[12:52:18.039] [bmv2] [T] [thread 7233] [102.0] [cxt 0] Read register 'max_participant_reg' at index 619 read value 4
[12:52:18.039] [bmv2] [T] [thread 7233] [102.0] [cxt 0] straggler.p4(243) Primitive if
[12:52:18.039] [bmv2] [T] [thread 7233] [102.0] [cxt 0] straggler.p4(250) Primitive if
[12:52:18.039] [bmv2] [T] [thread 7233] [102.0] [cxt 0] straggler.p4(255) Primitive if
[12:52:18.039] [bmv2] [T] [thread 7233] [102.0] [cxt 0] straggler.p4(256) Primitive old_max = now
[12:52:18.039] [bmv2] [T] [thread 7233] [102.0] [cxt 0] straggler.p4(257) Primitive old_max_participant = hdr.collective.participant_id
[12:52:18.039] [bmv2] [T] [thread 7233] [102.0] [cxt 0] straggler.p4(262) Primitive if
[12:52:18.039] [bmv2] [T] [thread 7233] [102.0] [cxt 0] straggler.p4(279) Primitive min_timestamp_reg.write(index, old_min)
[12:52:18.039] [bmv2] [T] [thread 7233] [102.0] [cxt 0] Wrote register 'min_timestamp_reg' at index 619 with value 7606573
[12:52:18.039] [bmv2] [T] [thread 7233] [102.0] [cxt 0] straggler.p4(280) Primitive max_timestamp_reg.write(index, old_max)
[12:52:18.039] [bmv2] [T] [thread 7233] [102.0] [cxt 0] Wrote register 'max_timestamp_reg' at index 619 with value 7607137
[12:52:18.039] [bmv2] [T] [thread 7233] [102.0] [cxt 0] straggler.p4(281) Primitive min_participant_reg.write(index, old_min_participant)
[12:52:18.039] [bmv2] [T] [thread 7233] [102.0] [cxt 0] Wrote register 'min_participant_reg' at index 619 with value 1
[12:52:18.039] [bmv2] [T] [thread 7233] [102.0] [cxt 0] straggler.p4(282) Primitive max_participant_reg.write(index, old_max_participant)
[12:52:18.039] [bmv2] [T] [thread 7233] [102.0] [cxt 0] Wrote register 'max_participant_reg' at index 619 with value 5
[12:52:18.039] [bmv2] [D] [thread 7233] [102.0] [cxt 0] Pipeline 'ingress': end
[12:52:18.039] [bmv2] [D] [thread 7233] [102.0] [cxt 0] Egress port is 4
[12:52:18.039] [bmv2] [D] [thread 7233] [103.0] [cxt 0] Processing packet received on port 1
[12:52:18.039] [bmv2] [D] [thread 7233] [103.0] [cxt 0] Parser 'parser': start
[12:52:18.039] [bmv2] [D] [thread 7233] [103.0] [cxt 0] Parser 'parser' entering state 'start'
[12:52:18.039] [bmv2] [D] [thread 7233] [103.0] [cxt 0] Extracting header 'ethernet'
[12:52:18.039] [bmv2] [D] [thread 7233] [103.0] [cxt 0] Parser state 'start': key is 0800
[12:52:18.039] [bmv2] [T] [thread 7233] [103.0] [cxt 0] Bytes parsed: 14
[12:52:18.039] [bmv2] [D] [thread 7233] [103.0] [cxt 0] Parser 'parser' entering state 'parse_ipv4'
[12:52:18.039] [bmv2] [D] [thread 7233] [103.0] [cxt 0] Extracting header 'ipv4'
[12:52:18.039] [bmv2] [D] [thread 7233] [103.0] [cxt 0] Parser state 'parse_ipv4': key is 11
[12:52:18.039] [bmv2] [T] [thread 7233] [103.0] [cxt 0] Bytes parsed: 34
[12:52:18.039] [bmv2] [D] [thread 7233] [103.0] [cxt 0] Parser 'parser' entering state 'parse_udp'
[12:52:18.039] [bmv2] [D] [thread 7233] [103.0] [cxt 0] Extracting header 'udp'
[12:52:18.039] [bmv2] [D] [thread 7233] [103.0] [cxt 0] Extracting header 'collective'
[12:52:18.039] [bmv2] [D] [thread 7233] [103.0] [cxt 0] Parser state 'parse_udp' has no switch, going to default next state
[12:52:18.039] [bmv2] [T] [thread 7233] [103.0] [cxt 0] Bytes parsed: 48
[12:52:18.039] [bmv2] [D] [thread 7233] [103.0] [cxt 0] Parser 'parser': end
[12:52:18.039] [bmv2] [D] [thread 7233] [103.0] [cxt 0] Pipeline 'ingress': start
[12:52:18.039] [bmv2] [T] [thread 7233] [103.0] [cxt 0] Applying table 'MyIngress.ipv4_forward'
[12:52:18.039] [bmv2] [D] [thread 7233] [103.0] [cxt 0] Looking up key:
* hdr.ipv4.dstAddr    : 0a000404

[12:52:18.039] [bmv2] [D] [thread 7233] [103.0] [cxt 0] Table 'MyIngress.ipv4_forward': hit with handle 3
[12:52:18.039] [bmv2] [D] [thread 7233] [103.0] [cxt 0] Dumping entry 3
Match key:
* hdr.ipv4.dstAddr    : EXACT     0a000404
Action entry: MyIngress.forward - 4,

[12:52:18.039] [bmv2] [D] [thread 7233] [103.0] [cxt 0] Action entry is MyIngress.forward - 4,
[12:52:18.039] [bmv2] [T] [thread 7233] [103.0] [cxt 0] Action MyIngress.forward
[12:52:18.039] [bmv2] [T] [thread 7233] [103.0] [cxt 0] straggler.p4(162) Primitive standard_metadata.egress_spec = port
[12:52:18.039] [bmv2] [T] [thread 7233] [103.0] [cxt 0] straggler.p4(288) Condition "hdr.collective.isValid()" (node_3) is true
[12:52:18.039] [bmv2] [T] [thread 7233] [103.0] [cxt 0] Applying table 'tbl_detect_straggler'
[12:52:18.039] [bmv2] [D] [thread 7233] [103.0] [cxt 0] Looking up key:

[12:52:18.039] [bmv2] [D] [thread 7233] [103.0] [cxt 0] Table 'tbl_detect_straggler': miss
[12:52:18.039] [bmv2] [D] [thread 7233] [103.0] [cxt 0] Action entry is MyIngress.detect_straggler - 
[12:52:18.039] [bmv2] [T] [thread 7233] [103.0] [cxt 0] Action MyIngress.detect_straggler
[12:52:18.039] [bmv2] [T] [thread 7233] [103.0] [cxt 0] straggler.p4(228) Primitive hdr.collective.collective_id
[12:52:18.039] [bmv2] [T] [thread 7233] [103.0] [cxt 0] straggler.p4(229) Primitive hdr.collective.flow_id
[12:52:18.039] [bmv2] [T] [thread 7233] [103.0] [cxt 0] straggler.p4(227) Primitive hash(index, HashAlgorithm.crc16, (bit<32>) 0, { ...
[12:52:18.039] [bmv2] [T] [thread 7233] [103.0] [cxt 0] hash(base=0, max=65536) = 37482
[12:52:18.039] [bmv2] [T] [thread 7233] [103.0] [cxt 0] straggler.p4(233) Primitive min_timestamp_reg.read(old_min, index)
[12:52:18.039] [bmv2] [T] [thread 7233] [103.0] [cxt 0] Read register 'min_timestamp_reg' at index 37482 read value 0
[12:52:18.039] [bmv2] [T] [thread 7233] [103.0] [cxt 0] straggler.p4(234) Primitive max_timestamp_reg.read(old_max, index)
[12:52:18.039] [bmv2] [T] [thread 7233] [103.0] [cxt 0] Read register 'max_timestamp_reg' at index 37482 read value 0
[12:52:18.039] [bmv2] [T] [thread 7233] [103.0] [cxt 0] straggler.p4(235) Primitive min_participant_reg.read(old_min_participant, index)
[12:52:18.039] [bmv2] [T] [thread 7233] [103.0] [cxt 0] Read register 'min_participant_reg' at index 37482 read value 0
[12:52:18.039] [bmv2] [T] [thread 7233] [103.0] [cxt 0] straggler.p4(236) Primitive max_participant_reg.read(old_max_participant, index)
[12:52:18.039] [bmv2] [T] [thread 7233] [103.0] [cxt 0] Read register 'max_participant_reg' at index 37482 read value 0
[12:52:18.039] [bmv2] [T] [thread 7233] [103.0] [cxt 0] straggler.p4(243) Primitive if
[12:52:18.039] [bmv2] [T] [thread 7233] [103.0] [cxt 0] straggler.p4(244) Primitive old_min = now
[12:52:18.039] [bmv2] [T] [thread 7233] [103.0] [cxt 0] straggler.p4(245) Primitive old_max = now
[12:52:18.039] [bmv2] [T] [thread 7233] [103.0] [cxt 0] straggler.p4(246) Primitive old_min_participant = 1
[12:52:18.039] [bmv2] [T] [thread 7233] [103.0] [cxt 0] straggler.p4(247) Primitive old_max_participant = 1
[12:52:18.039] [bmv2] [T] [thread 7233] [103.0] [cxt 0] straggler.p4(243) Primitive if
[12:52:18.039] [bmv2] [T] [thread 7233] [103.0] [cxt 0] straggler.p4(279) Primitive min_timestamp_reg.write(index, old_min)
[12:52:18.039] [bmv2] [T] [thread 7233] [103.0] [cxt 0] Wrote register 'min_timestamp_reg' at index 37482 with value 7607443
[12:52:18.039] [bmv2] [T] [thread 7233] [103.0] [cxt 0] straggler.p4(280) Primitive max_timestamp_reg.write(index, old_max)
[12:52:18.039] [bmv2] [T] [thread 7233] [103.0] [cxt 0] Wrote register 'max_timestamp_reg' at index 37482 with value 7607443
[12:52:18.039] [bmv2] [T] [thread 7233] [103.0] [cxt 0] straggler.p4(281) Primitive min_participant_reg.write(index, old_min_participant)
[12:52:18.039] [bmv2] [T] [thread 7233] [103.0] [cxt 0] Wrote register 'min_participant_reg' at index 37482 with value 1
[12:52:18.039] [bmv2] [T] [thread 7233] [103.0] [cxt 0] straggler.p4(282) Primitive max_participant_reg.write(index, old_max_participant)
[12:52:18.039] [bmv2] [T] [thread 7233] [103.0] [cxt 0] Wrote register 'max_participant_reg' at index 37482 with value 1
[12:52:18.039] [bmv2] [D] [thread 7233] [103.0] [cxt 0] Pipeline 'ingress': end
[12:52:18.039] [bmv2] [D] [thread 7233] [103.0] [cxt 0] Egress port is 4
[12:52:18.039] [bmv2] [D] [thread 7233] [104.0] [cxt 0] Processing packet received on port 1
[12:52:18.039] [bmv2] [D] [thread 7233] [104.0] [cxt 0] Parser 'parser': start
[12:52:18.039] [bmv2] [D] [thread 7233] [104.0] [cxt 0] Parser 'parser' entering state 'start'
[12:52:18.039] [bmv2] [D] [thread 7233] [104.0] [cxt 0] Extracting header 'ethernet'
[12:52:18.039] [bmv2] [D] [thread 7233] [104.0] [cxt 0] Parser state 'start': key is 0800
[12:52:18.039] [bmv2] [T] [thread 7233] [104.0] [cxt 0] Bytes parsed: 14
[12:52:18.039] [bmv2] [D] [thread 7233] [104.0] [cxt 0] Parser 'parser' entering state 'parse_ipv4'
[12:52:18.039] [bmv2] [D] [thread 7233] [104.0] [cxt 0] Extracting header 'ipv4'
[12:52:18.039] [bmv2] [D] [thread 7233] [104.0] [cxt 0] Parser state 'parse_ipv4': key is 11
[12:52:18.039] [bmv2] [T] [thread 7233] [104.0] [cxt 0] Bytes parsed: 34
[12:52:18.039] [bmv2] [D] [thread 7233] [104.0] [cxt 0] Parser 'parser' entering state 'parse_udp'
[12:52:18.039] [bmv2] [D] [thread 7233] [104.0] [cxt 0] Extracting header 'udp'
[12:52:18.039] [bmv2] [D] [thread 7233] [104.0] [cxt 0] Extracting header 'collective'
[12:52:18.039] [bmv2] [D] [thread 7233] [104.0] [cxt 0] Parser state 'parse_udp' has no switch, going to default next state
[12:52:18.039] [bmv2] [T] [thread 7233] [104.0] [cxt 0] Bytes parsed: 48
[12:52:18.039] [bmv2] [D] [thread 7233] [104.0] [cxt 0] Parser 'parser': end
[12:52:18.039] [bmv2] [D] [thread 7233] [104.0] [cxt 0] Pipeline 'ingress': start
[12:52:18.039] [bmv2] [T] [thread 7233] [104.0] [cxt 0] Applying table 'MyIngress.ipv4_forward'
[12:52:18.039] [bmv2] [D] [thread 7233] [104.0] [cxt 0] Looking up key:
* hdr.ipv4.dstAddr    : 0a000404

[12:52:18.039] [bmv2] [D] [thread 7233] [104.0] [cxt 0] Table 'MyIngress.ipv4_forward': hit with handle 3
[12:52:18.039] [bmv2] [D] [thread 7233] [104.0] [cxt 0] Dumping entry 3
Match key:
* hdr.ipv4.dstAddr    : EXACT     0a000404
Action entry: MyIngress.forward - 4,

[12:52:18.039] [bmv2] [D] [thread 7233] [104.0] [cxt 0] Action entry is MyIngress.forward - 4,
[12:52:18.039] [bmv2] [T] [thread 7233] [104.0] [cxt 0] Action MyIngress.forward
[12:52:18.039] [bmv2] [T] [thread 7233] [104.0] [cxt 0] straggler.p4(162) Primitive standard_metadata.egress_spec = port
[12:52:18.039] [bmv2] [T] [thread 7233] [104.0] [cxt 0] straggler.p4(288) Condition "hdr.collective.isValid()" (node_3) is true
[12:52:18.039] [bmv2] [T] [thread 7233] [104.0] [cxt 0] Applying table 'tbl_detect_straggler'
[12:52:18.039] [bmv2] [D] [thread 7233] [104.0] [cxt 0] Looking up key:

[12:52:18.039] [bmv2] [D] [thread 7233] [104.0] [cxt 0] Table 'tbl_detect_straggler': miss
[12:52:18.039] [bmv2] [D] [thread 7233] [104.0] [cxt 0] Action entry is MyIngress.detect_straggler - 
[12:52:18.039] [bmv2] [T] [thread 7233] [104.0] [cxt 0] Action MyIngress.detect_straggler
[12:52:18.039] [bmv2] [T] [thread 7233] [104.0] [cxt 0] straggler.p4(228) Primitive hdr.collective.collective_id
[12:52:18.039] [bmv2] [T] [thread 7233] [104.0] [cxt 0] straggler.p4(229) Primitive hdr.collective.flow_id
[12:52:18.039] [bmv2] [T] [thread 7233] [104.0] [cxt 0] straggler.p4(227) Primitive hash(index, HashAlgorithm.crc16, (bit<32>) 0, { ...
[12:52:18.039] [bmv2] [T] [thread 7233] [104.0] [cxt 0] hash(base=0, max=65536) = 37482
[12:52:18.039] [bmv2] [T] [thread 7233] [104.0] [cxt 0] straggler.p4(233) Primitive min_timestamp_reg.read(old_min, index)
[12:52:18.039] [bmv2] [T] [thread 7233] [104.0] [cxt 0] Read register 'min_timestamp_reg' at index 37482 read value 7607443
[12:52:18.039] [bmv2] [T] [thread 7233] [104.0] [cxt 0] straggler.p4(234) Primitive max_timestamp_reg.read(old_max, index)
[12:52:18.039] [bmv2] [T] [thread 7233] [104.0] [cxt 0] Read register 'max_timestamp_reg' at index 37482 read value 7607443
[12:52:18.039] [bmv2] [T] [thread 7233] [104.0] [cxt 0] straggler.p4(235) Primitive min_participant_reg.read(old_min_participant, index)
[12:52:18.039] [bmv2] [T] [thread 7233] [104.0] [cxt 0] Read register 'min_participant_reg' at index 37482 read value 1
[12:52:18.039] [bmv2] [T] [thread 7233] [104.0] [cxt 0] straggler.p4(236) Primitive max_participant_reg.read(old_max_participant, index)
[12:52:18.039] [bmv2] [T] [thread 7233] [104.0] [cxt 0] Read register 'max_participant_reg' at index 37482 read value 1
[12:52:18.039] [bmv2] [T] [thread 7233] [104.0] [cxt 0] straggler.p4(243) Primitive if
[12:52:18.039] [bmv2] [T] [thread 7233] [104.0] [cxt 0] straggler.p4(250) Primitive if
[12:52:18.039] [bmv2] [T] [thread 7233] [104.0] [cxt 0] straggler.p4(255) Primitive if
[12:52:18.039] [bmv2] [T] [thread 7233] [104.0] [cxt 0] straggler.p4(256) Primitive old_max = now
[12:52:18.039] [bmv2] [T] [thread 7233] [104.0] [cxt 0] straggler.p4(257) Primitive old_max_participant = hdr.collective.participant_id
[12:52:18.039] [bmv2] [T] [thread 7233] [104.0] [cxt 0] straggler.p4(262) Primitive if
[12:52:18.039] [bmv2] [T] [thread 7233] [104.0] [cxt 0] straggler.p4(279) Primitive min_timestamp_reg.write(index, old_min)
[12:52:18.039] [bmv2] [T] [thread 7233] [104.0] [cxt 0] Wrote register 'min_timestamp_reg' at index 37482 with value 7607443
[12:52:18.039] [bmv2] [T] [thread 7233] [104.0] [cxt 0] straggler.p4(280) Primitive max_timestamp_reg.write(index, old_max)
[12:52:18.039] [bmv2] [T] [thread 7233] [104.0] [cxt 0] Wrote register 'max_timestamp_reg' at index 37482 with value 7607663
[12:52:18.039] [bmv2] [T] [thread 7233] [104.0] [cxt 0] straggler.p4(281) Primitive min_participant_reg.write(index, old_min_participant)
[12:52:18.039] [bmv2] [T] [thread 7233] [104.0] [cxt 0] Wrote register 'min_participant_reg' at index 37482 with value 1
[12:52:18.039] [bmv2] [T] [thread 7233] [104.0] [cxt 0] straggler.p4(282) Primitive max_participant_reg.write(index, old_max_participant)
[12:52:18.039] [bmv2] [T] [thread 7233] [104.0] [cxt 0] Wrote register 'max_participant_reg' at index 37482 with value 2
[12:52:18.039] [bmv2] [D] [thread 7233] [104.0] [cxt 0] Pipeline 'ingress': end
[12:52:18.039] [bmv2] [D] [thread 7233] [104.0] [cxt 0] Egress port is 4
[12:52:18.039] [bmv2] [D] [thread 7233] [105.0] [cxt 0] Processing packet received on port 1
[12:52:18.039] [bmv2] [D] [thread 7233] [105.0] [cxt 0] Parser 'parser': start
[12:52:18.039] [bmv2] [D] [thread 7233] [105.0] [cxt 0] Parser 'parser' entering state 'start'
[12:52:18.039] [bmv2] [D] [thread 7233] [105.0] [cxt 0] Extracting header 'ethernet'
[12:52:18.039] [bmv2] [D] [thread 7233] [105.0] [cxt 0] Parser state 'start': key is 0800
[12:52:18.039] [bmv2] [T] [thread 7233] [105.0] [cxt 0] Bytes parsed: 14
[12:52:18.039] [bmv2] [D] [thread 7233] [105.0] [cxt 0] Parser 'parser' entering state 'parse_ipv4'
[12:52:18.039] [bmv2] [D] [thread 7233] [105.0] [cxt 0] Extracting header 'ipv4'
[12:52:18.039] [bmv2] [D] [thread 7233] [105.0] [cxt 0] Parser state 'parse_ipv4': key is 11
[12:52:18.039] [bmv2] [T] [thread 7233] [105.0] [cxt 0] Bytes parsed: 34
[12:52:18.039] [bmv2] [D] [thread 7233] [105.0] [cxt 0] Parser 'parser' entering state 'parse_udp'
[12:52:18.039] [bmv2] [D] [thread 7233] [105.0] [cxt 0] Extracting header 'udp'
[12:52:18.039] [bmv2] [D] [thread 7233] [105.0] [cxt 0] Extracting header 'collective'
[12:52:18.039] [bmv2] [D] [thread 7233] [105.0] [cxt 0] Parser state 'parse_udp' has no switch, going to default next state
[12:52:18.039] [bmv2] [T] [thread 7233] [105.0] [cxt 0] Bytes parsed: 48
[12:52:18.039] [bmv2] [D] [thread 7233] [105.0] [cxt 0] Parser 'parser': end
[12:52:18.039] [bmv2] [D] [thread 7233] [105.0] [cxt 0] Pipeline 'ingress': start
[12:52:18.039] [bmv2] [T] [thread 7233] [105.0] [cxt 0] Applying table 'MyIngress.ipv4_forward'
[12:52:18.039] [bmv2] [D] [thread 7233] [105.0] [cxt 0] Looking up key:
* hdr.ipv4.dstAddr    : 0a000404

[12:52:18.039] [bmv2] [D] [thread 7233] [105.0] [cxt 0] Table 'MyIngress.ipv4_forward': hit with handle 3
[12:52:18.039] [bmv2] [D] [thread 7233] [105.0] [cxt 0] Dumping entry 3
Match key:
* hdr.ipv4.dstAddr    : EXACT     0a000404
Action entry: MyIngress.forward - 4,

[12:52:18.039] [bmv2] [D] [thread 7233] [105.0] [cxt 0] Action entry is MyIngress.forward - 4,
[12:52:18.039] [bmv2] [T] [thread 7233] [105.0] [cxt 0] Action MyIngress.forward
[12:52:18.039] [bmv2] [T] [thread 7233] [105.0] [cxt 0] straggler.p4(162) Primitive standard_metadata.egress_spec = port
[12:52:18.039] [bmv2] [T] [thread 7233] [105.0] [cxt 0] straggler.p4(288) Condition "hdr.collective.isValid()" (node_3) is true
[12:52:18.039] [bmv2] [T] [thread 7233] [105.0] [cxt 0] Applying table 'tbl_detect_straggler'
[12:52:18.039] [bmv2] [D] [thread 7233] [105.0] [cxt 0] Looking up key:

[12:52:18.039] [bmv2] [D] [thread 7233] [105.0] [cxt 0] Table 'tbl_detect_straggler': miss
[12:52:18.039] [bmv2] [D] [thread 7233] [105.0] [cxt 0] Action entry is MyIngress.detect_straggler - 
[12:52:18.039] [bmv2] [T] [thread 7233] [105.0] [cxt 0] Action MyIngress.detect_straggler
[12:52:18.039] [bmv2] [T] [thread 7233] [105.0] [cxt 0] straggler.p4(228) Primitive hdr.collective.collective_id
[12:52:18.039] [bmv2] [T] [thread 7233] [105.0] [cxt 0] straggler.p4(229) Primitive hdr.collective.flow_id
[12:52:18.039] [bmv2] [T] [thread 7233] [105.0] [cxt 0] straggler.p4(227) Primitive hash(index, HashAlgorithm.crc16, (bit<32>) 0, { ...
[12:52:18.040] [bmv2] [T] [thread 7233] [105.0] [cxt 0] hash(base=0, max=65536) = 37482
[12:52:18.040] [bmv2] [T] [thread 7233] [105.0] [cxt 0] straggler.p4(233) Primitive min_timestamp_reg.read(old_min, index)
[12:52:18.040] [bmv2] [T] [thread 7233] [105.0] [cxt 0] Read register 'min_timestamp_reg' at index 37482 read value 7607443
[12:52:18.040] [bmv2] [T] [thread 7233] [105.0] [cxt 0] straggler.p4(234) Primitive max_timestamp_reg.read(old_max, index)
[12:52:18.040] [bmv2] [T] [thread 7233] [105.0] [cxt 0] Read register 'max_timestamp_reg' at index 37482 read value 7607663
[12:52:18.040] [bmv2] [T] [thread 7233] [105.0] [cxt 0] straggler.p4(235) Primitive min_participant_reg.read(old_min_participant, index)
[12:52:18.040] [bmv2] [T] [thread 7233] [105.0] [cxt 0] Read register 'min_participant_reg' at index 37482 read value 1
[12:52:18.040] [bmv2] [T] [thread 7233] [105.0] [cxt 0] straggler.p4(236) Primitive max_participant_reg.read(old_max_participant, index)
[12:52:18.040] [bmv2] [T] [thread 7233] [105.0] [cxt 0] Read register 'max_participant_reg' at index 37482 read value 2
[12:52:18.040] [bmv2] [T] [thread 7233] [105.0] [cxt 0] straggler.p4(243) Primitive if
[12:52:18.040] [bmv2] [T] [thread 7233] [105.0] [cxt 0] straggler.p4(250) Primitive if
[12:52:18.040] [bmv2] [T] [thread 7233] [105.0] [cxt 0] straggler.p4(255) Primitive if
[12:52:18.040] [bmv2] [T] [thread 7233] [105.0] [cxt 0] straggler.p4(256) Primitive old_max = now
[12:52:18.040] [bmv2] [T] [thread 7233] [105.0] [cxt 0] straggler.p4(257) Primitive old_max_participant = hdr.collective.participant_id
[12:52:18.040] [bmv2] [T] [thread 7233] [105.0] [cxt 0] straggler.p4(262) Primitive if
[12:52:18.040] [bmv2] [T] [thread 7233] [105.0] [cxt 0] straggler.p4(279) Primitive min_timestamp_reg.write(index, old_min)
[12:52:18.040] [bmv2] [T] [thread 7233] [105.0] [cxt 0] Wrote register 'min_timestamp_reg' at index 37482 with value 7607443
[12:52:18.040] [bmv2] [T] [thread 7233] [105.0] [cxt 0] straggler.p4(280) Primitive max_timestamp_reg.write(index, old_max)
[12:52:18.040] [bmv2] [T] [thread 7233] [105.0] [cxt 0] Wrote register 'max_timestamp_reg' at index 37482 with value 7607829
[12:52:18.040] [bmv2] [T] [thread 7233] [105.0] [cxt 0] straggler.p4(281) Primitive min_participant_reg.write(index, old_min_participant)
[12:52:18.040] [bmv2] [T] [thread 7233] [105.0] [cxt 0] Wrote register 'min_participant_reg' at index 37482 with value 1
[12:52:18.040] [bmv2] [T] [thread 7233] [105.0] [cxt 0] straggler.p4(282) Primitive max_participant_reg.write(index, old_max_participant)
[12:52:18.040] [bmv2] [T] [thread 7233] [105.0] [cxt 0] Wrote register 'max_participant_reg' at index 37482 with value 3
[12:52:18.040] [bmv2] [D] [thread 7233] [105.0] [cxt 0] Pipeline 'ingress': end
[12:52:18.040] [bmv2] [D] [thread 7233] [105.0] [cxt 0] Egress port is 4
[12:52:18.040] [bmv2] [D] [thread 7233] [106.0] [cxt 0] Processing packet received on port 1
[12:52:18.040] [bmv2] [D] [thread 7233] [106.0] [cxt 0] Parser 'parser': start
[12:52:18.040] [bmv2] [D] [thread 7233] [106.0] [cxt 0] Parser 'parser' entering state 'start'
[12:52:18.040] [bmv2] [D] [thread 7233] [106.0] [cxt 0] Extracting header 'ethernet'
[12:52:18.040] [bmv2] [D] [thread 7234] [101.0] [cxt 0] Pipeline 'egress': start
[12:52:18.040] [bmv2] [D] [thread 7234] [101.0] [cxt 0] Pipeline 'egress': end
[12:52:18.040] [bmv2] [D] [thread 7234] [101.0] [cxt 0] Deparser 'deparser': start
[12:52:18.040] [bmv2] [D] [thread 7234] [101.0] [cxt 0] Deparsing header 'ethernet'
[12:52:18.040] [bmv2] [D] [thread 7234] [101.0] [cxt 0] Deparsing header 'ipv4'
[12:52:18.040] [bmv2] [D] [thread 7234] [101.0] [cxt 0] Deparsing header 'udp'
[12:52:18.040] [bmv2] [D] [thread 7234] [101.0] [cxt 0] Deparsing header 'collective'
[12:52:18.040] [bmv2] [D] [thread 7234] [101.0] [cxt 0] Deparser 'deparser': end
[12:52:18.040] [bmv2] [D] [thread 7234] [102.0] [cxt 0] Pipeline 'egress': start
[12:52:18.040] [bmv2] [D] [thread 7234] [102.0] [cxt 0] Pipeline 'egress': end
[12:52:18.040] [bmv2] [D] [thread 7234] [102.0] [cxt 0] Deparser 'deparser': start
[12:52:18.040] [bmv2] [D] [thread 7234] [102.0] [cxt 0] Deparsing header 'ethernet'
[12:52:18.040] [bmv2] [D] [thread 7234] [102.0] [cxt 0] Deparsing header 'ipv4'
[12:52:18.040] [bmv2] [D] [thread 7234] [102.0] [cxt 0] Deparsing header 'udp'
[12:52:18.040] [bmv2] [D] [thread 7234] [102.0] [cxt 0] Deparsing header 'collective'
[12:52:18.040] [bmv2] [D] [thread 7234] [102.0] [cxt 0] Deparser 'deparser': end
[12:52:18.040] [bmv2] [D] [thread 7234] [103.0] [cxt 0] Pipeline 'egress': start
[12:52:18.040] [bmv2] [D] [thread 7234] [103.0] [cxt 0] Pipeline 'egress': end
[12:52:18.040] [bmv2] [D] [thread 7234] [103.0] [cxt 0] Deparser 'deparser': start
[12:52:18.040] [bmv2] [D] [thread 7234] [103.0] [cxt 0] Deparsing header 'ethernet'
[12:52:18.040] [bmv2] [D] [thread 7234] [103.0] [cxt 0] Deparsing header 'ipv4'
[12:52:18.040] [bmv2] [D] [thread 7234] [103.0] [cxt 0] Deparsing header 'udp'
[12:52:18.040] [bmv2] [D] [thread 7234] [103.0] [cxt 0] Deparsing header 'collective'
[12:52:18.040] [bmv2] [D] [thread 7234] [103.0] [cxt 0] Deparser 'deparser': end
[12:52:18.040] [bmv2] [D] [thread 7234] [104.0] [cxt 0] Pipeline 'egress': start
[12:52:18.040] [bmv2] [D] [thread 7234] [104.0] [cxt 0] Pipeline 'egress': end
[12:52:18.040] [bmv2] [D] [thread 7234] [104.0] [cxt 0] Deparser 'deparser': start
[12:52:18.040] [bmv2] [D] [thread 7234] [104.0] [cxt 0] Deparsing header 'ethernet'
[12:52:18.040] [bmv2] [D] [thread 7234] [104.0] [cxt 0] Deparsing header 'ipv4'
[12:52:18.040] [bmv2] [D] [thread 7234] [104.0] [cxt 0] Deparsing header 'udp'
[12:52:18.040] [bmv2] [D] [thread 7234] [104.0] [cxt 0] Deparsing header 'collective'
[12:52:18.040] [bmv2] [D] [thread 7234] [104.0] [cxt 0] Deparser 'deparser': end
[12:52:18.040] [bmv2] [D] [thread 7234] [105.0] [cxt 0] Pipeline 'egress': start
[12:52:18.040] [bmv2] [D] [thread 7234] [105.0] [cxt 0] Pipeline 'egress': end
[12:52:18.040] [bmv2] [D] [thread 7234] [105.0] [cxt 0] Deparser 'deparser': start
[12:52:18.040] [bmv2] [D] [thread 7234] [105.0] [cxt 0] Deparsing header 'ethernet'
[12:52:18.040] [bmv2] [D] [thread 7234] [105.0] [cxt 0] Deparsing header 'ipv4'
[12:52:18.040] [bmv2] [D] [thread 7234] [105.0] [cxt 0] Deparsing header 'udp'
[12:52:18.040] [bmv2] [D] [thread 7234] [105.0] [cxt 0] Deparsing header 'collective'
[12:52:18.040] [bmv2] [D] [thread 7234] [105.0] [cxt 0] Deparser 'deparser': end
[12:52:18.040] [bmv2] [D] [thread 7238] [101.0] [cxt 0] Transmitting packet of size 63 out of port 4
[12:52:18.040] [bmv2] [D] [thread 7238] [102.0] [cxt 0] Transmitting packet of size 63 out of port 4
[12:52:18.040] [bmv2] [D] [thread 7238] [103.0] [cxt 0] Transmitting packet of size 63 out of port 4
[12:52:18.040] [bmv2] [D] [thread 7238] [104.0] [cxt 0] Transmitting packet of size 63 out of port 4
[12:52:18.040] [bmv2] [D] [thread 7238] [105.0] [cxt 0] Transmitting packet of size 63 out of port 4
[12:52:18.040] [bmv2] [D] [thread 7233] [106.0] [cxt 0] Parser state 'start': key is 0800
[12:52:18.040] [bmv2] [T] [thread 7233] [106.0] [cxt 0] Bytes parsed: 14
[12:52:18.040] [bmv2] [D] [thread 7233] [106.0] [cxt 0] Parser 'parser' entering state 'parse_ipv4'
[12:52:18.040] [bmv2] [D] [thread 7233] [106.0] [cxt 0] Extracting header 'ipv4'
[12:52:18.040] [bmv2] [D] [thread 7233] [106.0] [cxt 0] Parser state 'parse_ipv4': key is 11
[12:52:18.040] [bmv2] [T] [thread 7233] [106.0] [cxt 0] Bytes parsed: 34
[12:52:18.040] [bmv2] [D] [thread 7233] [106.0] [cxt 0] Parser 'parser' entering state 'parse_udp'
[12:52:18.040] [bmv2] [D] [thread 7233] [106.0] [cxt 0] Extracting header 'udp'
[12:52:18.040] [bmv2] [D] [thread 7233] [106.0] [cxt 0] Extracting header 'collective'
[12:52:18.040] [bmv2] [D] [thread 7233] [106.0] [cxt 0] Parser state 'parse_udp' has no switch, going to default next state
[12:52:18.040] [bmv2] [T] [thread 7233] [106.0] [cxt 0] Bytes parsed: 48
[12:52:18.040] [bmv2] [D] [thread 7233] [106.0] [cxt 0] Parser 'parser': end
[12:52:18.040] [bmv2] [D] [thread 7233] [106.0] [cxt 0] Pipeline 'ingress': start
[12:52:18.041] [bmv2] [T] [thread 7233] [106.0] [cxt 0] Applying table 'MyIngress.ipv4_forward'
[12:52:18.041] [bmv2] [D] [thread 7233] [106.0] [cxt 0] Looking up key:
* hdr.ipv4.dstAddr    : 0a000404

[12:52:18.041] [bmv2] [D] [thread 7233] [106.0] [cxt 0] Table 'MyIngress.ipv4_forward': hit with handle 3
[12:52:18.041] [bmv2] [D] [thread 7233] [106.0] [cxt 0] Dumping entry 3
Match key:
* hdr.ipv4.dstAddr    : EXACT     0a000404
Action entry: MyIngress.forward - 4,

[12:52:18.041] [bmv2] [D] [thread 7233] [106.0] [cxt 0] Action entry is MyIngress.forward - 4,
[12:52:18.041] [bmv2] [T] [thread 7233] [106.0] [cxt 0] Action MyIngress.forward
[12:52:18.041] [bmv2] [T] [thread 7233] [106.0] [cxt 0] straggler.p4(162) Primitive standard_metadata.egress_spec = port
[12:52:18.041] [bmv2] [T] [thread 7233] [106.0] [cxt 0] straggler.p4(288) Condition "hdr.collective.isValid()" (node_3) is true
[12:52:18.041] [bmv2] [T] [thread 7233] [106.0] [cxt 0] Applying table 'tbl_detect_straggler'
[12:52:18.041] [bmv2] [D] [thread 7233] [106.0] [cxt 0] Looking up key:

[12:52:18.041] [bmv2] [D] [thread 7233] [106.0] [cxt 0] Table 'tbl_detect_straggler': miss
[12:52:18.041] [bmv2] [D] [thread 7233] [106.0] [cxt 0] Action entry is MyIngress.detect_straggler - 
[12:52:18.041] [bmv2] [T] [thread 7233] [106.0] [cxt 0] Action MyIngress.detect_straggler
[12:52:18.041] [bmv2] [T] [thread 7233] [106.0] [cxt 0] straggler.p4(228) Primitive hdr.collective.collective_id
[12:52:18.041] [bmv2] [T] [thread 7233] [106.0] [cxt 0] straggler.p4(229) Primitive hdr.collective.flow_id
[12:52:18.041] [bmv2] [T] [thread 7233] [106.0] [cxt 0] straggler.p4(227) Primitive hash(index, HashAlgorithm.crc16, (bit<32>) 0, { ...
[12:52:18.041] [bmv2] [T] [thread 7233] [106.0] [cxt 0] hash(base=0, max=65536) = 37482
[12:52:18.041] [bmv2] [T] [thread 7233] [106.0] [cxt 0] straggler.p4(233) Primitive min_timestamp_reg.read(old_min, index)
[12:52:18.041] [bmv2] [T] [thread 7233] [106.0] [cxt 0] Read register 'min_timestamp_reg' at index 37482 read value 7607443
[12:52:18.043] [bmv2] [T] [thread 7233] [106.0] [cxt 0] straggler.p4(234) Primitive max_timestamp_reg.read(old_max, index)
[12:52:18.043] [bmv2] [T] [thread 7233] [106.0] [cxt 0] Read register 'max_timestamp_reg' at index 37482 read value 7607829
[12:52:18.043] [bmv2] [T] [thread 7233] [106.0] [cxt 0] straggler.p4(235) Primitive min_participant_reg.read(old_min_participant, index)
[12:52:18.043] [bmv2] [T] [thread 7233] [106.0] [cxt 0] Read register 'min_participant_reg' at index 37482 read value 1
[12:52:18.043] [bmv2] [T] [thread 7233] [106.0] [cxt 0] straggler.p4(236) Primitive max_participant_reg.read(old_max_participant, index)
[12:52:18.043] [bmv2] [T] [thread 7233] [106.0] [cxt 0] Read register 'max_participant_reg' at index 37482 read value 3
[12:52:18.043] [bmv2] [T] [thread 7233] [106.0] [cxt 0] straggler.p4(243) Primitive if
[12:52:18.043] [bmv2] [T] [thread 7233] [106.0] [cxt 0] straggler.p4(250) Primitive if
[12:52:18.043] [bmv2] [T] [thread 7233] [106.0] [cxt 0] straggler.p4(255) Primitive if
[12:52:18.044] [bmv2] [T] [thread 7233] [106.0] [cxt 0] straggler.p4(256) Primitive old_max = now
[12:52:18.044] [bmv2] [T] [thread 7233] [106.0] [cxt 0] straggler.p4(257) Primitive old_max_participant = hdr.collective.participant_id
[12:52:18.044] [bmv2] [T] [thread 7233] [106.0] [cxt 0] straggler.p4(262) Primitive if
[12:52:18.044] [bmv2] [T] [thread 7233] [106.0] [cxt 0] straggler.p4(279) Primitive min_timestamp_reg.write(index, old_min)
[12:52:18.044] [bmv2] [T] [thread 7233] [106.0] [cxt 0] Wrote register 'min_timestamp_reg' at index 37482 with value 7607443
[12:52:18.044] [bmv2] [T] [thread 7233] [106.0] [cxt 0] straggler.p4(280) Primitive max_timestamp_reg.write(index, old_max)
[12:52:18.044] [bmv2] [T] [thread 7233] [106.0] [cxt 0] Wrote register 'max_timestamp_reg' at index 37482 with value 7608005
[12:52:18.044] [bmv2] [T] [thread 7233] [106.0] [cxt 0] straggler.p4(281) Primitive min_participant_reg.write(index, old_min_participant)
[12:52:18.044] [bmv2] [T] [thread 7233] [106.0] [cxt 0] Wrote register 'min_participant_reg' at index 37482 with value 1
[12:52:18.044] [bmv2] [T] [thread 7233] [106.0] [cxt 0] straggler.p4(282) Primitive max_participant_reg.write(index, old_max_participant)
[12:52:18.044] [bmv2] [T] [thread 7233] [106.0] [cxt 0] Wrote register 'max_participant_reg' at index 37482 with value 4
[12:52:18.044] [bmv2] [D] [thread 7233] [106.0] [cxt 0] Pipeline 'ingress': end
[12:52:18.044] [bmv2] [D] [thread 7233] [106.0] [cxt 0] Egress port is 4
[12:52:18.044] [bmv2] [D] [thread 7234] [106.0] [cxt 0] Pipeline 'egress': start
[12:52:18.044] [bmv2] [D] [thread 7234] [106.0] [cxt 0] Pipeline 'egress': end
[12:52:18.044] [bmv2] [D] [thread 7234] [106.0] [cxt 0] Deparser 'deparser': start
[12:52:18.044] [bmv2] [D] [thread 7234] [106.0] [cxt 0] Deparsing header 'ethernet'
[12:52:18.044] [bmv2] [D] [thread 7234] [106.0] [cxt 0] Deparsing header 'ipv4'
[12:52:18.044] [bmv2] [D] [thread 7234] [106.0] [cxt 0] Deparsing header 'udp'
[12:52:18.044] [bmv2] [D] [thread 7234] [106.0] [cxt 0] Deparsing header 'collective'
[12:52:18.044] [bmv2] [D] [thread 7234] [106.0] [cxt 0] Deparser 'deparser': end
[12:52:18.044] [bmv2] [D] [thread 7238] [106.0] [cxt 0] Transmitting packet of size 63 out of port 4
[12:52:18.077] [bmv2] [D] [thread 7233] [107.0] [cxt 0] Processing packet received on port 1
[12:52:18.077] [bmv2] [D] [thread 7233] [107.0] [cxt 0] Parser 'parser': start
[12:52:18.077] [bmv2] [D] [thread 7233] [107.0] [cxt 0] Parser 'parser' entering state 'start'
[12:52:18.077] [bmv2] [D] [thread 7233] [107.0] [cxt 0] Extracting header 'ethernet'
[12:52:18.077] [bmv2] [D] [thread 7233] [107.0] [cxt 0] Parser state 'start': key is 0800
[12:52:18.077] [bmv2] [T] [thread 7233] [107.0] [cxt 0] Bytes parsed: 14
[12:52:18.077] [bmv2] [D] [thread 7233] [107.0] [cxt 0] Parser 'parser' entering state 'parse_ipv4'
[12:52:18.077] [bmv2] [D] [thread 7233] [107.0] [cxt 0] Extracting header 'ipv4'
[12:52:18.077] [bmv2] [D] [thread 7233] [107.0] [cxt 0] Parser state 'parse_ipv4': key is 11
[12:52:18.077] [bmv2] [T] [thread 7233] [107.0] [cxt 0] Bytes parsed: 34
[12:52:18.079] [bmv2] [D] [thread 7233] [107.0] [cxt 0] Parser 'parser' entering state 'parse_udp'
[12:52:18.079] [bmv2] [D] [thread 7233] [107.0] [cxt 0] Extracting header 'udp'
[12:52:18.079] [bmv2] [D] [thread 7233] [107.0] [cxt 0] Extracting header 'collective'
[12:52:18.079] [bmv2] [D] [thread 7233] [107.0] [cxt 0] Parser state 'parse_udp' has no switch, going to default next state
[12:52:18.079] [bmv2] [T] [thread 7233] [107.0] [cxt 0] Bytes parsed: 48
[12:52:18.079] [bmv2] [D] [thread 7233] [107.0] [cxt 0] Parser 'parser': end
[12:52:18.079] [bmv2] [D] [thread 7233] [107.0] [cxt 0] Pipeline 'ingress': start
[12:52:18.079] [bmv2] [T] [thread 7233] [107.0] [cxt 0] Applying table 'MyIngress.ipv4_forward'
[12:52:18.079] [bmv2] [D] [thread 7233] [107.0] [cxt 0] Looking up key:
* hdr.ipv4.dstAddr    : 0a000404

[12:52:18.079] [bmv2] [D] [thread 7233] [107.0] [cxt 0] Table 'MyIngress.ipv4_forward': hit with handle 3
[12:52:18.079] [bmv2] [D] [thread 7233] [107.0] [cxt 0] Dumping entry 3
Match key:
* hdr.ipv4.dstAddr    : EXACT     0a000404
Action entry: MyIngress.forward - 4,

[12:52:18.079] [bmv2] [D] [thread 7233] [107.0] [cxt 0] Action entry is MyIngress.forward - 4,
[12:52:18.079] [bmv2] [T] [thread 7233] [107.0] [cxt 0] Action MyIngress.forward
[12:52:18.079] [bmv2] [T] [thread 7233] [107.0] [cxt 0] straggler.p4(162) Primitive standard_metadata.egress_spec = port
[12:52:18.079] [bmv2] [T] [thread 7233] [107.0] [cxt 0] straggler.p4(288) Condition "hdr.collective.isValid()" (node_3) is true
[12:52:18.079] [bmv2] [T] [thread 7233] [107.0] [cxt 0] Applying table 'tbl_detect_straggler'
[12:52:18.079] [bmv2] [D] [thread 7233] [107.0] [cxt 0] Looking up key:

[12:52:18.079] [bmv2] [D] [thread 7233] [107.0] [cxt 0] Table 'tbl_detect_straggler': miss
[12:52:18.079] [bmv2] [D] [thread 7233] [107.0] [cxt 0] Action entry is MyIngress.detect_straggler - 
[12:52:18.079] [bmv2] [T] [thread 7233] [107.0] [cxt 0] Action MyIngress.detect_straggler
[12:52:18.079] [bmv2] [T] [thread 7233] [107.0] [cxt 0] straggler.p4(228) Primitive hdr.collective.collective_id
[12:52:18.079] [bmv2] [T] [thread 7233] [107.0] [cxt 0] straggler.p4(229) Primitive hdr.collective.flow_id
[12:52:18.079] [bmv2] [T] [thread 7233] [107.0] [cxt 0] straggler.p4(227) Primitive hash(index, HashAlgorithm.crc16, (bit<32>) 0, { ...
[12:52:18.079] [bmv2] [T] [thread 7233] [107.0] [cxt 0] hash(base=0, max=65536) = 37482
[12:52:18.079] [bmv2] [T] [thread 7233] [107.0] [cxt 0] straggler.p4(233) Primitive min_timestamp_reg.read(old_min, index)
[12:52:18.079] [bmv2] [T] [thread 7233] [107.0] [cxt 0] Read register 'min_timestamp_reg' at index 37482 read value 7607443
[12:52:18.079] [bmv2] [T] [thread 7233] [107.0] [cxt 0] straggler.p4(234) Primitive max_timestamp_reg.read(old_max, index)
[12:52:18.079] [bmv2] [T] [thread 7233] [107.0] [cxt 0] Read register 'max_timestamp_reg' at index 37482 read value 7608005
[12:52:18.079] [bmv2] [T] [thread 7233] [107.0] [cxt 0] straggler.p4(235) Primitive min_participant_reg.read(old_min_participant, index)
[12:52:18.079] [bmv2] [T] [thread 7233] [107.0] [cxt 0] Read register 'min_participant_reg' at index 37482 read value 1
[12:52:18.079] [bmv2] [T] [thread 7233] [107.0] [cxt 0] straggler.p4(236) Primitive max_participant_reg.read(old_max_participant, index)
[12:52:18.079] [bmv2] [T] [thread 7233] [107.0] [cxt 0] Read register 'max_participant_reg' at index 37482 read value 4
[12:52:18.079] [bmv2] [T] [thread 7233] [107.0] [cxt 0] straggler.p4(243) Primitive if
[12:52:18.079] [bmv2] [T] [thread 7233] [107.0] [cxt 0] straggler.p4(250) Primitive if
[12:52:18.079] [bmv2] [T] [thread 7233] [107.0] [cxt 0] straggler.p4(255) Primitive if
[12:52:18.079] [bmv2] [T] [thread 7233] [107.0] [cxt 0] straggler.p4(256) Primitive old_max = now
[12:52:18.079] [bmv2] [T] [thread 7233] [107.0] [cxt 0] straggler.p4(257) Primitive old_max_participant = hdr.collective.participant_id
[12:52:18.079] [bmv2] [T] [thread 7233] [107.0] [cxt 0] straggler.p4(262) Primitive if
[12:52:18.079] [bmv2] [T] [thread 7233] [107.0] [cxt 0] straggler.p4(39) Primitive 1
[12:52:18.079] [bmv2] [T] [thread 7233] [107.0] [cxt 0] straggler.p4(267) Primitive hdr.collective.collective_id
[12:52:18.079] [bmv2] [T] [thread 7233] [107.0] [cxt 0] straggler.p4(268) Primitive hdr.collective.flow_id
[12:52:18.079] [bmv2] [T] [thread 7233] [107.0] [cxt 0] straggler.p4(269) Primitive hdr.collective.total_flow_count
[12:52:18.079] [bmv2] [T] [thread 7233] [107.0] [cxt 0] straggler.p4(270) Primitive hdr.collective.participant_id
[12:52:18.079] [bmv2] [T] [thread 7233] [107.0] [cxt 0] straggler.p4(271) Primitive skew
[12:52:18.079] [bmv2] [T] [thread 7233] [107.0] [cxt 0] straggler.p4(272) Primitive old_min_participant
[12:52:18.079] [bmv2] [T] [thread 7233] [107.0] [cxt 0] straggler.p4(273) Primitive old_max_participant
[12:52:18.079] [bmv2] [T] [thread 7233] [107.0] [cxt 0] straggler.p4(263) Primitive log_msg( ...
[12:52:18.079] [bmv2] [I] [thread 7233] COLLECTIVE_STRAGGLER switch=1 collective_id=101 flow=7 total_flows=1 impact=COLLECTIVE_DEGRADED participant=5 skew_us=51065 min_participant=1 max_participant=5
[12:52:18.079] [bmv2] [T] [thread 7233] [107.0] [cxt 0] straggler.p4(279) Primitive min_timestamp_reg.write(index, old_min)
[12:52:18.079] [bmv2] [T] [thread 7233] [107.0] [cxt 0] Wrote register 'min_timestamp_reg' at index 37482 with value 7607443
[12:52:18.079] [bmv2] [T] [thread 7233] [107.0] [cxt 0] straggler.p4(280) Primitive max_timestamp_reg.write(index, old_max)
[12:52:18.079] [bmv2] [T] [thread 7233] [107.0] [cxt 0] Wrote register 'max_timestamp_reg' at index 37482 with value 7658508
[12:52:18.079] [bmv2] [T] [thread 7233] [107.0] [cxt 0] straggler.p4(281) Primitive min_participant_reg.write(index, old_min_participant)
[12:52:18.079] [bmv2] [T] [thread 7233] [107.0] [cxt 0] Wrote register 'min_participant_reg' at index 37482 with value 1
[12:52:18.079] [bmv2] [T] [thread 7233] [107.0] [cxt 0] straggler.p4(282) Primitive max_participant_reg.write(index, old_max_participant)
[12:52:18.079] [bmv2] [T] [thread 7233] [107.0] [cxt 0] Wrote register 'max_participant_reg' at index 37482 with value 5
[12:52:18.079] [bmv2] [D] [thread 7233] [107.0] [cxt 0] Pipeline 'ingress': end
[12:52:18.079] [bmv2] [D] [thread 7233] [107.0] [cxt 0] Egress port is 4
[12:52:18.080] [bmv2] [D] [thread 7234] [107.0] [cxt 0] Pipeline 'egress': start
[12:52:18.080] [bmv2] [D] [thread 7234] [107.0] [cxt 0] Pipeline 'egress': end
[12:52:18.080] [bmv2] [D] [thread 7234] [107.0] [cxt 0] Deparser 'deparser': start
[12:52:18.080] [bmv2] [D] [thread 7234] [107.0] [cxt 0] Deparsing header 'ethernet'
[12:52:18.080] [bmv2] [D] [thread 7234] [107.0] [cxt 0] Deparsing header 'ipv4'
[12:52:18.080] [bmv2] [D] [thread 7234] [107.0] [cxt 0] Deparsing header 'udp'
[12:52:18.080] [bmv2] [D] [thread 7234] [107.0] [cxt 0] Deparsing header 'collective'
[12:52:18.080] [bmv2] [D] [thread 7234] [107.0] [cxt 0] Deparser 'deparser': end
[12:52:18.080] [bmv2] [D] [thread 7238] [107.0] [cxt 0] Transmitting packet of size 63 out of port 4
[12:52:18.552] [bmv2] [D] [thread 7233] [108.0] [cxt 0] Processing packet received on port 2
[12:52:18.552] [bmv2] [D] [thread 7233] [108.0] [cxt 0] Parser 'parser': start
[12:52:18.552] [bmv2] [D] [thread 7233] [108.0] [cxt 0] Parser 'parser' entering state 'start'
[12:52:18.552] [bmv2] [D] [thread 7233] [108.0] [cxt 0] Extracting header 'ethernet'
[12:52:18.552] [bmv2] [D] [thread 7233] [108.0] [cxt 0] Parser state 'start': key is 86dd
[12:52:18.552] [bmv2] [T] [thread 7233] [108.0] [cxt 0] Bytes parsed: 14
[12:52:18.552] [bmv2] [D] [thread 7233] [108.0] [cxt 0] Parser 'parser': end
[12:52:18.552] [bmv2] [D] [thread 7233] [108.0] [cxt 0] Pipeline 'ingress': start
[12:52:18.552] [bmv2] [T] [thread 7233] [108.0] [cxt 0] Applying table 'MyIngress.ipv4_forward'
[12:52:18.552] [bmv2] [D] [thread 7233] [108.0] [cxt 0] Looking up key:
* hdr.ipv4.dstAddr    : 00000000

[12:52:18.552] [bmv2] [D] [thread 7233] [108.0] [cxt 0] Table 'MyIngress.ipv4_forward': miss
[12:52:18.552] [bmv2] [D] [thread 7233] [108.0] [cxt 0] Action entry is MyIngress.drop - 
[12:52:18.552] [bmv2] [T] [thread 7233] [108.0] [cxt 0] Action MyIngress.drop
[12:52:18.552] [bmv2] [T] [thread 7233] [108.0] [cxt 0] straggler.p4(158) Primitive mark_to_drop(standard_metadata)
[12:52:18.552] [bmv2] [T] [thread 7233] [108.0] [cxt 0] straggler.p4(288) Condition "hdr.collective.isValid()" (node_3) is false
[12:52:18.552] [bmv2] [D] [thread 7233] [108.0] [cxt 0] Pipeline 'ingress': end
[12:52:18.552] [bmv2] [D] [thread 7233] [108.0] [cxt 0] Egress port is 511
[12:52:18.552] [bmv2] [D] [thread 7233] [108.0] [cxt 0] Dropping packet at the end of ingress
[12:52:18.552] [bmv2] [D] [thread 7233] [109.0] [cxt 0] Processing packet received on port 3
[12:52:18.552] [bmv2] [D] [thread 7233] [109.0] [cxt 0] Parser 'parser': start
[12:52:18.552] [bmv2] [D] [thread 7233] [109.0] [cxt 0] Parser 'parser' entering state 'start'
[12:52:18.552] [bmv2] [D] [thread 7233] [109.0] [cxt 0] Extracting header 'ethernet'
[12:52:18.552] [bmv2] [D] [thread 7233] [109.0] [cxt 0] Parser state 'start': key is 86dd
[12:52:18.552] [bmv2] [T] [thread 7233] [109.0] [cxt 0] Bytes parsed: 14
[12:52:18.552] [bmv2] [D] [thread 7233] [109.0] [cxt 0] Parser 'parser': end
[12:52:18.552] [bmv2] [D] [thread 7233] [109.0] [cxt 0] Pipeline 'ingress': start
[12:52:18.552] [bmv2] [T] [thread 7233] [109.0] [cxt 0] Applying table 'MyIngress.ipv4_forward'
[12:52:18.552] [bmv2] [D] [thread 7233] [109.0] [cxt 0] Looking up key:
* hdr.ipv4.dstAddr    : 00000000

[12:52:18.552] [bmv2] [D] [thread 7233] [109.0] [cxt 0] Table 'MyIngress.ipv4_forward': miss
[12:52:18.552] [bmv2] [D] [thread 7233] [109.0] [cxt 0] Action entry is MyIngress.drop - 
[12:52:18.552] [bmv2] [T] [thread 7233] [109.0] [cxt 0] Action MyIngress.drop
[12:52:18.552] [bmv2] [T] [thread 7233] [109.0] [cxt 0] straggler.p4(158) Primitive mark_to_drop(standard_metadata)
[12:52:18.552] [bmv2] [T] [thread 7233] [109.0] [cxt 0] straggler.p4(288) Condition "hdr.collective.isValid()" (node_3) is false
[12:52:18.552] [bmv2] [D] [thread 7233] [109.0] [cxt 0] Pipeline 'ingress': end
[12:52:18.552] [bmv2] [D] [thread 7233] [109.0] [cxt 0] Egress port is 511
[12:52:18.552] [bmv2] [D] [thread 7233] [109.0] [cxt 0] Dropping packet at the end of ingress
[12:52:18.609] [bmv2] [D] [thread 7233] [110.0] [cxt 0] Processing packet received on port 4
[12:52:18.609] [bmv2] [D] [thread 7233] [110.0] [cxt 0] Parser 'parser': start
[12:52:18.609] [bmv2] [D] [thread 7233] [110.0] [cxt 0] Parser 'parser' entering state 'start'
[12:52:18.609] [bmv2] [D] [thread 7233] [110.0] [cxt 0] Extracting header 'ethernet'
[12:52:18.609] [bmv2] [D] [thread 7233] [110.0] [cxt 0] Parser state 'start': key is 86dd
[12:52:18.609] [bmv2] [T] [thread 7233] [110.0] [cxt 0] Bytes parsed: 14
[12:52:18.609] [bmv2] [D] [thread 7233] [110.0] [cxt 0] Parser 'parser': end
[12:52:18.609] [bmv2] [D] [thread 7233] [110.0] [cxt 0] Pipeline 'ingress': start
[12:52:18.609] [bmv2] [T] [thread 7233] [110.0] [cxt 0] Applying table 'MyIngress.ipv4_forward'
[12:52:18.609] [bmv2] [D] [thread 7233] [110.0] [cxt 0] Looking up key:
* hdr.ipv4.dstAddr    : 00000000

[12:52:18.609] [bmv2] [D] [thread 7233] [110.0] [cxt 0] Table 'MyIngress.ipv4_forward': miss
[12:52:18.609] [bmv2] [D] [thread 7233] [110.0] [cxt 0] Action entry is MyIngress.drop - 
[12:52:18.609] [bmv2] [T] [thread 7233] [110.0] [cxt 0] Action MyIngress.drop
[12:52:18.609] [bmv2] [T] [thread 7233] [110.0] [cxt 0] straggler.p4(158) Primitive mark_to_drop(standard_metadata)
[12:52:18.609] [bmv2] [T] [thread 7233] [110.0] [cxt 0] straggler.p4(288) Condition "hdr.collective.isValid()" (node_3) is false
[12:52:18.609] [bmv2] [D] [thread 7233] [110.0] [cxt 0] Pipeline 'ingress': end
[12:52:18.609] [bmv2] [D] [thread 7233] [110.0] [cxt 0] Egress port is 511
[12:52:18.609] [bmv2] [D] [thread 7233] [110.0] [cxt 0] Dropping packet at the end of ingress
[12:52:18.799] [bmv2] [D] [thread 7233] [111.0] [cxt 0] Processing packet received on port 1
[12:52:18.799] [bmv2] [D] [thread 7233] [111.0] [cxt 0] Parser 'parser': start
[12:52:18.799] [bmv2] [D] [thread 7233] [111.0] [cxt 0] Parser 'parser' entering state 'start'
[12:52:18.799] [bmv2] [D] [thread 7233] [111.0] [cxt 0] Extracting header 'ethernet'
[12:52:18.799] [bmv2] [D] [thread 7233] [111.0] [cxt 0] Parser state 'start': key is 86dd
[12:52:18.799] [bmv2] [T] [thread 7233] [111.0] [cxt 0] Bytes parsed: 14
[12:52:18.799] [bmv2] [D] [thread 7233] [111.0] [cxt 0] Parser 'parser': end
[12:52:18.799] [bmv2] [D] [thread 7233] [111.0] [cxt 0] Pipeline 'ingress': start
[12:52:18.799] [bmv2] [T] [thread 7233] [111.0] [cxt 0] Applying table 'MyIngress.ipv4_forward'
[12:52:18.799] [bmv2] [D] [thread 7233] [111.0] [cxt 0] Looking up key:
* hdr.ipv4.dstAddr    : 00000000

[12:52:18.799] [bmv2] [D] [thread 7233] [111.0] [cxt 0] Table 'MyIngress.ipv4_forward': miss
[12:52:18.799] [bmv2] [D] [thread 7233] [111.0] [cxt 0] Action entry is MyIngress.drop - 
[12:52:18.799] [bmv2] [T] [thread 7233] [111.0] [cxt 0] Action MyIngress.drop
[12:52:18.799] [bmv2] [T] [thread 7233] [111.0] [cxt 0] straggler.p4(158) Primitive mark_to_drop(standard_metadata)
[12:52:18.799] [bmv2] [T] [thread 7233] [111.0] [cxt 0] straggler.p4(288) Condition "hdr.collective.isValid()" (node_3) is false
[12:52:18.799] [bmv2] [D] [thread 7233] [111.0] [cxt 0] Pipeline 'ingress': end
[12:52:18.799] [bmv2] [D] [thread 7233] [111.0] [cxt 0] Egress port is 511
[12:52:18.799] [bmv2] [D] [thread 7233] [111.0] [cxt 0] Dropping packet at the end of ingress
[12:52:19.121] [bmv2] [D] [thread 7233] [112.0] [cxt 0] Processing packet received on port 3
[12:52:19.121] [bmv2] [D] [thread 7233] [112.0] [cxt 0] Parser 'parser': start
[12:52:19.121] [bmv2] [D] [thread 7233] [112.0] [cxt 0] Parser 'parser' entering state 'start'
[12:52:19.121] [bmv2] [D] [thread 7233] [112.0] [cxt 0] Extracting header 'ethernet'
[12:52:19.121] [bmv2] [D] [thread 7233] [112.0] [cxt 0] Parser state 'start': key is 86dd
[12:52:19.121] [bmv2] [T] [thread 7233] [112.0] [cxt 0] Bytes parsed: 14
[12:52:19.121] [bmv2] [D] [thread 7233] [112.0] [cxt 0] Parser 'parser': end
[12:52:19.121] [bmv2] [D] [thread 7233] [112.0] [cxt 0] Pipeline 'ingress': start
[12:52:19.121] [bmv2] [T] [thread 7233] [112.0] [cxt 0] Applying table 'MyIngress.ipv4_forward'
[12:52:19.121] [bmv2] [D] [thread 7233] [112.0] [cxt 0] Looking up key:
* hdr.ipv4.dstAddr    : 00000000

[12:52:19.121] [bmv2] [D] [thread 7233] [112.0] [cxt 0] Table 'MyIngress.ipv4_forward': miss
[12:52:19.121] [bmv2] [D] [thread 7233] [112.0] [cxt 0] Action entry is MyIngress.drop - 
[12:52:19.121] [bmv2] [T] [thread 7233] [112.0] [cxt 0] Action MyIngress.drop
[12:52:19.121] [bmv2] [T] [thread 7233] [112.0] [cxt 0] straggler.p4(158) Primitive mark_to_drop(standard_metadata)
[12:52:19.121] [bmv2] [T] [thread 7233] [112.0] [cxt 0] straggler.p4(288) Condition "hdr.collective.isValid()" (node_3) is false
[12:52:19.121] [bmv2] [D] [thread 7233] [112.0] [cxt 0] Pipeline 'ingress': end
[12:52:19.121] [bmv2] [D] [thread 7233] [112.0] [cxt 0] Egress port is 511
[12:52:19.121] [bmv2] [D] [thread 7233] [112.0] [cxt 0] Dropping packet at the end of ingress
[12:52:19.188] [bmv2] [D] [thread 7233] [113.0] [cxt 0] Processing packet received on port 4
[12:52:19.188] [bmv2] [D] [thread 7233] [113.0] [cxt 0] Parser 'parser': start
[12:52:19.188] [bmv2] [D] [thread 7233] [113.0] [cxt 0] Parser 'parser' entering state 'start'
[12:52:19.189] [bmv2] [D] [thread 7233] [113.0] [cxt 0] Extracting header 'ethernet'
[12:52:19.189] [bmv2] [D] [thread 7233] [113.0] [cxt 0] Parser state 'start': key is 86dd
[12:52:19.189] [bmv2] [T] [thread 7233] [113.0] [cxt 0] Bytes parsed: 14
[12:52:19.189] [bmv2] [D] [thread 7233] [113.0] [cxt 0] Parser 'parser': end
[12:52:19.189] [bmv2] [D] [thread 7233] [113.0] [cxt 0] Pipeline 'ingress': start
[12:52:19.189] [bmv2] [T] [thread 7233] [113.0] [cxt 0] Applying table 'MyIngress.ipv4_forward'
[12:52:19.189] [bmv2] [D] [thread 7233] [113.0] [cxt 0] Looking up key:
* hdr.ipv4.dstAddr    : 00000000

[12:52:19.189] [bmv2] [D] [thread 7233] [113.0] [cxt 0] Table 'MyIngress.ipv4_forward': miss
[12:52:19.189] [bmv2] [D] [thread 7233] [113.0] [cxt 0] Action entry is MyIngress.drop - 
[12:52:19.189] [bmv2] [T] [thread 7233] [113.0] [cxt 0] Action MyIngress.drop
[12:52:19.189] [bmv2] [T] [thread 7233] [113.0] [cxt 0] straggler.p4(158) Primitive mark_to_drop(standard_metadata)
[12:52:19.189] [bmv2] [T] [thread 7233] [113.0] [cxt 0] straggler.p4(288) Condition "hdr.collective.isValid()" (node_3) is false
[12:52:19.189] [bmv2] [D] [thread 7233] [113.0] [cxt 0] Pipeline 'ingress': end
[12:52:19.189] [bmv2] [D] [thread 7233] [113.0] [cxt 0] Egress port is 511
[12:52:19.189] [bmv2] [D] [thread 7233] [113.0] [cxt 0] Dropping packet at the end of ingress
[12:52:23.089] [bmv2] [D] [thread 7233] [114.0] [cxt 0] Processing packet received on port 1
[12:52:23.089] [bmv2] [D] [thread 7233] [114.0] [cxt 0] Parser 'parser': start
[12:52:23.089] [bmv2] [D] [thread 7233] [114.0] [cxt 0] Parser 'parser' entering state 'start'
[12:52:23.089] [bmv2] [D] [thread 7233] [114.0] [cxt 0] Extracting header 'ethernet'
[12:52:23.089] [bmv2] [D] [thread 7233] [114.0] [cxt 0] Parser state 'start': key is 86dd
[12:52:23.089] [bmv2] [T] [thread 7233] [114.0] [cxt 0] Bytes parsed: 14
[12:52:23.089] [bmv2] [D] [thread 7233] [114.0] [cxt 0] Parser 'parser': end
[12:52:23.089] [bmv2] [D] [thread 7233] [114.0] [cxt 0] Pipeline 'ingress': start
[12:52:23.089] [bmv2] [T] [thread 7233] [114.0] [cxt 0] Applying table 'MyIngress.ipv4_forward'
[12:52:23.089] [bmv2] [D] [thread 7233] [114.0] [cxt 0] Looking up key:
* hdr.ipv4.dstAddr    : 00000000

[12:52:23.089] [bmv2] [D] [thread 7233] [114.0] [cxt 0] Table 'MyIngress.ipv4_forward': miss
[12:52:23.089] [bmv2] [D] [thread 7233] [114.0] [cxt 0] Action entry is MyIngress.drop - 
[12:52:23.089] [bmv2] [T] [thread 7233] [114.0] [cxt 0] Action MyIngress.drop
[12:52:23.089] [bmv2] [T] [thread 7233] [114.0] [cxt 0] straggler.p4(158) Primitive mark_to_drop(standard_metadata)
[12:52:23.089] [bmv2] [T] [thread 7233] [114.0] [cxt 0] straggler.p4(288) Condition "hdr.collective.isValid()" (node_3) is false
[12:52:23.089] [bmv2] [D] [thread 7233] [114.0] [cxt 0] Pipeline 'ingress': end
[12:52:23.089] [bmv2] [D] [thread 7233] [114.0] [cxt 0] Egress port is 511
[12:52:23.089] [bmv2] [D] [thread 7233] [114.0] [cxt 0] Dropping packet at the end of ingress
[12:52:23.600] [bmv2] [D] [thread 7233] [115.0] [cxt 0] Processing packet received on port 4
[12:52:23.600] [bmv2] [D] [thread 7233] [115.0] [cxt 0] Parser 'parser': start
[12:52:23.600] [bmv2] [D] [thread 7233] [115.0] [cxt 0] Parser 'parser' entering state 'start'
[12:52:23.600] [bmv2] [D] [thread 7233] [115.0] [cxt 0] Extracting header 'ethernet'
[12:52:23.600] [bmv2] [D] [thread 7233] [115.0] [cxt 0] Parser state 'start': key is 86dd
[12:52:23.600] [bmv2] [T] [thread 7233] [115.0] [cxt 0] Bytes parsed: 14
[12:52:23.600] [bmv2] [D] [thread 7233] [115.0] [cxt 0] Parser 'parser': end
[12:52:23.600] [bmv2] [D] [thread 7233] [115.0] [cxt 0] Pipeline 'ingress': start
[12:52:23.600] [bmv2] [T] [thread 7233] [115.0] [cxt 0] Applying table 'MyIngress.ipv4_forward'
[12:52:23.600] [bmv2] [D] [thread 7233] [115.0] [cxt 0] Looking up key:
* hdr.ipv4.dstAddr    : 00000000

[12:52:23.600] [bmv2] [D] [thread 7233] [115.0] [cxt 0] Table 'MyIngress.ipv4_forward': miss
[12:52:23.600] [bmv2] [D] [thread 7233] [115.0] [cxt 0] Action entry is MyIngress.drop - 
[12:52:23.600] [bmv2] [T] [thread 7233] [115.0] [cxt 0] Action MyIngress.drop
[12:52:23.600] [bmv2] [T] [thread 7233] [115.0] [cxt 0] straggler.p4(158) Primitive mark_to_drop(standard_metadata)
[12:52:23.600] [bmv2] [T] [thread 7233] [115.0] [cxt 0] straggler.p4(288) Condition "hdr.collective.isValid()" (node_3) is false
[12:52:23.600] [bmv2] [D] [thread 7233] [115.0] [cxt 0] Pipeline 'ingress': end
[12:52:23.600] [bmv2] [D] [thread 7233] [115.0] [cxt 0] Egress port is 511
[12:52:23.600] [bmv2] [D] [thread 7233] [115.0] [cxt 0] Dropping packet at the end of ingress
[12:52:23.601] [bmv2] [D] [thread 7233] [116.0] [cxt 0] Processing packet received on port 2
[12:52:23.601] [bmv2] [D] [thread 7233] [116.0] [cxt 0] Parser 'parser': start
[12:52:23.601] [bmv2] [D] [thread 7233] [116.0] [cxt 0] Parser 'parser' entering state 'start'
[12:52:23.601] [bmv2] [D] [thread 7233] [116.0] [cxt 0] Extracting header 'ethernet'
[12:52:23.601] [bmv2] [D] [thread 7233] [116.0] [cxt 0] Parser state 'start': key is 86dd
[12:52:23.601] [bmv2] [T] [thread 7233] [116.0] [cxt 0] Bytes parsed: 14
[12:52:23.601] [bmv2] [D] [thread 7233] [116.0] [cxt 0] Parser 'parser': end
[12:52:23.601] [bmv2] [D] [thread 7233] [116.0] [cxt 0] Pipeline 'ingress': start
[12:52:23.601] [bmv2] [T] [thread 7233] [116.0] [cxt 0] Applying table 'MyIngress.ipv4_forward'
[12:52:23.601] [bmv2] [D] [thread 7233] [116.0] [cxt 0] Looking up key:
* hdr.ipv4.dstAddr    : 00000000

[12:52:23.601] [bmv2] [D] [thread 7233] [116.0] [cxt 0] Table 'MyIngress.ipv4_forward': miss
[12:52:23.601] [bmv2] [D] [thread 7233] [116.0] [cxt 0] Action entry is MyIngress.drop - 
[12:52:23.601] [bmv2] [T] [thread 7233] [116.0] [cxt 0] Action MyIngress.drop
[12:52:23.601] [bmv2] [T] [thread 7233] [116.0] [cxt 0] straggler.p4(158) Primitive mark_to_drop(standard_metadata)
[12:52:23.601] [bmv2] [T] [thread 7233] [116.0] [cxt 0] straggler.p4(288) Condition "hdr.collective.isValid()" (node_3) is false
[12:52:23.601] [bmv2] [D] [thread 7233] [116.0] [cxt 0] Pipeline 'ingress': end
[12:52:23.601] [bmv2] [D] [thread 7233] [116.0] [cxt 0] Egress port is 511
[12:52:23.601] [bmv2] [D] [thread 7233] [116.0] [cxt 0] Dropping packet at the end of ingress
[12:52:24.627] [bmv2] [D] [thread 7233] [117.0] [cxt 0] Processing packet received on port 4
[12:52:24.627] [bmv2] [D] [thread 7233] [117.0] [cxt 0] Parser 'parser': start
[12:52:24.627] [bmv2] [D] [thread 7233] [117.0] [cxt 0] Parser 'parser' entering state 'start'
[12:52:24.627] [bmv2] [D] [thread 7233] [117.0] [cxt 0] Extracting header 'ethernet'
[12:52:24.627] [bmv2] [D] [thread 7233] [117.0] [cxt 0] Parser state 'start': key is 86dd
[12:52:24.627] [bmv2] [T] [thread 7233] [117.0] [cxt 0] Bytes parsed: 14
[12:52:24.627] [bmv2] [D] [thread 7233] [117.0] [cxt 0] Parser 'parser': end
[12:52:24.627] [bmv2] [D] [thread 7233] [117.0] [cxt 0] Pipeline 'ingress': start
[12:52:24.627] [bmv2] [T] [thread 7233] [117.0] [cxt 0] Applying table 'MyIngress.ipv4_forward'
[12:52:24.627] [bmv2] [D] [thread 7233] [117.0] [cxt 0] Looking up key:
* hdr.ipv4.dstAddr    : 00000000

[12:52:24.627] [bmv2] [D] [thread 7233] [117.0] [cxt 0] Table 'MyIngress.ipv4_forward': miss
[12:52:24.627] [bmv2] [D] [thread 7233] [117.0] [cxt 0] Action entry is MyIngress.drop - 
[12:52:24.627] [bmv2] [T] [thread 7233] [117.0] [cxt 0] Action MyIngress.drop
[12:52:24.627] [bmv2] [T] [thread 7233] [117.0] [cxt 0] straggler.p4(158) Primitive mark_to_drop(standard_metadata)
[12:52:24.627] [bmv2] [T] [thread 7233] [117.0] [cxt 0] straggler.p4(288) Condition "hdr.collective.isValid()" (node_3) is false
[12:52:24.627] [bmv2] [D] [thread 7233] [117.0] [cxt 0] Pipeline 'ingress': end
[12:52:24.627] [bmv2] [D] [thread 7233] [117.0] [cxt 0] Egress port is 511
[12:52:24.627] [bmv2] [D] [thread 7233] [117.0] [cxt 0] Dropping packet at the end of ingress
[12:52:25.136] [bmv2] [D] [thread 7233] [118.0] [cxt 0] Processing packet received on port 3
[12:52:25.136] [bmv2] [D] [thread 7233] [118.0] [cxt 0] Parser 'parser': start
[12:52:25.136] [bmv2] [D] [thread 7233] [118.0] [cxt 0] Parser 'parser' entering state 'start'
[12:52:25.136] [bmv2] [D] [thread 7233] [118.0] [cxt 0] Extracting header 'ethernet'
[12:52:25.136] [bmv2] [D] [thread 7233] [118.0] [cxt 0] Parser state 'start': key is 86dd
[12:52:25.136] [bmv2] [T] [thread 7233] [118.0] [cxt 0] Bytes parsed: 14
[12:52:25.136] [bmv2] [D] [thread 7233] [118.0] [cxt 0] Parser 'parser': end
[12:52:25.136] [bmv2] [D] [thread 7233] [118.0] [cxt 0] Pipeline 'ingress': start
[12:52:25.136] [bmv2] [T] [thread 7233] [118.0] [cxt 0] Applying table 'MyIngress.ipv4_forward'
[12:52:25.136] [bmv2] [D] [thread 7233] [118.0] [cxt 0] Looking up key:
* hdr.ipv4.dstAddr    : 00000000

[12:52:25.136] [bmv2] [D] [thread 7233] [118.0] [cxt 0] Table 'MyIngress.ipv4_forward': miss
[12:52:25.136] [bmv2] [D] [thread 7233] [118.0] [cxt 0] Action entry is MyIngress.drop - 
[12:52:25.136] [bmv2] [T] [thread 7233] [118.0] [cxt 0] Action MyIngress.drop
[12:52:25.136] [bmv2] [T] [thread 7233] [118.0] [cxt 0] straggler.p4(158) Primitive mark_to_drop(standard_metadata)
[12:52:25.136] [bmv2] [T] [thread 7233] [118.0] [cxt 0] straggler.p4(288) Condition "hdr.collective.isValid()" (node_3) is false
[12:52:25.136] [bmv2] [D] [thread 7233] [118.0] [cxt 0] Pipeline 'ingress': end
[12:52:25.136] [bmv2] [D] [thread 7233] [118.0] [cxt 0] Egress port is 511
[12:52:25.136] [bmv2] [D] [thread 7233] [118.0] [cxt 0] Dropping packet at the end of ingress
[12:52:25.136] [bmv2] [D] [thread 7233] [119.0] [cxt 0] Processing packet received on port 3
[12:52:25.136] [bmv2] [D] [thread 7233] [119.0] [cxt 0] Parser 'parser': start
[12:52:25.136] [bmv2] [D] [thread 7233] [119.0] [cxt 0] Parser 'parser' entering state 'start'
[12:52:25.136] [bmv2] [D] [thread 7233] [119.0] [cxt 0] Extracting header 'ethernet'
[12:52:25.136] [bmv2] [D] [thread 7233] [119.0] [cxt 0] Parser state 'start': key is 86dd
[12:52:25.136] [bmv2] [T] [thread 7233] [119.0] [cxt 0] Bytes parsed: 14
[12:52:25.136] [bmv2] [D] [thread 7233] [119.0] [cxt 0] Parser 'parser': end
[12:52:25.136] [bmv2] [D] [thread 7233] [119.0] [cxt 0] Pipeline 'ingress': start
[12:52:25.136] [bmv2] [T] [thread 7233] [119.0] [cxt 0] Applying table 'MyIngress.ipv4_forward'
[12:52:25.136] [bmv2] [D] [thread 7233] [119.0] [cxt 0] Looking up key:
* hdr.ipv4.dstAddr    : 00000000

[12:52:25.136] [bmv2] [D] [thread 7233] [119.0] [cxt 0] Table 'MyIngress.ipv4_forward': miss
[12:52:25.136] [bmv2] [D] [thread 7233] [119.0] [cxt 0] Action entry is MyIngress.drop - 
[12:52:25.136] [bmv2] [T] [thread 7233] [119.0] [cxt 0] Action MyIngress.drop
[12:52:25.136] [bmv2] [T] [thread 7233] [119.0] [cxt 0] straggler.p4(158) Primitive mark_to_drop(standard_metadata)
[12:52:25.136] [bmv2] [T] [thread 7233] [119.0] [cxt 0] straggler.p4(288) Condition "hdr.collective.isValid()" (node_3) is false
[12:52:25.136] [bmv2] [D] [thread 7233] [119.0] [cxt 0] Pipeline 'ingress': end
[12:52:25.136] [bmv2] [D] [thread 7233] [119.0] [cxt 0] Egress port is 511
[12:52:25.136] [bmv2] [D] [thread 7233] [119.0] [cxt 0] Dropping packet at the end of ingress
[12:52:26.553] [bmv2] [D] [thread 7233] [120.0] [cxt 0] Processing packet received on port 2
[12:52:26.554] [bmv2] [D] [thread 7233] [120.0] [cxt 0] Parser 'parser': start
[12:52:26.554] [bmv2] [D] [thread 7233] [120.0] [cxt 0] Parser 'parser' entering state 'start'
[12:52:26.554] [bmv2] [D] [thread 7233] [120.0] [cxt 0] Extracting header 'ethernet'
[12:52:26.554] [bmv2] [D] [thread 7233] [120.0] [cxt 0] Parser state 'start': key is 86dd
[12:52:26.554] [bmv2] [T] [thread 7233] [120.0] [cxt 0] Bytes parsed: 14
[12:52:26.554] [bmv2] [D] [thread 7233] [120.0] [cxt 0] Parser 'parser': end
[12:52:26.554] [bmv2] [D] [thread 7233] [120.0] [cxt 0] Pipeline 'ingress': start
[12:52:26.554] [bmv2] [T] [thread 7233] [120.0] [cxt 0] Applying table 'MyIngress.ipv4_forward'
[12:52:26.554] [bmv2] [D] [thread 7233] [120.0] [cxt 0] Looking up key:
* hdr.ipv4.dstAddr    : 00000000

[12:52:26.554] [bmv2] [D] [thread 7233] [120.0] [cxt 0] Table 'MyIngress.ipv4_forward': miss
[12:52:26.554] [bmv2] [D] [thread 7233] [120.0] [cxt 0] Action entry is MyIngress.drop - 
[12:52:26.554] [bmv2] [T] [thread 7233] [120.0] [cxt 0] Action MyIngress.drop
[12:52:26.554] [bmv2] [T] [thread 7233] [120.0] [cxt 0] straggler.p4(158) Primitive mark_to_drop(standard_metadata)
[12:52:26.554] [bmv2] [T] [thread 7233] [120.0] [cxt 0] straggler.p4(288) Condition "hdr.collective.isValid()" (node_3) is false
[12:52:26.554] [bmv2] [D] [thread 7233] [120.0] [cxt 0] Pipeline 'ingress': end
[12:52:26.554] [bmv2] [D] [thread 7233] [120.0] [cxt 0] Egress port is 511
[12:52:26.554] [bmv2] [D] [thread 7233] [120.0] [cxt 0] Dropping packet at the end of ingress
[12:52:26.554] [bmv2] [D] [thread 7233] [121.0] [cxt 0] Processing packet received on port 3
[12:52:26.554] [bmv2] [D] [thread 7233] [121.0] [cxt 0] Parser 'parser': start
[12:52:26.554] [bmv2] [D] [thread 7233] [121.0] [cxt 0] Parser 'parser' entering state 'start'
[12:52:26.554] [bmv2] [D] [thread 7233] [121.0] [cxt 0] Extracting header 'ethernet'
[12:52:26.554] [bmv2] [D] [thread 7233] [121.0] [cxt 0] Parser state 'start': key is 86dd
[12:52:26.554] [bmv2] [T] [thread 7233] [121.0] [cxt 0] Bytes parsed: 14
[12:52:26.554] [bmv2] [D] [thread 7233] [121.0] [cxt 0] Parser 'parser': end
[12:52:26.554] [bmv2] [D] [thread 7233] [121.0] [cxt 0] Pipeline 'ingress': start
[12:52:26.554] [bmv2] [T] [thread 7233] [121.0] [cxt 0] Applying table 'MyIngress.ipv4_forward'
[12:52:26.554] [bmv2] [D] [thread 7233] [121.0] [cxt 0] Looking up key:
* hdr.ipv4.dstAddr    : 00000000

[12:52:26.554] [bmv2] [D] [thread 7233] [121.0] [cxt 0] Table 'MyIngress.ipv4_forward': miss
[12:52:26.554] [bmv2] [D] [thread 7233] [121.0] [cxt 0] Action entry is MyIngress.drop - 
[12:52:26.554] [bmv2] [T] [thread 7233] [121.0] [cxt 0] Action MyIngress.drop
[12:52:26.554] [bmv2] [T] [thread 7233] [121.0] [cxt 0] straggler.p4(158) Primitive mark_to_drop(standard_metadata)
[12:52:26.554] [bmv2] [T] [thread 7233] [121.0] [cxt 0] straggler.p4(288) Condition "hdr.collective.isValid()" (node_3) is false
[12:52:26.554] [bmv2] [D] [thread 7233] [121.0] [cxt 0] Pipeline 'ingress': end
[12:52:26.554] [bmv2] [D] [thread 7233] [121.0] [cxt 0] Egress port is 511
[12:52:26.554] [bmv2] [D] [thread 7233] [121.0] [cxt 0] Dropping packet at the end of ingress
[12:52:26.610] [bmv2] [D] [thread 7233] [122.0] [cxt 0] Processing packet received on port 4
[12:52:26.610] [bmv2] [D] [thread 7233] [122.0] [cxt 0] Parser 'parser': start
[12:52:26.610] [bmv2] [D] [thread 7233] [122.0] [cxt 0] Parser 'parser' entering state 'start'
[12:52:26.610] [bmv2] [D] [thread 7233] [122.0] [cxt 0] Extracting header 'ethernet'
[12:52:26.610] [bmv2] [D] [thread 7233] [122.0] [cxt 0] Parser state 'start': key is 86dd
[12:52:26.610] [bmv2] [T] [thread 7233] [122.0] [cxt 0] Bytes parsed: 14
[12:52:26.610] [bmv2] [D] [thread 7233] [122.0] [cxt 0] Parser 'parser': end
[12:52:26.610] [bmv2] [D] [thread 7233] [122.0] [cxt 0] Pipeline 'ingress': start
[12:52:26.610] [bmv2] [T] [thread 7233] [122.0] [cxt 0] Applying table 'MyIngress.ipv4_forward'
[12:52:26.610] [bmv2] [D] [thread 7233] [122.0] [cxt 0] Looking up key:
* hdr.ipv4.dstAddr    : 00000000

[12:52:26.610] [bmv2] [D] [thread 7233] [122.0] [cxt 0] Table 'MyIngress.ipv4_forward': miss
[12:52:26.610] [bmv2] [D] [thread 7233] [122.0] [cxt 0] Action entry is MyIngress.drop - 
[12:52:26.610] [bmv2] [T] [thread 7233] [122.0] [cxt 0] Action MyIngress.drop
[12:52:26.610] [bmv2] [T] [thread 7233] [122.0] [cxt 0] straggler.p4(158) Primitive mark_to_drop(standard_metadata)
[12:52:26.610] [bmv2] [T] [thread 7233] [122.0] [cxt 0] straggler.p4(288) Condition "hdr.collective.isValid()" (node_3) is false
[12:52:26.610] [bmv2] [D] [thread 7233] [122.0] [cxt 0] Pipeline 'ingress': end
[12:52:26.610] [bmv2] [D] [thread 7233] [122.0] [cxt 0] Egress port is 511
[12:52:26.610] [bmv2] [D] [thread 7233] [122.0] [cxt 0] Dropping packet at the end of ingress
[12:52:26.800] [bmv2] [D] [thread 7233] [123.0] [cxt 0] Processing packet received on port 1
[12:52:26.800] [bmv2] [D] [thread 7233] [123.0] [cxt 0] Parser 'parser': start
[12:52:26.800] [bmv2] [D] [thread 7233] [123.0] [cxt 0] Parser 'parser' entering state 'start'
[12:52:26.800] [bmv2] [D] [thread 7233] [123.0] [cxt 0] Extracting header 'ethernet'
[12:52:26.800] [bmv2] [D] [thread 7233] [123.0] [cxt 0] Parser state 'start': key is 86dd
[12:52:26.800] [bmv2] [T] [thread 7233] [123.0] [cxt 0] Bytes parsed: 14
[12:52:26.800] [bmv2] [D] [thread 7233] [123.0] [cxt 0] Parser 'parser': end
[12:52:26.800] [bmv2] [D] [thread 7233] [123.0] [cxt 0] Pipeline 'ingress': start
[12:52:26.801] [bmv2] [T] [thread 7233] [123.0] [cxt 0] Applying table 'MyIngress.ipv4_forward'
[12:52:26.801] [bmv2] [D] [thread 7233] [123.0] [cxt 0] Looking up key:
* hdr.ipv4.dstAddr    : 00000000

[12:52:26.801] [bmv2] [D] [thread 7233] [123.0] [cxt 0] Table 'MyIngress.ipv4_forward': miss
[12:52:26.801] [bmv2] [D] [thread 7233] [123.0] [cxt 0] Action entry is MyIngress.drop - 
[12:52:26.801] [bmv2] [T] [thread 7233] [123.0] [cxt 0] Action MyIngress.drop
[12:52:26.801] [bmv2] [T] [thread 7233] [123.0] [cxt 0] straggler.p4(158) Primitive mark_to_drop(standard_metadata)
[12:52:26.801] [bmv2] [T] [thread 7233] [123.0] [cxt 0] straggler.p4(288) Condition "hdr.collective.isValid()" (node_3) is false
[12:52:26.801] [bmv2] [D] [thread 7233] [123.0] [cxt 0] Pipeline 'ingress': end
[12:52:26.801] [bmv2] [D] [thread 7233] [123.0] [cxt 0] Egress port is 511
[12:52:26.801] [bmv2] [D] [thread 7233] [123.0] [cxt 0] Dropping packet at the end of ingress
[12:52:27.122] [bmv2] [D] [thread 7233] [124.0] [cxt 0] Processing packet received on port 3
[12:52:27.122] [bmv2] [D] [thread 7233] [124.0] [cxt 0] Parser 'parser': start
[12:52:27.122] [bmv2] [D] [thread 7233] [124.0] [cxt 0] Parser 'parser' entering state 'start'
[12:52:27.122] [bmv2] [D] [thread 7233] [124.0] [cxt 0] Extracting header 'ethernet'
[12:52:27.122] [bmv2] [D] [thread 7233] [124.0] [cxt 0] Parser state 'start': key is 86dd
[12:52:27.122] [bmv2] [T] [thread 7233] [124.0] [cxt 0] Bytes parsed: 14
[12:52:27.122] [bmv2] [D] [thread 7233] [124.0] [cxt 0] Parser 'parser': end
[12:52:27.122] [bmv2] [D] [thread 7233] [124.0] [cxt 0] Pipeline 'ingress': start
[12:52:27.122] [bmv2] [T] [thread 7233] [124.0] [cxt 0] Applying table 'MyIngress.ipv4_forward'
[12:52:27.122] [bmv2] [D] [thread 7233] [124.0] [cxt 0] Looking up key:
* hdr.ipv4.dstAddr    : 00000000

[12:52:27.122] [bmv2] [D] [thread 7233] [124.0] [cxt 0] Table 'MyIngress.ipv4_forward': miss
[12:52:27.122] [bmv2] [D] [thread 7233] [124.0] [cxt 0] Action entry is MyIngress.drop - 
[12:52:27.123] [bmv2] [T] [thread 7233] [124.0] [cxt 0] Action MyIngress.drop
[12:52:27.123] [bmv2] [T] [thread 7233] [124.0] [cxt 0] straggler.p4(158) Primitive mark_to_drop(standard_metadata)
[12:52:27.123] [bmv2] [T] [thread 7233] [124.0] [cxt 0] straggler.p4(288) Condition "hdr.collective.isValid()" (node_3) is false
[12:52:27.123] [bmv2] [D] [thread 7233] [124.0] [cxt 0] Pipeline 'ingress': end
[12:52:27.123] [bmv2] [D] [thread 7233] [124.0] [cxt 0] Egress port is 511
[12:52:27.123] [bmv2] [D] [thread 7233] [124.0] [cxt 0] Dropping packet at the end of ingress
[12:52:27.188] [bmv2] [D] [thread 7233] [125.0] [cxt 0] Processing packet received on port 4
[12:52:27.188] [bmv2] [D] [thread 7233] [125.0] [cxt 0] Parser 'parser': start
[12:52:27.188] [bmv2] [D] [thread 7233] [125.0] [cxt 0] Parser 'parser' entering state 'start'
[12:52:27.188] [bmv2] [D] [thread 7233] [125.0] [cxt 0] Extracting header 'ethernet'
[12:52:27.188] [bmv2] [D] [thread 7233] [125.0] [cxt 0] Parser state 'start': key is 86dd
[12:52:27.188] [bmv2] [T] [thread 7233] [125.0] [cxt 0] Bytes parsed: 14
[12:52:27.188] [bmv2] [D] [thread 7233] [125.0] [cxt 0] Parser 'parser': end
[12:52:27.188] [bmv2] [D] [thread 7233] [125.0] [cxt 0] Pipeline 'ingress': start
[12:52:27.188] [bmv2] [T] [thread 7233] [125.0] [cxt 0] Applying table 'MyIngress.ipv4_forward'
[12:52:27.188] [bmv2] [D] [thread 7233] [125.0] [cxt 0] Looking up key:
* hdr.ipv4.dstAddr    : 00000000

[12:52:27.189] [bmv2] [D] [thread 7233] [125.0] [cxt 0] Table 'MyIngress.ipv4_forward': miss
[12:52:27.189] [bmv2] [D] [thread 7233] [125.0] [cxt 0] Action entry is MyIngress.drop - 
[12:52:27.189] [bmv2] [T] [thread 7233] [125.0] [cxt 0] Action MyIngress.drop
[12:52:27.189] [bmv2] [T] [thread 7233] [125.0] [cxt 0] straggler.p4(158) Primitive mark_to_drop(standard_metadata)
[12:52:27.189] [bmv2] [T] [thread 7233] [125.0] [cxt 0] straggler.p4(288) Condition "hdr.collective.isValid()" (node_3) is false
[12:52:27.189] [bmv2] [D] [thread 7233] [125.0] [cxt 0] Pipeline 'ingress': end
[12:52:27.189] [bmv2] [D] [thread 7233] [125.0] [cxt 0] Egress port is 511
[12:52:27.189] [bmv2] [D] [thread 7233] [125.0] [cxt 0] Dropping packet at the end of ingress
[12:52:37.937] [bmv2] [D] [thread 7233] [126.0] [cxt 0] Processing packet received on port 1
[12:52:37.938] [bmv2] [D] [thread 7233] [126.0] [cxt 0] Parser 'parser': start
[12:52:37.938] [bmv2] [D] [thread 7233] [126.0] [cxt 0] Parser 'parser' entering state 'start'
[12:52:37.938] [bmv2] [D] [thread 7233] [126.0] [cxt 0] Extracting header 'ethernet'
[12:52:37.938] [bmv2] [D] [thread 7233] [126.0] [cxt 0] Parser state 'start': key is 86dd
[12:52:37.938] [bmv2] [T] [thread 7233] [126.0] [cxt 0] Bytes parsed: 14
[12:52:37.938] [bmv2] [D] [thread 7233] [126.0] [cxt 0] Parser 'parser': end
[12:52:37.938] [bmv2] [D] [thread 7233] [126.0] [cxt 0] Pipeline 'ingress': start
[12:52:37.938] [bmv2] [T] [thread 7233] [126.0] [cxt 0] Applying table 'MyIngress.ipv4_forward'
[12:52:37.938] [bmv2] [D] [thread 7233] [126.0] [cxt 0] Looking up key:
* hdr.ipv4.dstAddr    : 00000000

[12:52:37.938] [bmv2] [D] [thread 7233] [126.0] [cxt 0] Table 'MyIngress.ipv4_forward': miss
[12:52:37.938] [bmv2] [D] [thread 7233] [126.0] [cxt 0] Action entry is MyIngress.drop - 
[12:52:37.938] [bmv2] [T] [thread 7233] [126.0] [cxt 0] Action MyIngress.drop
[12:52:37.938] [bmv2] [T] [thread 7233] [126.0] [cxt 0] straggler.p4(158) Primitive mark_to_drop(standard_metadata)
[12:52:37.939] [bmv2] [T] [thread 7233] [126.0] [cxt 0] straggler.p4(288) Condition "hdr.collective.isValid()" (node_3) is false
[12:52:37.939] [bmv2] [D] [thread 7233] [126.0] [cxt 0] Pipeline 'ingress': end
[12:52:37.939] [bmv2] [D] [thread 7233] [126.0] [cxt 0] Egress port is 511
[12:52:37.939] [bmv2] [D] [thread 7233] [126.0] [cxt 0] Dropping packet at the end of ingress
[12:52:38.960] [bmv2] [D] [thread 7233] [127.0] [cxt 0] Processing packet received on port 4
[12:52:38.960] [bmv2] [D] [thread 7233] [127.0] [cxt 0] Parser 'parser': start
[12:52:38.960] [bmv2] [D] [thread 7233] [127.0] [cxt 0] Parser 'parser' entering state 'start'
[12:52:38.960] [bmv2] [D] [thread 7233] [127.0] [cxt 0] Extracting header 'ethernet'
[12:52:38.960] [bmv2] [D] [thread 7233] [127.0] [cxt 0] Parser state 'start': key is 86dd
[12:52:38.960] [bmv2] [T] [thread 7233] [127.0] [cxt 0] Bytes parsed: 14
[12:52:38.960] [bmv2] [D] [thread 7233] [127.0] [cxt 0] Parser 'parser': end
[12:52:38.961] [bmv2] [D] [thread 7233] [127.0] [cxt 0] Pipeline 'ingress': start
[12:52:38.961] [bmv2] [T] [thread 7233] [127.0] [cxt 0] Applying table 'MyIngress.ipv4_forward'
[12:52:38.961] [bmv2] [D] [thread 7233] [127.0] [cxt 0] Looking up key:
* hdr.ipv4.dstAddr    : 00000000

[12:52:38.961] [bmv2] [D] [thread 7233] [127.0] [cxt 0] Table 'MyIngress.ipv4_forward': miss
[12:52:38.961] [bmv2] [D] [thread 7233] [127.0] [cxt 0] Action entry is MyIngress.drop - 
[12:52:38.961] [bmv2] [T] [thread 7233] [127.0] [cxt 0] Action MyIngress.drop
[12:52:38.961] [bmv2] [T] [thread 7233] [127.0] [cxt 0] straggler.p4(158) Primitive mark_to_drop(standard_metadata)
[12:52:38.961] [bmv2] [T] [thread 7233] [127.0] [cxt 0] straggler.p4(288) Condition "hdr.collective.isValid()" (node_3) is false
[12:52:38.961] [bmv2] [D] [thread 7233] [127.0] [cxt 0] Pipeline 'ingress': end
[12:52:38.961] [bmv2] [D] [thread 7233] [127.0] [cxt 0] Egress port is 511
[12:52:38.961] [bmv2] [D] [thread 7233] [127.0] [cxt 0] Dropping packet at the end of ingress
[12:52:39.472] [bmv2] [D] [thread 7233] [128.0] [cxt 0] Processing packet received on port 2
[12:52:39.472] [bmv2] [D] [thread 7233] [128.0] [cxt 0] Parser 'parser': start
[12:52:39.472] [bmv2] [D] [thread 7233] [128.0] [cxt 0] Parser 'parser' entering state 'start'
[12:52:39.472] [bmv2] [D] [thread 7233] [128.0] [cxt 0] Extracting header 'ethernet'
[12:52:39.472] [bmv2] [D] [thread 7233] [128.0] [cxt 0] Parser state 'start': key is 86dd
[12:52:39.472] [bmv2] [T] [thread 7233] [128.0] [cxt 0] Bytes parsed: 14
[12:52:39.472] [bmv2] [D] [thread 7233] [128.0] [cxt 0] Parser 'parser': end
[12:52:39.472] [bmv2] [D] [thread 7233] [128.0] [cxt 0] Pipeline 'ingress': start
[12:52:39.472] [bmv2] [T] [thread 7233] [128.0] [cxt 0] Applying table 'MyIngress.ipv4_forward'
[12:52:39.472] [bmv2] [D] [thread 7233] [128.0] [cxt 0] Looking up key:
* hdr.ipv4.dstAddr    : 00000000

[12:52:39.472] [bmv2] [D] [thread 7233] [128.0] [cxt 0] Table 'MyIngress.ipv4_forward': miss
[12:52:39.472] [bmv2] [D] [thread 7233] [128.0] [cxt 0] Action entry is MyIngress.drop - 
[12:52:39.472] [bmv2] [T] [thread 7233] [128.0] [cxt 0] Action MyIngress.drop
[12:52:39.472] [bmv2] [T] [thread 7233] [128.0] [cxt 0] straggler.p4(158) Primitive mark_to_drop(standard_metadata)
[12:52:39.473] [bmv2] [T] [thread 7233] [128.0] [cxt 0] straggler.p4(288) Condition "hdr.collective.isValid()" (node_3) is false
[12:52:39.473] [bmv2] [D] [thread 7233] [128.0] [cxt 0] Pipeline 'ingress': end
[12:52:39.473] [bmv2] [D] [thread 7233] [128.0] [cxt 0] Egress port is 511
[12:52:39.473] [bmv2] [D] [thread 7233] [128.0] [cxt 0] Dropping packet at the end of ingress
[12:52:41.009] [bmv2] [D] [thread 7233] [129.0] [cxt 0] Processing packet received on port 4
[12:52:41.009] [bmv2] [D] [thread 7233] [129.0] [cxt 0] Parser 'parser': start
[12:52:41.009] [bmv2] [D] [thread 7233] [129.0] [cxt 0] Parser 'parser' entering state 'start'
[12:52:41.009] [bmv2] [D] [thread 7233] [129.0] [cxt 0] Extracting header 'ethernet'
[12:52:41.009] [bmv2] [D] [thread 7233] [129.0] [cxt 0] Parser state 'start': key is 86dd
[12:52:41.009] [bmv2] [T] [thread 7233] [129.0] [cxt 0] Bytes parsed: 14
[12:52:41.009] [bmv2] [D] [thread 7233] [129.0] [cxt 0] Parser 'parser': end
[12:52:41.009] [bmv2] [D] [thread 7233] [129.0] [cxt 0] Pipeline 'ingress': start
[12:52:41.009] [bmv2] [T] [thread 7233] [129.0] [cxt 0] Applying table 'MyIngress.ipv4_forward'
[12:52:41.009] [bmv2] [D] [thread 7233] [129.0] [cxt 0] Looking up key:
* hdr.ipv4.dstAddr    : 00000000

[12:52:41.009] [bmv2] [D] [thread 7233] [129.0] [cxt 0] Table 'MyIngress.ipv4_forward': miss
[12:52:41.009] [bmv2] [D] [thread 7233] [129.0] [cxt 0] Action entry is MyIngress.drop - 
[12:52:41.009] [bmv2] [T] [thread 7233] [129.0] [cxt 0] Action MyIngress.drop
[12:52:41.009] [bmv2] [T] [thread 7233] [129.0] [cxt 0] straggler.p4(158) Primitive mark_to_drop(standard_metadata)
[12:52:41.010] [bmv2] [T] [thread 7233] [129.0] [cxt 0] straggler.p4(288) Condition "hdr.collective.isValid()" (node_3) is false
[12:52:41.010] [bmv2] [D] [thread 7233] [129.0] [cxt 0] Pipeline 'ingress': end
[12:52:41.010] [bmv2] [D] [thread 7233] [129.0] [cxt 0] Egress port is 511
[12:52:41.010] [bmv2] [D] [thread 7233] [129.0] [cxt 0] Dropping packet at the end of ingress
[12:52:42.032] [bmv2] [D] [thread 7233] [130.0] [cxt 0] Processing packet received on port 3
[12:52:42.032] [bmv2] [D] [thread 7233] [130.0] [cxt 0] Parser 'parser': start
[12:52:42.032] [bmv2] [D] [thread 7233] [130.0] [cxt 0] Parser 'parser' entering state 'start'
[12:52:42.032] [bmv2] [D] [thread 7233] [130.0] [cxt 0] Extracting header 'ethernet'
[12:52:42.032] [bmv2] [D] [thread 7233] [130.0] [cxt 0] Parser state 'start': key is 86dd
[12:52:42.032] [bmv2] [T] [thread 7233] [130.0] [cxt 0] Bytes parsed: 14
[12:52:42.032] [bmv2] [D] [thread 7233] [130.0] [cxt 0] Parser 'parser': end
[12:52:42.032] [bmv2] [D] [thread 7233] [130.0] [cxt 0] Pipeline 'ingress': start
[12:52:42.032] [bmv2] [T] [thread 7233] [130.0] [cxt 0] Applying table 'MyIngress.ipv4_forward'
[12:52:42.032] [bmv2] [D] [thread 7233] [130.0] [cxt 0] Looking up key:
* hdr.ipv4.dstAddr    : 00000000

[12:52:42.032] [bmv2] [D] [thread 7233] [130.0] [cxt 0] Table 'MyIngress.ipv4_forward': miss
[12:52:42.032] [bmv2] [D] [thread 7233] [130.0] [cxt 0] Action entry is MyIngress.drop - 
[12:52:42.032] [bmv2] [T] [thread 7233] [130.0] [cxt 0] Action MyIngress.drop
[12:52:42.032] [bmv2] [T] [thread 7233] [130.0] [cxt 0] straggler.p4(158) Primitive mark_to_drop(standard_metadata)
[12:52:42.032] [bmv2] [T] [thread 7233] [130.0] [cxt 0] straggler.p4(288) Condition "hdr.collective.isValid()" (node_3) is false
[12:52:42.032] [bmv2] [D] [thread 7233] [130.0] [cxt 0] Pipeline 'ingress': end
[12:52:42.032] [bmv2] [D] [thread 7233] [130.0] [cxt 0] Egress port is 511
[12:52:42.032] [bmv2] [D] [thread 7233] [130.0] [cxt 0] Dropping packet at the end of ingress
[12:52:42.555] [bmv2] [D] [thread 7233] [131.0] [cxt 0] Processing packet received on port 2
[12:52:42.555] [bmv2] [D] [thread 7233] [131.0] [cxt 0] Parser 'parser': start
[12:52:42.555] [bmv2] [D] [thread 7233] [131.0] [cxt 0] Parser 'parser' entering state 'start'
[12:52:42.555] [bmv2] [D] [thread 7233] [131.0] [cxt 0] Extracting header 'ethernet'
[12:52:42.555] [bmv2] [D] [thread 7233] [131.0] [cxt 0] Parser state 'start': key is 86dd
[12:52:42.555] [bmv2] [T] [thread 7233] [131.0] [cxt 0] Bytes parsed: 14
[12:52:42.555] [bmv2] [D] [thread 7233] [131.0] [cxt 0] Parser 'parser': end
[12:52:42.555] [bmv2] [D] [thread 7233] [131.0] [cxt 0] Pipeline 'ingress': start
[12:52:42.555] [bmv2] [T] [thread 7233] [131.0] [cxt 0] Applying table 'MyIngress.ipv4_forward'
[12:52:42.555] [bmv2] [D] [thread 7233] [131.0] [cxt 0] Looking up key:
* hdr.ipv4.dstAddr    : 00000000

[12:52:42.555] [bmv2] [D] [thread 7233] [131.0] [cxt 0] Table 'MyIngress.ipv4_forward': miss
[12:52:42.555] [bmv2] [D] [thread 7233] [131.0] [cxt 0] Action entry is MyIngress.drop - 
[12:52:42.555] [bmv2] [T] [thread 7233] [131.0] [cxt 0] Action MyIngress.drop
[12:52:42.555] [bmv2] [T] [thread 7233] [131.0] [cxt 0] straggler.p4(158) Primitive mark_to_drop(standard_metadata)
[12:52:42.555] [bmv2] [T] [thread 7233] [131.0] [cxt 0] straggler.p4(288) Condition "hdr.collective.isValid()" (node_3) is false
[12:52:42.555] [bmv2] [D] [thread 7233] [131.0] [cxt 0] Pipeline 'ingress': end
[12:52:42.555] [bmv2] [D] [thread 7233] [131.0] [cxt 0] Egress port is 511
[12:52:42.555] [bmv2] [D] [thread 7233] [131.0] [cxt 0] Dropping packet at the end of ingress
[12:52:42.555] [bmv2] [D] [thread 7233] [132.0] [cxt 0] Processing packet received on port 3
[12:52:42.555] [bmv2] [D] [thread 7233] [132.0] [cxt 0] Parser 'parser': start
[12:52:42.555] [bmv2] [D] [thread 7233] [132.0] [cxt 0] Parser 'parser' entering state 'start'
[12:52:42.555] [bmv2] [D] [thread 7233] [132.0] [cxt 0] Extracting header 'ethernet'
[12:52:42.555] [bmv2] [D] [thread 7233] [132.0] [cxt 0] Parser state 'start': key is 86dd
[12:52:42.555] [bmv2] [T] [thread 7233] [132.0] [cxt 0] Bytes parsed: 14
[12:52:42.555] [bmv2] [D] [thread 7233] [132.0] [cxt 0] Parser 'parser': end
[12:52:42.555] [bmv2] [D] [thread 7233] [132.0] [cxt 0] Pipeline 'ingress': start
[12:52:42.555] [bmv2] [T] [thread 7233] [132.0] [cxt 0] Applying table 'MyIngress.ipv4_forward'
[12:52:42.555] [bmv2] [D] [thread 7233] [132.0] [cxt 0] Looking up key:
* hdr.ipv4.dstAddr    : 00000000

[12:52:42.555] [bmv2] [D] [thread 7233] [132.0] [cxt 0] Table 'MyIngress.ipv4_forward': miss
[12:52:42.555] [bmv2] [D] [thread 7233] [132.0] [cxt 0] Action entry is MyIngress.drop - 
[12:52:42.555] [bmv2] [T] [thread 7233] [132.0] [cxt 0] Action MyIngress.drop
[12:52:42.555] [bmv2] [T] [thread 7233] [132.0] [cxt 0] straggler.p4(158) Primitive mark_to_drop(standard_metadata)
[12:52:42.555] [bmv2] [T] [thread 7233] [132.0] [cxt 0] straggler.p4(288) Condition "hdr.collective.isValid()" (node_3) is false
[12:52:42.555] [bmv2] [D] [thread 7233] [132.0] [cxt 0] Pipeline 'ingress': end
[12:52:42.555] [bmv2] [D] [thread 7233] [132.0] [cxt 0] Egress port is 511
[12:52:42.555] [bmv2] [D] [thread 7233] [132.0] [cxt 0] Dropping packet at the end of ingress
[12:52:42.611] [bmv2] [D] [thread 7233] [133.0] [cxt 0] Processing packet received on port 4
[12:52:42.611] [bmv2] [D] [thread 7233] [133.0] [cxt 0] Parser 'parser': start
[12:52:42.611] [bmv2] [D] [thread 7233] [133.0] [cxt 0] Parser 'parser' entering state 'start'
[12:52:42.611] [bmv2] [D] [thread 7233] [133.0] [cxt 0] Extracting header 'ethernet'
[12:52:42.611] [bmv2] [D] [thread 7233] [133.0] [cxt 0] Parser state 'start': key is 86dd
[12:52:42.611] [bmv2] [T] [thread 7233] [133.0] [cxt 0] Bytes parsed: 14
[12:52:42.611] [bmv2] [D] [thread 7233] [133.0] [cxt 0] Parser 'parser': end
[12:52:42.611] [bmv2] [D] [thread 7233] [133.0] [cxt 0] Pipeline 'ingress': start
[12:52:42.611] [bmv2] [T] [thread 7233] [133.0] [cxt 0] Applying table 'MyIngress.ipv4_forward'
[12:52:42.611] [bmv2] [D] [thread 7233] [133.0] [cxt 0] Looking up key:
* hdr.ipv4.dstAddr    : 00000000

[12:52:42.611] [bmv2] [D] [thread 7233] [133.0] [cxt 0] Table 'MyIngress.ipv4_forward': miss
[12:52:42.611] [bmv2] [D] [thread 7233] [133.0] [cxt 0] Action entry is MyIngress.drop - 
[12:52:42.611] [bmv2] [T] [thread 7233] [133.0] [cxt 0] Action MyIngress.drop
[12:52:42.611] [bmv2] [T] [thread 7233] [133.0] [cxt 0] straggler.p4(158) Primitive mark_to_drop(standard_metadata)
[12:52:42.611] [bmv2] [T] [thread 7233] [133.0] [cxt 0] straggler.p4(288) Condition "hdr.collective.isValid()" (node_3) is false
[12:52:42.611] [bmv2] [D] [thread 7233] [133.0] [cxt 0] Pipeline 'ingress': end
[12:52:42.611] [bmv2] [D] [thread 7233] [133.0] [cxt 0] Egress port is 511
[12:52:42.611] [bmv2] [D] [thread 7233] [133.0] [cxt 0] Dropping packet at the end of ingress
[12:52:42.801] [bmv2] [D] [thread 7233] [134.0] [cxt 0] Processing packet received on port 1
[12:52:42.801] [bmv2] [D] [thread 7233] [134.0] [cxt 0] Parser 'parser': start
[12:52:42.801] [bmv2] [D] [thread 7233] [134.0] [cxt 0] Parser 'parser' entering state 'start'
[12:52:42.801] [bmv2] [D] [thread 7233] [134.0] [cxt 0] Extracting header 'ethernet'
[12:52:42.802] [bmv2] [D] [thread 7233] [134.0] [cxt 0] Parser state 'start': key is 86dd
[12:52:42.802] [bmv2] [T] [thread 7233] [134.0] [cxt 0] Bytes parsed: 14
[12:52:42.802] [bmv2] [D] [thread 7233] [134.0] [cxt 0] Parser 'parser': end
[12:52:42.802] [bmv2] [D] [thread 7233] [134.0] [cxt 0] Pipeline 'ingress': start
[12:52:42.802] [bmv2] [T] [thread 7233] [134.0] [cxt 0] Applying table 'MyIngress.ipv4_forward'
[12:52:42.802] [bmv2] [D] [thread 7233] [134.0] [cxt 0] Looking up key:
* hdr.ipv4.dstAddr    : 00000000

[12:52:42.802] [bmv2] [D] [thread 7233] [134.0] [cxt 0] Table 'MyIngress.ipv4_forward': miss
[12:52:42.802] [bmv2] [D] [thread 7233] [134.0] [cxt 0] Action entry is MyIngress.drop - 
[12:52:42.802] [bmv2] [T] [thread 7233] [134.0] [cxt 0] Action MyIngress.drop
[12:52:42.802] [bmv2] [T] [thread 7233] [134.0] [cxt 0] straggler.p4(158) Primitive mark_to_drop(standard_metadata)
[12:52:42.802] [bmv2] [T] [thread 7233] [134.0] [cxt 0] straggler.p4(288) Condition "hdr.collective.isValid()" (node_3) is false
[12:52:42.802] [bmv2] [D] [thread 7233] [134.0] [cxt 0] Pipeline 'ingress': end
[12:52:42.802] [bmv2] [D] [thread 7233] [134.0] [cxt 0] Egress port is 511
[12:52:42.802] [bmv2] [D] [thread 7233] [134.0] [cxt 0] Dropping packet at the end of ingress
[12:52:43.055] [bmv2] [D] [thread 7233] [135.0] [cxt 0] Processing packet received on port 3
[12:52:43.055] [bmv2] [D] [thread 7233] [135.0] [cxt 0] Parser 'parser': start
[12:52:43.055] [bmv2] [D] [thread 7233] [135.0] [cxt 0] Parser 'parser' entering state 'start'
[12:52:43.055] [bmv2] [D] [thread 7233] [135.0] [cxt 0] Extracting header 'ethernet'
[12:52:43.056] [bmv2] [D] [thread 7233] [135.0] [cxt 0] Parser state 'start': key is 86dd
[12:52:43.056] [bmv2] [T] [thread 7233] [135.0] [cxt 0] Bytes parsed: 14
[12:52:43.056] [bmv2] [D] [thread 7233] [135.0] [cxt 0] Parser 'parser': end
[12:52:43.056] [bmv2] [D] [thread 7233] [135.0] [cxt 0] Pipeline 'ingress': start
[12:52:43.056] [bmv2] [T] [thread 7233] [135.0] [cxt 0] Applying table 'MyIngress.ipv4_forward'
[12:52:43.056] [bmv2] [D] [thread 7233] [135.0] [cxt 0] Looking up key:
* hdr.ipv4.dstAddr    : 00000000

[12:52:43.056] [bmv2] [D] [thread 7233] [135.0] [cxt 0] Table 'MyIngress.ipv4_forward': miss
[12:52:43.056] [bmv2] [D] [thread 7233] [135.0] [cxt 0] Action entry is MyIngress.drop - 
[12:52:43.056] [bmv2] [T] [thread 7233] [135.0] [cxt 0] Action MyIngress.drop
[12:52:43.056] [bmv2] [T] [thread 7233] [135.0] [cxt 0] straggler.p4(158) Primitive mark_to_drop(standard_metadata)
[12:52:43.056] [bmv2] [T] [thread 7233] [135.0] [cxt 0] straggler.p4(288) Condition "hdr.collective.isValid()" (node_3) is false
[12:52:43.056] [bmv2] [D] [thread 7233] [135.0] [cxt 0] Pipeline 'ingress': end
[12:52:43.056] [bmv2] [D] [thread 7233] [135.0] [cxt 0] Egress port is 511
[12:52:43.056] [bmv2] [D] [thread 7233] [135.0] [cxt 0] Dropping packet at the end of ingress
[12:52:43.122] [bmv2] [D] [thread 7233] [136.0] [cxt 0] Processing packet received on port 3
[12:52:43.122] [bmv2] [D] [thread 7233] [136.0] [cxt 0] Parser 'parser': start
[12:52:43.122] [bmv2] [D] [thread 7233] [136.0] [cxt 0] Parser 'parser' entering state 'start'
[12:52:43.122] [bmv2] [D] [thread 7233] [136.0] [cxt 0] Extracting header 'ethernet'
[12:52:43.122] [bmv2] [D] [thread 7233] [136.0] [cxt 0] Parser state 'start': key is 86dd
[12:52:43.122] [bmv2] [T] [thread 7233] [136.0] [cxt 0] Bytes parsed: 14
[12:52:43.122] [bmv2] [D] [thread 7233] [136.0] [cxt 0] Parser 'parser': end
[12:52:43.122] [bmv2] [D] [thread 7233] [136.0] [cxt 0] Pipeline 'ingress': start
[12:52:43.122] [bmv2] [T] [thread 7233] [136.0] [cxt 0] Applying table 'MyIngress.ipv4_forward'
[12:52:43.122] [bmv2] [D] [thread 7233] [136.0] [cxt 0] Looking up key:
* hdr.ipv4.dstAddr    : 00000000

[12:52:43.122] [bmv2] [D] [thread 7233] [136.0] [cxt 0] Table 'MyIngress.ipv4_forward': miss
[12:52:43.122] [bmv2] [D] [thread 7233] [136.0] [cxt 0] Action entry is MyIngress.drop - 
[12:52:43.122] [bmv2] [T] [thread 7233] [136.0] [cxt 0] Action MyIngress.drop
[12:52:43.122] [bmv2] [T] [thread 7233] [136.0] [cxt 0] straggler.p4(158) Primitive mark_to_drop(standard_metadata)
[12:52:43.122] [bmv2] [T] [thread 7233] [136.0] [cxt 0] straggler.p4(288) Condition "hdr.collective.isValid()" (node_3) is false
[12:52:43.122] [bmv2] [D] [thread 7233] [136.0] [cxt 0] Pipeline 'ingress': end
[12:52:43.122] [bmv2] [D] [thread 7233] [136.0] [cxt 0] Egress port is 511
[12:52:43.122] [bmv2] [D] [thread 7233] [136.0] [cxt 0] Dropping packet at the end of ingress
[12:52:43.188] [bmv2] [D] [thread 7233] [137.0] [cxt 0] Processing packet received on port 4
[12:52:43.188] [bmv2] [D] [thread 7233] [137.0] [cxt 0] Parser 'parser': start
[12:52:43.188] [bmv2] [D] [thread 7233] [137.0] [cxt 0] Parser 'parser' entering state 'start'
[12:52:43.188] [bmv2] [D] [thread 7233] [137.0] [cxt 0] Extracting header 'ethernet'
[12:52:43.188] [bmv2] [D] [thread 7233] [137.0] [cxt 0] Parser state 'start': key is 86dd
[12:52:43.188] [bmv2] [T] [thread 7233] [137.0] [cxt 0] Bytes parsed: 14
[12:52:43.188] [bmv2] [D] [thread 7233] [137.0] [cxt 0] Parser 'parser': end
[12:52:43.188] [bmv2] [D] [thread 7233] [137.0] [cxt 0] Pipeline 'ingress': start
[12:52:43.188] [bmv2] [T] [thread 7233] [137.0] [cxt 0] Applying table 'MyIngress.ipv4_forward'
[12:52:43.188] [bmv2] [D] [thread 7233] [137.0] [cxt 0] Looking up key:
* hdr.ipv4.dstAddr    : 00000000

[12:52:43.188] [bmv2] [D] [thread 7233] [137.0] [cxt 0] Table 'MyIngress.ipv4_forward': miss
[12:52:43.188] [bmv2] [D] [thread 7233] [137.0] [cxt 0] Action entry is MyIngress.drop - 
[12:52:43.188] [bmv2] [T] [thread 7233] [137.0] [cxt 0] Action MyIngress.drop
[12:52:43.188] [bmv2] [T] [thread 7233] [137.0] [cxt 0] straggler.p4(158) Primitive mark_to_drop(standard_metadata)
[12:52:43.188] [bmv2] [T] [thread 7233] [137.0] [cxt 0] straggler.p4(288) Condition "hdr.collective.isValid()" (node_3) is false
[12:52:43.188] [bmv2] [D] [thread 7233] [137.0] [cxt 0] Pipeline 'ingress': end
[12:52:43.188] [bmv2] [D] [thread 7233] [137.0] [cxt 0] Egress port is 511
[12:52:43.188] [bmv2] [D] [thread 7233] [137.0] [cxt 0] Dropping packet at the end of ingress
[12:53:05.584] [bmv2] [D] [thread 7233] [138.0] [cxt 0] Processing packet received on port 1
[12:53:05.584] [bmv2] [D] [thread 7233] [138.0] [cxt 0] Parser 'parser': start
[12:53:05.584] [bmv2] [D] [thread 7233] [138.0] [cxt 0] Parser 'parser' entering state 'start'
[12:53:05.584] [bmv2] [D] [thread 7233] [138.0] [cxt 0] Extracting header 'ethernet'
[12:53:05.584] [bmv2] [D] [thread 7233] [138.0] [cxt 0] Parser state 'start': key is 86dd
[12:53:05.584] [bmv2] [T] [thread 7233] [138.0] [cxt 0] Bytes parsed: 14
[12:53:05.584] [bmv2] [D] [thread 7233] [138.0] [cxt 0] Parser 'parser': end
[12:53:05.584] [bmv2] [D] [thread 7233] [138.0] [cxt 0] Pipeline 'ingress': start
[12:53:05.584] [bmv2] [T] [thread 7233] [138.0] [cxt 0] Applying table 'MyIngress.ipv4_forward'
[12:53:05.584] [bmv2] [D] [thread 7233] [138.0] [cxt 0] Looking up key:
* hdr.ipv4.dstAddr    : 00000000

[12:53:05.585] [bmv2] [D] [thread 7233] [138.0] [cxt 0] Table 'MyIngress.ipv4_forward': miss
[12:53:05.585] [bmv2] [D] [thread 7233] [138.0] [cxt 0] Action entry is MyIngress.drop - 
[12:53:05.585] [bmv2] [T] [thread 7233] [138.0] [cxt 0] Action MyIngress.drop
[12:53:05.585] [bmv2] [T] [thread 7233] [138.0] [cxt 0] straggler.p4(158) Primitive mark_to_drop(standard_metadata)
[12:53:05.585] [bmv2] [T] [thread 7233] [138.0] [cxt 0] straggler.p4(288) Condition "hdr.collective.isValid()" (node_3) is false
[12:53:05.585] [bmv2] [D] [thread 7233] [138.0] [cxt 0] Pipeline 'ingress': end
[12:53:05.585] [bmv2] [D] [thread 7233] [138.0] [cxt 0] Egress port is 511
[12:53:05.585] [bmv2] [D] [thread 7233] [138.0] [cxt 0] Dropping packet at the end of ingress
[12:53:08.144] [bmv2] [D] [thread 7233] [139.0] [cxt 0] Processing packet received on port 4
[12:53:08.144] [bmv2] [D] [thread 7233] [139.0] [cxt 0] Parser 'parser': start
[12:53:08.144] [bmv2] [D] [thread 7233] [139.0] [cxt 0] Parser 'parser' entering state 'start'
[12:53:08.144] [bmv2] [D] [thread 7233] [139.0] [cxt 0] Extracting header 'ethernet'
[12:53:08.144] [bmv2] [D] [thread 7233] [139.0] [cxt 0] Parser state 'start': key is 86dd
[12:53:08.144] [bmv2] [T] [thread 7233] [139.0] [cxt 0] Bytes parsed: 14
[12:53:08.144] [bmv2] [D] [thread 7233] [139.0] [cxt 0] Parser 'parser': end
[12:53:08.144] [bmv2] [D] [thread 7233] [139.0] [cxt 0] Pipeline 'ingress': start
[12:53:08.144] [bmv2] [T] [thread 7233] [139.0] [cxt 0] Applying table 'MyIngress.ipv4_forward'
[12:53:08.144] [bmv2] [D] [thread 7233] [139.0] [cxt 0] Looking up key:
* hdr.ipv4.dstAddr    : 00000000

[12:53:08.144] [bmv2] [D] [thread 7233] [139.0] [cxt 0] Table 'MyIngress.ipv4_forward': miss
[12:53:08.144] [bmv2] [D] [thread 7233] [139.0] [cxt 0] Action entry is MyIngress.drop - 
[12:53:08.144] [bmv2] [T] [thread 7233] [139.0] [cxt 0] Action MyIngress.drop
[12:53:08.144] [bmv2] [T] [thread 7233] [139.0] [cxt 0] straggler.p4(158) Primitive mark_to_drop(standard_metadata)
[12:53:08.144] [bmv2] [T] [thread 7233] [139.0] [cxt 0] straggler.p4(288) Condition "hdr.collective.isValid()" (node_3) is false
[12:53:08.144] [bmv2] [D] [thread 7233] [139.0] [cxt 0] Pipeline 'ingress': end
[12:53:08.144] [bmv2] [D] [thread 7233] [139.0] [cxt 0] Egress port is 511
[12:53:08.144] [bmv2] [D] [thread 7233] [139.0] [cxt 0] Dropping packet at the end of ingress
[12:53:11.730] [bmv2] [D] [thread 7233] [140.0] [cxt 0] Processing packet received on port 2
[12:53:11.730] [bmv2] [D] [thread 7233] [140.0] [cxt 0] Parser 'parser': start
[12:53:11.730] [bmv2] [D] [thread 7233] [140.0] [cxt 0] Parser 'parser' entering state 'start'
[12:53:11.730] [bmv2] [D] [thread 7233] [140.0] [cxt 0] Extracting header 'ethernet'
[12:53:11.730] [bmv2] [D] [thread 7233] [140.0] [cxt 0] Parser state 'start': key is 86dd
[12:53:11.730] [bmv2] [T] [thread 7233] [140.0] [cxt 0] Bytes parsed: 14
[12:53:11.730] [bmv2] [D] [thread 7233] [140.0] [cxt 0] Parser 'parser': end
[12:53:11.730] [bmv2] [D] [thread 7233] [140.0] [cxt 0] Pipeline 'ingress': start
[12:53:11.730] [bmv2] [T] [thread 7233] [140.0] [cxt 0] Applying table 'MyIngress.ipv4_forward'
[12:53:11.730] [bmv2] [D] [thread 7233] [140.0] [cxt 0] Looking up key:
* hdr.ipv4.dstAddr    : 00000000

[12:53:11.730] [bmv2] [D] [thread 7233] [140.0] [cxt 0] Table 'MyIngress.ipv4_forward': miss
[12:53:11.730] [bmv2] [D] [thread 7233] [140.0] [cxt 0] Action entry is MyIngress.drop - 
[12:53:11.730] [bmv2] [T] [thread 7233] [140.0] [cxt 0] Action MyIngress.drop
[12:53:11.730] [bmv2] [T] [thread 7233] [140.0] [cxt 0] straggler.p4(158) Primitive mark_to_drop(standard_metadata)
[12:53:11.730] [bmv2] [T] [thread 7233] [140.0] [cxt 0] straggler.p4(288) Condition "hdr.collective.isValid()" (node_3) is false
[12:53:11.730] [bmv2] [D] [thread 7233] [140.0] [cxt 0] Pipeline 'ingress': end
[12:53:11.730] [bmv2] [D] [thread 7233] [140.0] [cxt 0] Egress port is 511
[12:53:11.730] [bmv2] [D] [thread 7233] [140.0] [cxt 0] Dropping packet at the end of ingress
[12:53:12.241] [bmv2] [D] [thread 7233] [141.0] [cxt 0] Processing packet received on port 4
[12:53:12.241] [bmv2] [D] [thread 7233] [141.0] [cxt 0] Parser 'parser': start
[12:53:12.241] [bmv2] [D] [thread 7233] [141.0] [cxt 0] Parser 'parser' entering state 'start'
[12:53:12.241] [bmv2] [D] [thread 7233] [141.0] [cxt 0] Extracting header 'ethernet'
[12:53:12.241] [bmv2] [D] [thread 7233] [141.0] [cxt 0] Parser state 'start': key is 86dd
[12:53:12.241] [bmv2] [T] [thread 7233] [141.0] [cxt 0] Bytes parsed: 14
[12:53:12.241] [bmv2] [D] [thread 7233] [141.0] [cxt 0] Parser 'parser': end
[12:53:12.241] [bmv2] [D] [thread 7233] [141.0] [cxt 0] Pipeline 'ingress': start
[12:53:12.241] [bmv2] [T] [thread 7233] [141.0] [cxt 0] Applying table 'MyIngress.ipv4_forward'
[12:53:12.242] [bmv2] [D] [thread 7233] [141.0] [cxt 0] Looking up key:
* hdr.ipv4.dstAddr    : 00000000

[12:53:12.242] [bmv2] [D] [thread 7233] [141.0] [cxt 0] Table 'MyIngress.ipv4_forward': miss
[12:53:12.242] [bmv2] [D] [thread 7233] [141.0] [cxt 0] Action entry is MyIngress.drop - 
[12:53:12.242] [bmv2] [T] [thread 7233] [141.0] [cxt 0] Action MyIngress.drop
[12:53:12.242] [bmv2] [T] [thread 7233] [141.0] [cxt 0] straggler.p4(158) Primitive mark_to_drop(standard_metadata)
[12:53:12.242] [bmv2] [T] [thread 7233] [141.0] [cxt 0] straggler.p4(288) Condition "hdr.collective.isValid()" (node_3) is false
[12:53:12.242] [bmv2] [D] [thread 7233] [141.0] [cxt 0] Pipeline 'ingress': end
[12:53:12.242] [bmv2] [D] [thread 7233] [141.0] [cxt 0] Egress port is 511
[12:53:12.242] [bmv2] [D] [thread 7233] [141.0] [cxt 0] Dropping packet at the end of ingress
[12:53:14.554] [bmv2] [D] [thread 7233] [142.0] [cxt 0] Processing packet received on port 2
[12:53:14.554] [bmv2] [D] [thread 7233] [142.0] [cxt 0] Parser 'parser': start
[12:53:14.554] [bmv2] [D] [thread 7233] [142.0] [cxt 0] Parser 'parser' entering state 'start'
[12:53:14.554] [bmv2] [D] [thread 7233] [142.0] [cxt 0] Extracting header 'ethernet'
[12:53:14.555] [bmv2] [D] [thread 7233] [142.0] [cxt 0] Parser state 'start': key is 86dd
[12:53:14.555] [bmv2] [T] [thread 7233] [142.0] [cxt 0] Bytes parsed: 14
[12:53:14.555] [bmv2] [D] [thread 7233] [142.0] [cxt 0] Parser 'parser': end
[12:53:14.555] [bmv2] [D] [thread 7233] [142.0] [cxt 0] Pipeline 'ingress': start
[12:53:14.555] [bmv2] [T] [thread 7233] [142.0] [cxt 0] Applying table 'MyIngress.ipv4_forward'
[12:53:14.555] [bmv2] [D] [thread 7233] [142.0] [cxt 0] Looking up key:
* hdr.ipv4.dstAddr    : 00000000

[12:53:14.555] [bmv2] [D] [thread 7233] [142.0] [cxt 0] Table 'MyIngress.ipv4_forward': miss
[12:53:14.555] [bmv2] [D] [thread 7233] [142.0] [cxt 0] Action entry is MyIngress.drop - 
[12:53:14.555] [bmv2] [T] [thread 7233] [142.0] [cxt 0] Action MyIngress.drop
[12:53:14.555] [bmv2] [T] [thread 7233] [142.0] [cxt 0] straggler.p4(158) Primitive mark_to_drop(standard_metadata)
[12:53:14.555] [bmv2] [T] [thread 7233] [142.0] [cxt 0] straggler.p4(288) Condition "hdr.collective.isValid()" (node_3) is false
[12:53:14.555] [bmv2] [D] [thread 7233] [142.0] [cxt 0] Pipeline 'ingress': end
[12:53:14.555] [bmv2] [D] [thread 7233] [142.0] [cxt 0] Egress port is 511
[12:53:14.555] [bmv2] [D] [thread 7233] [142.0] [cxt 0] Dropping packet at the end of ingress
[12:53:14.555] [bmv2] [D] [thread 7233] [143.0] [cxt 0] Processing packet received on port 3
[12:53:14.556] [bmv2] [D] [thread 7233] [143.0] [cxt 0] Parser 'parser': start
[12:53:14.556] [bmv2] [D] [thread 7233] [143.0] [cxt 0] Parser 'parser' entering state 'start'
[12:53:14.556] [bmv2] [D] [thread 7233] [143.0] [cxt 0] Extracting header 'ethernet'
[12:53:14.556] [bmv2] [D] [thread 7233] [143.0] [cxt 0] Parser state 'start': key is 86dd
[12:53:14.556] [bmv2] [T] [thread 7233] [143.0] [cxt 0] Bytes parsed: 14
[12:53:14.556] [bmv2] [D] [thread 7233] [143.0] [cxt 0] Parser 'parser': end
[12:53:14.556] [bmv2] [D] [thread 7233] [143.0] [cxt 0] Pipeline 'ingress': start
[12:53:14.556] [bmv2] [T] [thread 7233] [143.0] [cxt 0] Applying table 'MyIngress.ipv4_forward'
[12:53:14.556] [bmv2] [D] [thread 7233] [143.0] [cxt 0] Looking up key:
* hdr.ipv4.dstAddr    : 00000000

[12:53:14.556] [bmv2] [D] [thread 7233] [143.0] [cxt 0] Table 'MyIngress.ipv4_forward': miss
[12:53:14.556] [bmv2] [D] [thread 7233] [143.0] [cxt 0] Action entry is MyIngress.drop - 
[12:53:14.556] [bmv2] [T] [thread 7233] [143.0] [cxt 0] Action MyIngress.drop
[12:53:14.556] [bmv2] [T] [thread 7233] [143.0] [cxt 0] straggler.p4(158) Primitive mark_to_drop(standard_metadata)
[12:53:14.556] [bmv2] [T] [thread 7233] [143.0] [cxt 0] straggler.p4(288) Condition "hdr.collective.isValid()" (node_3) is false
[12:53:14.556] [bmv2] [D] [thread 7233] [143.0] [cxt 0] Pipeline 'ingress': end
[12:53:14.556] [bmv2] [D] [thread 7233] [143.0] [cxt 0] Egress port is 511
[12:53:14.556] [bmv2] [D] [thread 7233] [143.0] [cxt 0] Dropping packet at the end of ingress
[12:53:14.612] [bmv2] [D] [thread 7233] [144.0] [cxt 0] Processing packet received on port 4
[12:53:14.612] [bmv2] [D] [thread 7233] [144.0] [cxt 0] Parser 'parser': start
[12:53:14.612] [bmv2] [D] [thread 7233] [144.0] [cxt 0] Parser 'parser' entering state 'start'
[12:53:14.612] [bmv2] [D] [thread 7233] [144.0] [cxt 0] Extracting header 'ethernet'
[12:53:14.612] [bmv2] [D] [thread 7233] [144.0] [cxt 0] Parser state 'start': key is 86dd
[12:53:14.612] [bmv2] [T] [thread 7233] [144.0] [cxt 0] Bytes parsed: 14
[12:53:14.612] [bmv2] [D] [thread 7233] [144.0] [cxt 0] Parser 'parser': end
[12:53:14.612] [bmv2] [D] [thread 7233] [144.0] [cxt 0] Pipeline 'ingress': start
[12:53:14.612] [bmv2] [T] [thread 7233] [144.0] [cxt 0] Applying table 'MyIngress.ipv4_forward'
[12:53:14.612] [bmv2] [D] [thread 7233] [144.0] [cxt 0] Looking up key:
* hdr.ipv4.dstAddr    : 00000000

[12:53:14.612] [bmv2] [D] [thread 7233] [144.0] [cxt 0] Table 'MyIngress.ipv4_forward': miss
[12:53:14.612] [bmv2] [D] [thread 7233] [144.0] [cxt 0] Action entry is MyIngress.drop - 
[12:53:14.612] [bmv2] [T] [thread 7233] [144.0] [cxt 0] Action MyIngress.drop
[12:53:14.612] [bmv2] [T] [thread 7233] [144.0] [cxt 0] straggler.p4(158) Primitive mark_to_drop(standard_metadata)
[12:53:14.612] [bmv2] [T] [thread 7233] [144.0] [cxt 0] straggler.p4(288) Condition "hdr.collective.isValid()" (node_3) is false
[12:53:14.612] [bmv2] [D] [thread 7233] [144.0] [cxt 0] Pipeline 'ingress': end
[12:53:14.612] [bmv2] [D] [thread 7233] [144.0] [cxt 0] Egress port is 511
[12:53:14.612] [bmv2] [D] [thread 7233] [144.0] [cxt 0] Dropping packet at the end of ingress
[12:53:14.802] [bmv2] [D] [thread 7233] [145.0] [cxt 0] Processing packet received on port 1
[12:53:14.802] [bmv2] [D] [thread 7233] [145.0] [cxt 0] Parser 'parser': start
[12:53:14.802] [bmv2] [D] [thread 7233] [145.0] [cxt 0] Parser 'parser' entering state 'start'
[12:53:14.802] [bmv2] [D] [thread 7233] [145.0] [cxt 0] Extracting header 'ethernet'
[12:53:14.802] [bmv2] [D] [thread 7233] [145.0] [cxt 0] Parser state 'start': key is 86dd
[12:53:14.802] [bmv2] [T] [thread 7233] [145.0] [cxt 0] Bytes parsed: 14
[12:53:14.802] [bmv2] [D] [thread 7233] [145.0] [cxt 0] Parser 'parser': end
[12:53:14.802] [bmv2] [D] [thread 7233] [145.0] [cxt 0] Pipeline 'ingress': start
[12:53:14.802] [bmv2] [T] [thread 7233] [145.0] [cxt 0] Applying table 'MyIngress.ipv4_forward'
[12:53:14.802] [bmv2] [D] [thread 7233] [145.0] [cxt 0] Looking up key:
* hdr.ipv4.dstAddr    : 00000000

[12:53:14.802] [bmv2] [D] [thread 7233] [145.0] [cxt 0] Table 'MyIngress.ipv4_forward': miss
[12:53:14.802] [bmv2] [D] [thread 7233] [145.0] [cxt 0] Action entry is MyIngress.drop - 
[12:53:14.802] [bmv2] [T] [thread 7233] [145.0] [cxt 0] Action MyIngress.drop
[12:53:14.802] [bmv2] [T] [thread 7233] [145.0] [cxt 0] straggler.p4(158) Primitive mark_to_drop(standard_metadata)
[12:53:14.802] [bmv2] [T] [thread 7233] [145.0] [cxt 0] straggler.p4(288) Condition "hdr.collective.isValid()" (node_3) is false
[12:53:14.802] [bmv2] [D] [thread 7233] [145.0] [cxt 0] Pipeline 'ingress': end
[12:53:14.802] [bmv2] [D] [thread 7233] [145.0] [cxt 0] Egress port is 511
[12:53:14.802] [bmv2] [D] [thread 7233] [145.0] [cxt 0] Dropping packet at the end of ingress
[12:53:15.123] [bmv2] [D] [thread 7233] [146.0] [cxt 0] Processing packet received on port 3
[12:53:15.123] [bmv2] [D] [thread 7233] [146.0] [cxt 0] Parser 'parser': start
[12:53:15.123] [bmv2] [D] [thread 7233] [146.0] [cxt 0] Parser 'parser' entering state 'start'
[12:53:15.123] [bmv2] [D] [thread 7233] [146.0] [cxt 0] Extracting header 'ethernet'
[12:53:15.123] [bmv2] [D] [thread 7233] [146.0] [cxt 0] Parser state 'start': key is 86dd
[12:53:15.123] [bmv2] [T] [thread 7233] [146.0] [cxt 0] Bytes parsed: 14
[12:53:15.123] [bmv2] [D] [thread 7233] [146.0] [cxt 0] Parser 'parser': end
[12:53:15.123] [bmv2] [D] [thread 7233] [146.0] [cxt 0] Pipeline 'ingress': start
[12:53:15.123] [bmv2] [T] [thread 7233] [146.0] [cxt 0] Applying table 'MyIngress.ipv4_forward'
[12:53:15.123] [bmv2] [D] [thread 7233] [146.0] [cxt 0] Looking up key:
* hdr.ipv4.dstAddr    : 00000000

[12:53:15.123] [bmv2] [D] [thread 7233] [146.0] [cxt 0] Table 'MyIngress.ipv4_forward': miss
[12:53:15.123] [bmv2] [D] [thread 7233] [146.0] [cxt 0] Action entry is MyIngress.drop - 
[12:53:15.123] [bmv2] [T] [thread 7233] [146.0] [cxt 0] Action MyIngress.drop
[12:53:15.123] [bmv2] [T] [thread 7233] [146.0] [cxt 0] straggler.p4(158) Primitive mark_to_drop(standard_metadata)
[12:53:15.123] [bmv2] [T] [thread 7233] [146.0] [cxt 0] straggler.p4(288) Condition "hdr.collective.isValid()" (node_3) is false
[12:53:15.123] [bmv2] [D] [thread 7233] [146.0] [cxt 0] Pipeline 'ingress': end
[12:53:15.123] [bmv2] [D] [thread 7233] [146.0] [cxt 0] Egress port is 511
[12:53:15.123] [bmv2] [D] [thread 7233] [146.0] [cxt 0] Dropping packet at the end of ingress
[12:53:15.188] [bmv2] [D] [thread 7233] [147.0] [cxt 0] Processing packet received on port 4
[12:53:15.189] [bmv2] [D] [thread 7233] [147.0] [cxt 0] Parser 'parser': start
[12:53:15.189] [bmv2] [D] [thread 7233] [147.0] [cxt 0] Parser 'parser' entering state 'start'
[12:53:15.189] [bmv2] [D] [thread 7233] [147.0] [cxt 0] Extracting header 'ethernet'
[12:53:15.189] [bmv2] [D] [thread 7233] [147.0] [cxt 0] Parser state 'start': key is 86dd
[12:53:15.189] [bmv2] [T] [thread 7233] [147.0] [cxt 0] Bytes parsed: 14
[12:53:15.189] [bmv2] [D] [thread 7233] [147.0] [cxt 0] Parser 'parser': end
[12:53:15.189] [bmv2] [D] [thread 7233] [147.0] [cxt 0] Pipeline 'ingress': start
[12:53:15.189] [bmv2] [T] [thread 7233] [147.0] [cxt 0] Applying table 'MyIngress.ipv4_forward'
[12:53:15.189] [bmv2] [D] [thread 7233] [147.0] [cxt 0] Looking up key:
* hdr.ipv4.dstAddr    : 00000000

[12:53:15.189] [bmv2] [D] [thread 7233] [147.0] [cxt 0] Table 'MyIngress.ipv4_forward': miss
[12:53:15.189] [bmv2] [D] [thread 7233] [147.0] [cxt 0] Action entry is MyIngress.drop - 
[12:53:15.189] [bmv2] [T] [thread 7233] [147.0] [cxt 0] Action MyIngress.drop
[12:53:15.189] [bmv2] [T] [thread 7233] [147.0] [cxt 0] straggler.p4(158) Primitive mark_to_drop(standard_metadata)
[12:53:15.189] [bmv2] [T] [thread 7233] [147.0] [cxt 0] straggler.p4(288) Condition "hdr.collective.isValid()" (node_3) is false
[12:53:15.189] [bmv2] [D] [thread 7233] [147.0] [cxt 0] Pipeline 'ingress': end
[12:53:15.189] [bmv2] [D] [thread 7233] [147.0] [cxt 0] Egress port is 511
[12:53:15.189] [bmv2] [D] [thread 7233] [147.0] [cxt 0] Dropping packet at the end of ingress
[12:53:16.336] [bmv2] [D] [thread 7233] [148.0] [cxt 0] Processing packet received on port 3
[12:53:16.336] [bmv2] [D] [thread 7233] [148.0] [cxt 0] Parser 'parser': start
[12:53:16.336] [bmv2] [D] [thread 7233] [148.0] [cxt 0] Parser 'parser' entering state 'start'
[12:53:16.336] [bmv2] [D] [thread 7233] [148.0] [cxt 0] Extracting header 'ethernet'
[12:53:16.336] [bmv2] [D] [thread 7233] [148.0] [cxt 0] Parser state 'start': key is 86dd
[12:53:16.336] [bmv2] [T] [thread 7233] [148.0] [cxt 0] Bytes parsed: 14
[12:53:16.336] [bmv2] [D] [thread 7233] [148.0] [cxt 0] Parser 'parser': end
[12:53:16.336] [bmv2] [D] [thread 7233] [148.0] [cxt 0] Pipeline 'ingress': start
[12:53:16.336] [bmv2] [T] [thread 7233] [148.0] [cxt 0] Applying table 'MyIngress.ipv4_forward'
[12:53:16.336] [bmv2] [D] [thread 7233] [148.0] [cxt 0] Looking up key:
* hdr.ipv4.dstAddr    : 00000000

[12:53:16.336] [bmv2] [D] [thread 7233] [148.0] [cxt 0] Table 'MyIngress.ipv4_forward': miss
[12:53:16.336] [bmv2] [D] [thread 7233] [148.0] [cxt 0] Action entry is MyIngress.drop - 
[12:53:16.336] [bmv2] [T] [thread 7233] [148.0] [cxt 0] Action MyIngress.drop
[12:53:16.336] [bmv2] [T] [thread 7233] [148.0] [cxt 0] straggler.p4(158) Primitive mark_to_drop(standard_metadata)
[12:53:16.336] [bmv2] [T] [thread 7233] [148.0] [cxt 0] straggler.p4(288) Condition "hdr.collective.isValid()" (node_3) is false
[12:53:16.336] [bmv2] [D] [thread 7233] [148.0] [cxt 0] Pipeline 'ingress': end
[12:53:16.336] [bmv2] [D] [thread 7233] [148.0] [cxt 0] Egress port is 511
[12:53:16.336] [bmv2] [D] [thread 7233] [148.0] [cxt 0] Dropping packet at the end of ingress
[12:53:20.434] [bmv2] [D] [thread 7233] [149.0] [cxt 0] Processing packet received on port 3
[12:53:20.434] [bmv2] [D] [thread 7233] [149.0] [cxt 0] Parser 'parser': start
[12:53:20.434] [bmv2] [D] [thread 7233] [149.0] [cxt 0] Parser 'parser' entering state 'start'
[12:53:20.434] [bmv2] [D] [thread 7233] [149.0] [cxt 0] Extracting header 'ethernet'
[12:53:20.434] [bmv2] [D] [thread 7233] [149.0] [cxt 0] Parser state 'start': key is 86dd
[12:53:20.434] [bmv2] [T] [thread 7233] [149.0] [cxt 0] Bytes parsed: 14
[12:53:20.434] [bmv2] [D] [thread 7233] [149.0] [cxt 0] Parser 'parser': end
[12:53:20.434] [bmv2] [D] [thread 7233] [149.0] [cxt 0] Pipeline 'ingress': start
[12:53:20.434] [bmv2] [T] [thread 7233] [149.0] [cxt 0] Applying table 'MyIngress.ipv4_forward'
[12:53:20.434] [bmv2] [D] [thread 7233] [149.0] [cxt 0] Looking up key:
* hdr.ipv4.dstAddr    : 00000000

[12:53:20.434] [bmv2] [D] [thread 7233] [149.0] [cxt 0] Table 'MyIngress.ipv4_forward': miss
[12:53:20.434] [bmv2] [D] [thread 7233] [149.0] [cxt 0] Action entry is MyIngress.drop - 
[12:53:20.434] [bmv2] [T] [thread 7233] [149.0] [cxt 0] Action MyIngress.drop
[12:53:20.434] [bmv2] [T] [thread 7233] [149.0] [cxt 0] straggler.p4(158) Primitive mark_to_drop(standard_metadata)
[12:53:20.435] [bmv2] [T] [thread 7233] [149.0] [cxt 0] straggler.p4(288) Condition "hdr.collective.isValid()" (node_3) is false
[12:53:20.435] [bmv2] [D] [thread 7233] [149.0] [cxt 0] Pipeline 'ingress': end
[12:53:20.435] [bmv2] [D] [thread 7233] [149.0] [cxt 0] Egress port is 511
[12:53:20.435] [bmv2] [D] [thread 7233] [149.0] [cxt 0] Dropping packet at the end of ingress
[12:54:05.490] [bmv2] [D] [thread 7233] [150.0] [cxt 0] Processing packet received on port 1
[12:54:05.490] [bmv2] [D] [thread 7233] [150.0] [cxt 0] Parser 'parser': start
[12:54:05.491] [bmv2] [D] [thread 7233] [150.0] [cxt 0] Parser 'parser' entering state 'start'
[12:54:05.491] [bmv2] [D] [thread 7233] [150.0] [cxt 0] Extracting header 'ethernet'
[12:54:05.491] [bmv2] [D] [thread 7233] [150.0] [cxt 0] Parser state 'start': key is 86dd
[12:54:05.491] [bmv2] [T] [thread 7233] [150.0] [cxt 0] Bytes parsed: 14
[12:54:05.491] [bmv2] [D] [thread 7233] [150.0] [cxt 0] Parser 'parser': end
[12:54:05.491] [bmv2] [D] [thread 7233] [150.0] [cxt 0] Pipeline 'ingress': start
[12:54:05.491] [bmv2] [T] [thread 7233] [150.0] [cxt 0] Applying table 'MyIngress.ipv4_forward'
[12:54:05.491] [bmv2] [D] [thread 7233] [150.0] [cxt 0] Looking up key:
* hdr.ipv4.dstAddr    : 00000000

[12:54:05.491] [bmv2] [D] [thread 7233] [150.0] [cxt 0] Table 'MyIngress.ipv4_forward': miss
[12:54:05.491] [bmv2] [D] [thread 7233] [150.0] [cxt 0] Action entry is MyIngress.drop - 
[12:54:05.491] [bmv2] [T] [thread 7233] [150.0] [cxt 0] Action MyIngress.drop
[12:54:05.491] [bmv2] [T] [thread 7233] [150.0] [cxt 0] straggler.p4(158) Primitive mark_to_drop(standard_metadata)
[12:54:05.491] [bmv2] [T] [thread 7233] [150.0] [cxt 0] straggler.p4(288) Condition "hdr.collective.isValid()" (node_3) is false
[12:54:05.492] [bmv2] [D] [thread 7233] [150.0] [cxt 0] Pipeline 'ingress': end
[12:54:05.492] [bmv2] [D] [thread 7233] [150.0] [cxt 0] Egress port is 511
[12:54:05.492] [bmv2] [D] [thread 7233] [150.0] [cxt 0] Dropping packet at the end of ingress
[12:54:09.585] [bmv2] [D] [thread 7233] [151.0] [cxt 0] Processing packet received on port 4
[12:54:09.585] [bmv2] [D] [thread 7233] [151.0] [cxt 0] Parser 'parser': start
[12:54:09.585] [bmv2] [D] [thread 7233] [151.0] [cxt 0] Parser 'parser' entering state 'start'
[12:54:09.585] [bmv2] [D] [thread 7233] [151.0] [cxt 0] Extracting header 'ethernet'
[12:54:09.586] [bmv2] [D] [thread 7233] [151.0] [cxt 0] Parser state 'start': key is 86dd
[12:54:09.586] [bmv2] [T] [thread 7233] [151.0] [cxt 0] Bytes parsed: 14
[12:54:09.586] [bmv2] [D] [thread 7233] [151.0] [cxt 0] Parser 'parser': end
[12:54:09.586] [bmv2] [D] [thread 7233] [151.0] [cxt 0] Pipeline 'ingress': start
[12:54:09.586] [bmv2] [T] [thread 7233] [151.0] [cxt 0] Applying table 'MyIngress.ipv4_forward'
[12:54:09.586] [bmv2] [D] [thread 7233] [151.0] [cxt 0] Looking up key:
* hdr.ipv4.dstAddr    : 00000000

[12:54:09.586] [bmv2] [D] [thread 7233] [151.0] [cxt 0] Table 'MyIngress.ipv4_forward': miss
[12:54:09.586] [bmv2] [D] [thread 7233] [151.0] [cxt 0] Action entry is MyIngress.drop - 
[12:54:09.586] [bmv2] [T] [thread 7233] [151.0] [cxt 0] Action MyIngress.drop
[12:54:09.586] [bmv2] [T] [thread 7233] [151.0] [cxt 0] straggler.p4(158) Primitive mark_to_drop(standard_metadata)
[12:54:09.586] [bmv2] [T] [thread 7233] [151.0] [cxt 0] straggler.p4(288) Condition "hdr.collective.isValid()" (node_3) is false
[12:54:09.586] [bmv2] [D] [thread 7233] [151.0] [cxt 0] Pipeline 'ingress': end
[12:54:09.586] [bmv2] [D] [thread 7233] [151.0] [cxt 0] Egress port is 511
[12:54:09.587] [bmv2] [D] [thread 7233] [151.0] [cxt 0] Dropping packet at the end of ingress
[12:54:17.778] [bmv2] [D] [thread 7233] [152.0] [cxt 0] Processing packet received on port 2
[12:54:17.778] [bmv2] [D] [thread 7233] [152.0] [cxt 0] Parser 'parser': start
[12:54:17.778] [bmv2] [D] [thread 7233] [152.0] [cxt 0] Parser 'parser' entering state 'start'
[12:54:17.778] [bmv2] [D] [thread 7233] [152.0] [cxt 0] Extracting header 'ethernet'
[12:54:17.778] [bmv2] [D] [thread 7233] [152.0] [cxt 0] Parser state 'start': key is 86dd
[12:54:17.778] [bmv2] [T] [thread 7233] [152.0] [cxt 0] Bytes parsed: 14
[12:54:17.778] [bmv2] [D] [thread 7233] [152.0] [cxt 0] Parser 'parser': end
[12:54:17.778] [bmv2] [D] [thread 7233] [152.0] [cxt 0] Pipeline 'ingress': start
[12:54:17.778] [bmv2] [T] [thread 7233] [152.0] [cxt 0] Applying table 'MyIngress.ipv4_forward'
[12:54:17.778] [bmv2] [D] [thread 7233] [152.0] [cxt 0] Looking up key:
* hdr.ipv4.dstAddr    : 00000000

[12:54:17.778] [bmv2] [D] [thread 7233] [152.0] [cxt 0] Table 'MyIngress.ipv4_forward': miss
[12:54:17.779] [bmv2] [D] [thread 7233] [152.0] [cxt 0] Action entry is MyIngress.drop - 
[12:54:17.779] [bmv2] [T] [thread 7233] [152.0] [cxt 0] Action MyIngress.drop
[12:54:17.779] [bmv2] [T] [thread 7233] [152.0] [cxt 0] straggler.p4(158) Primitive mark_to_drop(standard_metadata)
[12:54:17.779] [bmv2] [T] [thread 7233] [152.0] [cxt 0] straggler.p4(288) Condition "hdr.collective.isValid()" (node_3) is false
[12:54:17.779] [bmv2] [D] [thread 7233] [152.0] [cxt 0] Pipeline 'ingress': end
[12:54:17.779] [bmv2] [D] [thread 7233] [152.0] [cxt 0] Egress port is 511
[12:54:17.779] [bmv2] [D] [thread 7233] [152.0] [cxt 0] Dropping packet at the end of ingress
[12:54:17.779] [bmv2] [D] [thread 7233] [153.0] [cxt 0] Processing packet received on port 4
[12:54:17.779] [bmv2] [D] [thread 7233] [153.0] [cxt 0] Parser 'parser': start
[12:54:17.779] [bmv2] [D] [thread 7233] [153.0] [cxt 0] Parser 'parser' entering state 'start'
[12:54:17.779] [bmv2] [D] [thread 7233] [153.0] [cxt 0] Extracting header 'ethernet'
[12:54:17.779] [bmv2] [D] [thread 7233] [153.0] [cxt 0] Parser state 'start': key is 86dd
[12:54:17.779] [bmv2] [T] [thread 7233] [153.0] [cxt 0] Bytes parsed: 14
[12:54:17.779] [bmv2] [D] [thread 7233] [153.0] [cxt 0] Parser 'parser': end
[12:54:17.779] [bmv2] [D] [thread 7233] [153.0] [cxt 0] Pipeline 'ingress': start
[12:54:17.779] [bmv2] [T] [thread 7233] [153.0] [cxt 0] Applying table 'MyIngress.ipv4_forward'
[12:54:17.779] [bmv2] [D] [thread 7233] [153.0] [cxt 0] Looking up key:
* hdr.ipv4.dstAddr    : 00000000

[12:54:17.779] [bmv2] [D] [thread 7233] [153.0] [cxt 0] Table 'MyIngress.ipv4_forward': miss
[12:54:17.779] [bmv2] [D] [thread 7233] [153.0] [cxt 0] Action entry is MyIngress.drop - 
[12:54:17.779] [bmv2] [T] [thread 7233] [153.0] [cxt 0] Action MyIngress.drop
[12:54:17.779] [bmv2] [T] [thread 7233] [153.0] [cxt 0] straggler.p4(158) Primitive mark_to_drop(standard_metadata)
[12:54:17.779] [bmv2] [T] [thread 7233] [153.0] [cxt 0] straggler.p4(288) Condition "hdr.collective.isValid()" (node_3) is false
[12:54:17.779] [bmv2] [D] [thread 7233] [153.0] [cxt 0] Pipeline 'ingress': end
[12:54:17.779] [bmv2] [D] [thread 7233] [153.0] [cxt 0] Egress port is 511
[12:54:17.779] [bmv2] [D] [thread 7233] [153.0] [cxt 0] Dropping packet at the end of ingress
[12:54:18.555] [bmv2] [D] [thread 7233] [154.0] [cxt 0] Processing packet received on port 2
[12:54:18.555] [bmv2] [D] [thread 7233] [154.0] [cxt 0] Parser 'parser': start
[12:54:18.555] [bmv2] [D] [thread 7233] [154.0] [cxt 0] Parser 'parser' entering state 'start'
[12:54:18.555] [bmv2] [D] [thread 7233] [154.0] [cxt 0] Extracting header 'ethernet'
[12:54:18.555] [bmv2] [D] [thread 7233] [154.0] [cxt 0] Parser state 'start': key is 86dd
[12:54:18.555] [bmv2] [T] [thread 7233] [154.0] [cxt 0] Bytes parsed: 14
[12:54:18.555] [bmv2] [D] [thread 7233] [154.0] [cxt 0] Parser 'parser': end
[12:54:18.555] [bmv2] [D] [thread 7233] [154.0] [cxt 0] Pipeline 'ingress': start
[12:54:18.555] [bmv2] [T] [thread 7233] [154.0] [cxt 0] Applying table 'MyIngress.ipv4_forward'
[12:54:18.555] [bmv2] [D] [thread 7233] [154.0] [cxt 0] Looking up key:
* hdr.ipv4.dstAddr    : 00000000

[12:54:18.555] [bmv2] [D] [thread 7233] [154.0] [cxt 0] Table 'MyIngress.ipv4_forward': miss
[12:54:18.555] [bmv2] [D] [thread 7233] [154.0] [cxt 0] Action entry is MyIngress.drop - 
[12:54:18.555] [bmv2] [T] [thread 7233] [154.0] [cxt 0] Action MyIngress.drop
[12:54:18.555] [bmv2] [T] [thread 7233] [154.0] [cxt 0] straggler.p4(158) Primitive mark_to_drop(standard_metadata)
[12:54:18.555] [bmv2] [T] [thread 7233] [154.0] [cxt 0] straggler.p4(288) Condition "hdr.collective.isValid()" (node_3) is false
[12:54:18.555] [bmv2] [D] [thread 7233] [154.0] [cxt 0] Pipeline 'ingress': end
[12:54:18.555] [bmv2] [D] [thread 7233] [154.0] [cxt 0] Egress port is 511
[12:54:18.555] [bmv2] [D] [thread 7233] [154.0] [cxt 0] Dropping packet at the end of ingress
[12:54:18.557] [bmv2] [D] [thread 7233] [155.0] [cxt 0] Processing packet received on port 3
[12:54:18.557] [bmv2] [D] [thread 7233] [155.0] [cxt 0] Parser 'parser': start
[12:54:18.557] [bmv2] [D] [thread 7233] [155.0] [cxt 0] Parser 'parser' entering state 'start'
[12:54:18.557] [bmv2] [D] [thread 7233] [155.0] [cxt 0] Extracting header 'ethernet'
[12:54:18.557] [bmv2] [D] [thread 7233] [155.0] [cxt 0] Parser state 'start': key is 86dd
[12:54:18.557] [bmv2] [T] [thread 7233] [155.0] [cxt 0] Bytes parsed: 14
[12:54:18.557] [bmv2] [D] [thread 7233] [155.0] [cxt 0] Parser 'parser': end
[12:54:18.557] [bmv2] [D] [thread 7233] [155.0] [cxt 0] Pipeline 'ingress': start
[12:54:18.557] [bmv2] [T] [thread 7233] [155.0] [cxt 0] Applying table 'MyIngress.ipv4_forward'
[12:54:18.557] [bmv2] [D] [thread 7233] [155.0] [cxt 0] Looking up key:
* hdr.ipv4.dstAddr    : 00000000

[12:54:18.557] [bmv2] [D] [thread 7233] [155.0] [cxt 0] Table 'MyIngress.ipv4_forward': miss
[12:54:18.557] [bmv2] [D] [thread 7233] [155.0] [cxt 0] Action entry is MyIngress.drop - 
[12:54:18.557] [bmv2] [T] [thread 7233] [155.0] [cxt 0] Action MyIngress.drop
[12:54:18.557] [bmv2] [T] [thread 7233] [155.0] [cxt 0] straggler.p4(158) Primitive mark_to_drop(standard_metadata)
[12:54:18.557] [bmv2] [T] [thread 7233] [155.0] [cxt 0] straggler.p4(288) Condition "hdr.collective.isValid()" (node_3) is false
[12:54:18.557] [bmv2] [D] [thread 7233] [155.0] [cxt 0] Pipeline 'ingress': end
[12:54:18.557] [bmv2] [D] [thread 7233] [155.0] [cxt 0] Egress port is 511
[12:54:18.557] [bmv2] [D] [thread 7233] [155.0] [cxt 0] Dropping packet at the end of ingress
[12:54:18.613] [bmv2] [D] [thread 7233] [156.0] [cxt 0] Processing packet received on port 4
[12:54:18.613] [bmv2] [D] [thread 7233] [156.0] [cxt 0] Parser 'parser': start
[12:54:18.613] [bmv2] [D] [thread 7233] [156.0] [cxt 0] Parser 'parser' entering state 'start'
[12:54:18.613] [bmv2] [D] [thread 7233] [156.0] [cxt 0] Extracting header 'ethernet'
[12:54:18.613] [bmv2] [D] [thread 7233] [156.0] [cxt 0] Parser state 'start': key is 86dd
[12:54:18.613] [bmv2] [T] [thread 7233] [156.0] [cxt 0] Bytes parsed: 14
[12:54:18.613] [bmv2] [D] [thread 7233] [156.0] [cxt 0] Parser 'parser': end
[12:54:18.613] [bmv2] [D] [thread 7233] [156.0] [cxt 0] Pipeline 'ingress': start
[12:54:18.613] [bmv2] [T] [thread 7233] [156.0] [cxt 0] Applying table 'MyIngress.ipv4_forward'
[12:54:18.613] [bmv2] [D] [thread 7233] [156.0] [cxt 0] Looking up key:
* hdr.ipv4.dstAddr    : 00000000

[12:54:18.613] [bmv2] [D] [thread 7233] [156.0] [cxt 0] Table 'MyIngress.ipv4_forward': miss
[12:54:18.613] [bmv2] [D] [thread 7233] [156.0] [cxt 0] Action entry is MyIngress.drop - 
[12:54:18.614] [bmv2] [T] [thread 7233] [156.0] [cxt 0] Action MyIngress.drop
[12:54:18.614] [bmv2] [T] [thread 7233] [156.0] [cxt 0] straggler.p4(158) Primitive mark_to_drop(standard_metadata)
[12:54:18.614] [bmv2] [T] [thread 7233] [156.0] [cxt 0] straggler.p4(288) Condition "hdr.collective.isValid()" (node_3) is false
[12:54:18.614] [bmv2] [D] [thread 7233] [156.0] [cxt 0] Pipeline 'ingress': end
[12:54:18.614] [bmv2] [D] [thread 7233] [156.0] [cxt 0] Egress port is 511
[12:54:18.614] [bmv2] [D] [thread 7233] [156.0] [cxt 0] Dropping packet at the end of ingress
[12:54:18.803] [bmv2] [D] [thread 7233] [157.0] [cxt 0] Processing packet received on port 1
[12:54:18.803] [bmv2] [D] [thread 7233] [157.0] [cxt 0] Parser 'parser': start
[12:54:18.803] [bmv2] [D] [thread 7233] [157.0] [cxt 0] Parser 'parser' entering state 'start'
[12:54:18.803] [bmv2] [D] [thread 7233] [157.0] [cxt 0] Extracting header 'ethernet'
[12:54:18.803] [bmv2] [D] [thread 7233] [157.0] [cxt 0] Parser state 'start': key is 86dd
[12:54:18.803] [bmv2] [T] [thread 7233] [157.0] [cxt 0] Bytes parsed: 14
[12:54:18.803] [bmv2] [D] [thread 7233] [157.0] [cxt 0] Parser 'parser': end
[12:54:18.803] [bmv2] [D] [thread 7233] [157.0] [cxt 0] Pipeline 'ingress': start
[12:54:18.803] [bmv2] [T] [thread 7233] [157.0] [cxt 0] Applying table 'MyIngress.ipv4_forward'
[12:54:18.803] [bmv2] [D] [thread 7233] [157.0] [cxt 0] Looking up key:
* hdr.ipv4.dstAddr    : 00000000

[12:54:18.803] [bmv2] [D] [thread 7233] [157.0] [cxt 0] Table 'MyIngress.ipv4_forward': miss
[12:54:18.803] [bmv2] [D] [thread 7233] [157.0] [cxt 0] Action entry is MyIngress.drop - 
[12:54:18.803] [bmv2] [T] [thread 7233] [157.0] [cxt 0] Action MyIngress.drop
[12:54:18.803] [bmv2] [T] [thread 7233] [157.0] [cxt 0] straggler.p4(158) Primitive mark_to_drop(standard_metadata)
[12:54:18.803] [bmv2] [T] [thread 7233] [157.0] [cxt 0] straggler.p4(288) Condition "hdr.collective.isValid()" (node_3) is false
[12:54:18.803] [bmv2] [D] [thread 7233] [157.0] [cxt 0] Pipeline 'ingress': end
[12:54:18.803] [bmv2] [D] [thread 7233] [157.0] [cxt 0] Egress port is 511
[12:54:18.803] [bmv2] [D] [thread 7233] [157.0] [cxt 0] Dropping packet at the end of ingress
[12:54:19.123] [bmv2] [D] [thread 7233] [158.0] [cxt 0] Processing packet received on port 3
[12:54:19.123] [bmv2] [D] [thread 7233] [158.0] [cxt 0] Parser 'parser': start
[12:54:19.123] [bmv2] [D] [thread 7233] [158.0] [cxt 0] Parser 'parser' entering state 'start'
[12:54:19.123] [bmv2] [D] [thread 7233] [158.0] [cxt 0] Extracting header 'ethernet'
[12:54:19.123] [bmv2] [D] [thread 7233] [158.0] [cxt 0] Parser state 'start': key is 86dd
[12:54:19.123] [bmv2] [T] [thread 7233] [158.0] [cxt 0] Bytes parsed: 14
[12:54:19.123] [bmv2] [D] [thread 7233] [158.0] [cxt 0] Parser 'parser': end
[12:54:19.123] [bmv2] [D] [thread 7233] [158.0] [cxt 0] Pipeline 'ingress': start
[12:54:19.123] [bmv2] [T] [thread 7233] [158.0] [cxt 0] Applying table 'MyIngress.ipv4_forward'
[12:54:19.124] [bmv2] [D] [thread 7233] [158.0] [cxt 0] Looking up key:
* hdr.ipv4.dstAddr    : 00000000

[12:54:19.124] [bmv2] [D] [thread 7233] [158.0] [cxt 0] Table 'MyIngress.ipv4_forward': miss
[12:54:19.124] [bmv2] [D] [thread 7233] [158.0] [cxt 0] Action entry is MyIngress.drop - 
[12:54:19.124] [bmv2] [T] [thread 7233] [158.0] [cxt 0] Action MyIngress.drop
[12:54:19.124] [bmv2] [T] [thread 7233] [158.0] [cxt 0] straggler.p4(158) Primitive mark_to_drop(standard_metadata)
[12:54:19.124] [bmv2] [T] [thread 7233] [158.0] [cxt 0] straggler.p4(288) Condition "hdr.collective.isValid()" (node_3) is false
[12:54:19.124] [bmv2] [D] [thread 7233] [158.0] [cxt 0] Pipeline 'ingress': end
[12:54:19.124] [bmv2] [D] [thread 7233] [158.0] [cxt 0] Egress port is 511
[12:54:19.124] [bmv2] [D] [thread 7233] [158.0] [cxt 0] Dropping packet at the end of ingress
[12:54:19.190] [bmv2] [D] [thread 7233] [159.0] [cxt 0] Processing packet received on port 4
[12:54:19.190] [bmv2] [D] [thread 7233] [159.0] [cxt 0] Parser 'parser': start
[12:54:19.190] [bmv2] [D] [thread 7233] [159.0] [cxt 0] Parser 'parser' entering state 'start'
[12:54:19.190] [bmv2] [D] [thread 7233] [159.0] [cxt 0] Extracting header 'ethernet'
[12:54:19.190] [bmv2] [D] [thread 7233] [159.0] [cxt 0] Parser state 'start': key is 86dd
[12:54:19.190] [bmv2] [T] [thread 7233] [159.0] [cxt 0] Bytes parsed: 14
[12:54:19.190] [bmv2] [D] [thread 7233] [159.0] [cxt 0] Parser 'parser': end
[12:54:19.190] [bmv2] [D] [thread 7233] [159.0] [cxt 0] Pipeline 'ingress': start
[12:54:19.190] [bmv2] [T] [thread 7233] [159.0] [cxt 0] Applying table 'MyIngress.ipv4_forward'
[12:54:19.190] [bmv2] [D] [thread 7233] [159.0] [cxt 0] Looking up key:
* hdr.ipv4.dstAddr    : 00000000

[12:54:19.190] [bmv2] [D] [thread 7233] [159.0] [cxt 0] Table 'MyIngress.ipv4_forward': miss
[12:54:19.190] [bmv2] [D] [thread 7233] [159.0] [cxt 0] Action entry is MyIngress.drop - 
[12:54:19.190] [bmv2] [T] [thread 7233] [159.0] [cxt 0] Action MyIngress.drop
[12:54:19.190] [bmv2] [T] [thread 7233] [159.0] [cxt 0] straggler.p4(158) Primitive mark_to_drop(standard_metadata)
[12:54:19.190] [bmv2] [T] [thread 7233] [159.0] [cxt 0] straggler.p4(288) Condition "hdr.collective.isValid()" (node_3) is false
[12:54:19.190] [bmv2] [D] [thread 7233] [159.0] [cxt 0] Pipeline 'ingress': end
[12:54:19.190] [bmv2] [D] [thread 7233] [159.0] [cxt 0] Egress port is 511
[12:54:19.190] [bmv2] [D] [thread 7233] [159.0] [cxt 0] Dropping packet at the end of ingress
[12:54:21.875] [bmv2] [D] [thread 7233] [160.0] [cxt 0] Processing packet received on port 3
[12:54:21.875] [bmv2] [D] [thread 7233] [160.0] [cxt 0] Parser 'parser': start
[12:54:21.875] [bmv2] [D] [thread 7233] [160.0] [cxt 0] Parser 'parser' entering state 'start'
[12:54:21.875] [bmv2] [D] [thread 7233] [160.0] [cxt 0] Extracting header 'ethernet'
[12:54:21.875] [bmv2] [D] [thread 7233] [160.0] [cxt 0] Parser state 'start': key is 86dd
[12:54:21.876] [bmv2] [T] [thread 7233] [160.0] [cxt 0] Bytes parsed: 14
[12:54:21.876] [bmv2] [D] [thread 7233] [160.0] [cxt 0] Parser 'parser': end
[12:54:21.876] [bmv2] [D] [thread 7233] [160.0] [cxt 0] Pipeline 'ingress': start
[12:54:21.876] [bmv2] [T] [thread 7233] [160.0] [cxt 0] Applying table 'MyIngress.ipv4_forward'
[12:54:21.876] [bmv2] [D] [thread 7233] [160.0] [cxt 0] Looking up key:
* hdr.ipv4.dstAddr    : 00000000

[12:54:21.876] [bmv2] [D] [thread 7233] [160.0] [cxt 0] Table 'MyIngress.ipv4_forward': miss
[12:54:21.876] [bmv2] [D] [thread 7233] [160.0] [cxt 0] Action entry is MyIngress.drop - 
[12:54:21.876] [bmv2] [T] [thread 7233] [160.0] [cxt 0] Action MyIngress.drop
[12:54:21.876] [bmv2] [T] [thread 7233] [160.0] [cxt 0] straggler.p4(158) Primitive mark_to_drop(standard_metadata)
[12:54:21.876] [bmv2] [T] [thread 7233] [160.0] [cxt 0] straggler.p4(288) Condition "hdr.collective.isValid()" (node_3) is false
[12:54:21.876] [bmv2] [D] [thread 7233] [160.0] [cxt 0] Pipeline 'ingress': end
[12:54:21.876] [bmv2] [D] [thread 7233] [160.0] [cxt 0] Egress port is 511
[12:54:21.876] [bmv2] [D] [thread 7233] [160.0] [cxt 0] Dropping packet at the end of ingress
[12:54:30.067] [bmv2] [D] [thread 7233] [161.0] [cxt 0] Processing packet received on port 3
[12:54:30.067] [bmv2] [D] [thread 7233] [161.0] [cxt 0] Parser 'parser': start
[12:54:30.067] [bmv2] [D] [thread 7233] [161.0] [cxt 0] Parser 'parser' entering state 'start'
[12:54:30.067] [bmv2] [D] [thread 7233] [161.0] [cxt 0] Extracting header 'ethernet'
[12:54:30.068] [bmv2] [D] [thread 7233] [161.0] [cxt 0] Parser state 'start': key is 86dd
[12:54:30.068] [bmv2] [T] [thread 7233] [161.0] [cxt 0] Bytes parsed: 14
[12:54:30.068] [bmv2] [D] [thread 7233] [161.0] [cxt 0] Parser 'parser': end
[12:54:30.068] [bmv2] [D] [thread 7233] [161.0] [cxt 0] Pipeline 'ingress': start
[12:54:30.068] [bmv2] [T] [thread 7233] [161.0] [cxt 0] Applying table 'MyIngress.ipv4_forward'
[12:54:30.068] [bmv2] [D] [thread 7233] [161.0] [cxt 0] Looking up key:
* hdr.ipv4.dstAddr    : 00000000

[12:54:30.068] [bmv2] [D] [thread 7233] [161.0] [cxt 0] Table 'MyIngress.ipv4_forward': miss
[12:54:30.069] [bmv2] [D] [thread 7233] [161.0] [cxt 0] Action entry is MyIngress.drop - 
[12:54:30.069] [bmv2] [T] [thread 7233] [161.0] [cxt 0] Action MyIngress.drop
[12:54:30.069] [bmv2] [T] [thread 7233] [161.0] [cxt 0] straggler.p4(158) Primitive mark_to_drop(standard_metadata)
[12:54:30.069] [bmv2] [T] [thread 7233] [161.0] [cxt 0] straggler.p4(288) Condition "hdr.collective.isValid()" (node_3) is false
[12:54:30.069] [bmv2] [D] [thread 7233] [161.0] [cxt 0] Pipeline 'ingress': end
[12:54:30.069] [bmv2] [D] [thread 7233] [161.0] [cxt 0] Egress port is 511
[12:54:30.069] [bmv2] [D] [thread 7233] [161.0] [cxt 0] Dropping packet at the end of ingress
