Calling target program-options parser
[09:12:49.688] [bmv2] [D] [thread 11330] Set default default entry for table 'MyIngress.ipv4_forward': MyIngress.drop - 
[09:12:49.688] [bmv2] [D] [thread 11330] Entry 0 added to table 'MyIngress.ipv4_forward'
[09:12:49.688] [bmv2] [D] [thread 11330] Dumping entry 0
Match key:
* hdr.ipv4.dstAddr    : EXACT     0a000101
Action entry: MyIngress.forward - 3,

[09:12:49.688] [bmv2] [D] [thread 11330] Entry 1 added to table 'MyIngress.ipv4_forward'
[09:12:49.688] [bmv2] [D] [thread 11330] Dumping entry 1
Match key:
* hdr.ipv4.dstAddr    : EXACT     0a000202
Action entry: MyIngress.forward - 3,

[09:12:49.688] [bmv2] [D] [thread 11330] Entry 2 added to table 'MyIngress.ipv4_forward'
[09:12:49.688] [bmv2] [D] [thread 11330] Dumping entry 2
Match key:
* hdr.ipv4.dstAddr    : EXACT     0a000303
Action entry: MyIngress.forward - 1,

[09:12:49.688] [bmv2] [D] [thread 11330] Entry 3 added to table 'MyIngress.ipv4_forward'
[09:12:49.688] [bmv2] [D] [thread 11330] Dumping entry 3
Match key:
* hdr.ipv4.dstAddr    : EXACT     0a000404
Action entry: MyIngress.forward - 2,

[09:12:49.688] [bmv2] [D] [thread 11330] Set default default entry for table 'tbl_detect_straggler': MyIngress.detect_straggler - 
Adding interface s2-eth1 as port 1
[09:12:49.690] [bmv2] [D] [thread 11330] Adding interface s2-eth1 as port 1
Adding interface s2-eth2 as port 2
[09:12:49.701] [bmv2] [D] [thread 11330] Adding interface s2-eth2 as port 2
Adding interface s2-eth3 as port 3
[09:12:49.711] [bmv2] [D] [thread 11330] Adding interface s2-eth3 as port 3
Adding interface s2-eth4 as port 4
[09:12:49.721] [bmv2] [D] [thread 11330] Adding interface s2-eth4 as port 4
[09:12:49.736] [bmv2] [I] [thread 11330] Starting Thrift server on port 9091
[09:12:49.736] [bmv2] [I] [thread 11330] Thrift server was started
[09:12:49.796] [bmv2] [D] [thread 11337] [0.0] [cxt 0] Processing packet received on port 3
[09:12:49.796] [bmv2] [D] [thread 11337] [0.0] [cxt 0] Parser 'parser': start
[09:12:49.796] [bmv2] [D] [thread 11337] [0.0] [cxt 0] Parser 'parser' entering state 'start'
[09:12:49.796] [bmv2] [D] [thread 11337] [0.0] [cxt 0] Extracting header 'ethernet'
[09:12:49.796] [bmv2] [D] [thread 11337] [0.0] [cxt 0] Parser state 'start': key is 86dd
[09:12:49.796] [bmv2] [T] [thread 11337] [0.0] [cxt 0] Bytes parsed: 14
[09:12:49.796] [bmv2] [D] [thread 11337] [0.0] [cxt 0] Parser 'parser': end
[09:12:49.796] [bmv2] [D] [thread 11337] [0.0] [cxt 0] Pipeline 'ingress': start
[09:12:49.796] [bmv2] [T] [thread 11337] [0.0] [cxt 0] Applying table 'MyIngress.ipv4_forward'
[09:12:49.796] [bmv2] [D] [thread 11337] [0.0] [cxt 0] Looking up key:
* hdr.ipv4.dstAddr    : 00000000

[09:12:49.796] [bmv2] [D] [thread 11337] [0.0] [cxt 0] Table 'MyIngress.ipv4_forward': miss
[09:12:49.796] [bmv2] [D] [thread 11337] [0.0] [cxt 0] Action entry is MyIngress.drop - 
[09:12:49.796] [bmv2] [T] [thread 11337] [0.0] [cxt 0] Action MyIngress.drop
[09:12:49.796] [bmv2] [T] [thread 11337] [0.0] [cxt 0] straggler.p4(155) Primitive mark_to_drop(standard_metadata)
[09:12:49.796] [bmv2] [T] [thread 11337] [0.0] [cxt 0] straggler.p4(284) Condition "hdr.collective.isValid()" (node_3) is false
[09:12:49.796] [bmv2] [D] [thread 11337] [0.0] [cxt 0] Pipeline 'ingress': end
[09:12:49.796] [bmv2] [D] [thread 11337] [0.0] [cxt 0] Egress port is 511
[09:12:49.796] [bmv2] [D] [thread 11337] [0.0] [cxt 0] Dropping packet at the end of ingress
[09:12:49.987] [bmv2] [D] [thread 11337] [1.0] [cxt 0] Processing packet received on port 4
[09:12:49.987] [bmv2] [D] [thread 11337] [1.0] [cxt 0] Parser 'parser': start
[09:12:49.987] [bmv2] [D] [thread 11337] [1.0] [cxt 0] Parser 'parser' entering state 'start'
[09:12:49.987] [bmv2] [D] [thread 11337] [1.0] [cxt 0] Extracting header 'ethernet'
[09:12:49.987] [bmv2] [D] [thread 11337] [1.0] [cxt 0] Parser state 'start': key is 86dd
[09:12:49.987] [bmv2] [T] [thread 11337] [1.0] [cxt 0] Bytes parsed: 14
[09:12:49.987] [bmv2] [D] [thread 11337] [1.0] [cxt 0] Parser 'parser': end
[09:12:49.987] [bmv2] [D] [thread 11337] [1.0] [cxt 0] Pipeline 'ingress': start
[09:12:49.987] [bmv2] [T] [thread 11337] [1.0] [cxt 0] Applying table 'MyIngress.ipv4_forward'
[09:12:49.987] [bmv2] [D] [thread 11337] [1.0] [cxt 0] Looking up key:
* hdr.ipv4.dstAddr    : 00000000

[09:12:49.987] [bmv2] [D] [thread 11337] [1.0] [cxt 0] Table 'MyIngress.ipv4_forward': miss
[09:12:49.987] [bmv2] [D] [thread 11337] [1.0] [cxt 0] Action entry is MyIngress.drop - 
[09:12:49.987] [bmv2] [T] [thread 11337] [1.0] [cxt 0] Action MyIngress.drop
[09:12:49.987] [bmv2] [T] [thread 11337] [1.0] [cxt 0] straggler.p4(155) Primitive mark_to_drop(standard_metadata)
[09:12:49.988] [bmv2] [T] [thread 11337] [1.0] [cxt 0] straggler.p4(284) Condition "hdr.collective.isValid()" (node_3) is false
[09:12:49.988] [bmv2] [D] [thread 11337] [1.0] [cxt 0] Pipeline 'ingress': end
[09:12:49.988] [bmv2] [D] [thread 11337] [1.0] [cxt 0] Egress port is 511
[09:12:49.988] [bmv2] [D] [thread 11337] [1.0] [cxt 0] Dropping packet at the end of ingress
[09:12:50.309] [bmv2] [D] [thread 11337] [2.0] [cxt 0] Processing packet received on port 3
[09:12:50.309] [bmv2] [D] [thread 11337] [2.0] [cxt 0] Parser 'parser': start
[09:12:50.309] [bmv2] [D] [thread 11337] [2.0] [cxt 0] Parser 'parser' entering state 'start'
[09:12:50.309] [bmv2] [D] [thread 11337] [2.0] [cxt 0] Extracting header 'ethernet'
[09:12:50.309] [bmv2] [D] [thread 11337] [2.0] [cxt 0] Parser state 'start': key is 86dd
[09:12:50.309] [bmv2] [T] [thread 11337] [2.0] [cxt 0] Bytes parsed: 14
[09:12:50.309] [bmv2] [D] [thread 11337] [2.0] [cxt 0] Parser 'parser': end
[09:12:50.309] [bmv2] [D] [thread 11337] [2.0] [cxt 0] Pipeline 'ingress': start
[09:12:50.309] [bmv2] [T] [thread 11337] [2.0] [cxt 0] Applying table 'MyIngress.ipv4_forward'
[09:12:50.309] [bmv2] [D] [thread 11337] [2.0] [cxt 0] Looking up key:
* hdr.ipv4.dstAddr    : 00000000

[09:12:50.309] [bmv2] [D] [thread 11337] [2.0] [cxt 0] Table 'MyIngress.ipv4_forward': miss
[09:12:50.309] [bmv2] [D] [thread 11337] [2.0] [cxt 0] Action entry is MyIngress.drop - 
[09:12:50.309] [bmv2] [T] [thread 11337] [2.0] [cxt 0] Action MyIngress.drop
[09:12:50.309] [bmv2] [T] [thread 11337] [2.0] [cxt 0] straggler.p4(155) Primitive mark_to_drop(standard_metadata)
[09:12:50.309] [bmv2] [T] [thread 11337] [2.0] [cxt 0] straggler.p4(284) Condition "hdr.collective.isValid()" (node_3) is false
[09:12:50.309] [bmv2] [D] [thread 11337] [2.0] [cxt 0] Pipeline 'ingress': end
[09:12:50.309] [bmv2] [D] [thread 11337] [2.0] [cxt 0] Egress port is 511
[09:12:50.309] [bmv2] [D] [thread 11337] [2.0] [cxt 0] Dropping packet at the end of ingress
[09:12:50.309] [bmv2] [D] [thread 11337] [3.0] [cxt 0] Processing packet received on port 3
[09:12:50.309] [bmv2] [D] [thread 11337] [3.0] [cxt 0] Parser 'parser': start
[09:12:50.309] [bmv2] [D] [thread 11337] [3.0] [cxt 0] Parser 'parser' entering state 'start'
[09:12:50.309] [bmv2] [D] [thread 11337] [3.0] [cxt 0] Extracting header 'ethernet'
[09:12:50.309] [bmv2] [D] [thread 11337] [3.0] [cxt 0] Parser state 'start': key is 86dd
[09:12:50.309] [bmv2] [T] [thread 11337] [3.0] [cxt 0] Bytes parsed: 14
[09:12:50.309] [bmv2] [D] [thread 11337] [3.0] [cxt 0] Parser 'parser': end
[09:12:50.309] [bmv2] [D] [thread 11337] [3.0] [cxt 0] Pipeline 'ingress': start
[09:12:50.309] [bmv2] [T] [thread 11337] [3.0] [cxt 0] Applying table 'MyIngress.ipv4_forward'
[09:12:50.309] [bmv2] [D] [thread 11337] [3.0] [cxt 0] Looking up key:
* hdr.ipv4.dstAddr    : 00000000

[09:12:50.309] [bmv2] [D] [thread 11337] [3.0] [cxt 0] Table 'MyIngress.ipv4_forward': miss
[09:12:50.309] [bmv2] [D] [thread 11337] [3.0] [cxt 0] Action entry is MyIngress.drop - 
[09:12:50.309] [bmv2] [T] [thread 11337] [3.0] [cxt 0] Action MyIngress.drop
[09:12:50.309] [bmv2] [T] [thread 11337] [3.0] [cxt 0] straggler.p4(155) Primitive mark_to_drop(standard_metadata)
[09:12:50.309] [bmv2] [T] [thread 11337] [3.0] [cxt 0] straggler.p4(284) Condition "hdr.collective.isValid()" (node_3) is false
[09:12:50.309] [bmv2] [D] [thread 11337] [3.0] [cxt 0] Pipeline 'ingress': end
[09:12:50.309] [bmv2] [D] [thread 11337] [3.0] [cxt 0] Egress port is 511
[09:12:50.309] [bmv2] [D] [thread 11337] [3.0] [cxt 0] Dropping packet at the end of ingress
[09:12:50.311] [bmv2] [D] [thread 11337] [4.0] [cxt 0] Processing packet received on port 3
[09:12:50.311] [bmv2] [D] [thread 11337] [4.0] [cxt 0] Parser 'parser': start
[09:12:50.311] [bmv2] [D] [thread 11337] [4.0] [cxt 0] Parser 'parser' entering state 'start'
[09:12:50.311] [bmv2] [D] [thread 11337] [4.0] [cxt 0] Extracting header 'ethernet'
[09:12:50.311] [bmv2] [D] [thread 11337] [4.0] [cxt 0] Parser state 'start': key is 86dd
[09:12:50.311] [bmv2] [T] [thread 11337] [4.0] [cxt 0] Bytes parsed: 14
[09:12:50.311] [bmv2] [D] [thread 11337] [4.0] [cxt 0] Parser 'parser': end
[09:12:50.311] [bmv2] [D] [thread 11337] [4.0] [cxt 0] Pipeline 'ingress': start
[09:12:50.311] [bmv2] [T] [thread 11337] [4.0] [cxt 0] Applying table 'MyIngress.ipv4_forward'
[09:12:50.311] [bmv2] [D] [thread 11337] [4.0] [cxt 0] Looking up key:
* hdr.ipv4.dstAddr    : 00000000

[09:12:50.311] [bmv2] [D] [thread 11337] [4.0] [cxt 0] Table 'MyIngress.ipv4_forward': miss
[09:12:50.311] [bmv2] [D] [thread 11337] [4.0] [cxt 0] Action entry is MyIngress.drop - 
[09:12:50.311] [bmv2] [T] [thread 11337] [4.0] [cxt 0] Action MyIngress.drop
[09:12:50.311] [bmv2] [T] [thread 11337] [4.0] [cxt 0] straggler.p4(155) Primitive mark_to_drop(standard_metadata)
[09:12:50.311] [bmv2] [T] [thread 11337] [4.0] [cxt 0] straggler.p4(284) Condition "hdr.collective.isValid()" (node_3) is false
[09:12:50.311] [bmv2] [D] [thread 11337] [4.0] [cxt 0] Pipeline 'ingress': end
[09:12:50.311] [bmv2] [D] [thread 11337] [4.0] [cxt 0] Egress port is 511
[09:12:50.311] [bmv2] [D] [thread 11337] [4.0] [cxt 0] Dropping packet at the end of ingress
[09:12:50.350] [bmv2] [D] [thread 11337] [5.0] [cxt 0] Processing packet received on port 3
[09:12:50.350] [bmv2] [D] [thread 11337] [5.0] [cxt 0] Parser 'parser': start
[09:12:50.350] [bmv2] [D] [thread 11337] [5.0] [cxt 0] Parser 'parser' entering state 'start'
[09:12:50.350] [bmv2] [D] [thread 11337] [5.0] [cxt 0] Extracting header 'ethernet'
[09:12:50.350] [bmv2] [D] [thread 11337] [5.0] [cxt 0] Parser state 'start': key is 86dd
[09:12:50.350] [bmv2] [T] [thread 11337] [5.0] [cxt 0] Bytes parsed: 14
[09:12:50.350] [bmv2] [D] [thread 11337] [5.0] [cxt 0] Parser 'parser': end
[09:12:50.350] [bmv2] [D] [thread 11337] [5.0] [cxt 0] Pipeline 'ingress': start
[09:12:50.350] [bmv2] [T] [thread 11337] [5.0] [cxt 0] Applying table 'MyIngress.ipv4_forward'
[09:12:50.350] [bmv2] [D] [thread 11337] [5.0] [cxt 0] Looking up key:
* hdr.ipv4.dstAddr    : 00000000

[09:12:50.350] [bmv2] [D] [thread 11337] [5.0] [cxt 0] Table 'MyIngress.ipv4_forward': miss
[09:12:50.350] [bmv2] [D] [thread 11337] [5.0] [cxt 0] Action entry is MyIngress.drop - 
[09:12:50.350] [bmv2] [T] [thread 11337] [5.0] [cxt 0] Action MyIngress.drop
[09:12:50.350] [bmv2] [T] [thread 11337] [5.0] [cxt 0] straggler.p4(155) Primitive mark_to_drop(standard_metadata)
[09:12:50.350] [bmv2] [T] [thread 11337] [5.0] [cxt 0] straggler.p4(284) Condition "hdr.collective.isValid()" (node_3) is false
[09:12:50.350] [bmv2] [D] [thread 11337] [5.0] [cxt 0] Pipeline 'ingress': end
[09:12:50.350] [bmv2] [D] [thread 11337] [5.0] [cxt 0] Egress port is 511
[09:12:50.350] [bmv2] [D] [thread 11337] [5.0] [cxt 0] Dropping packet at the end of ingress
[09:12:50.409] [bmv2] [D] [thread 11337] [6.0] [cxt 0] Processing packet received on port 3
[09:12:50.409] [bmv2] [D] [thread 11337] [6.0] [cxt 0] Parser 'parser': start
[09:12:50.409] [bmv2] [D] [thread 11337] [6.0] [cxt 0] Parser 'parser' entering state 'start'
[09:12:50.409] [bmv2] [D] [thread 11337] [6.0] [cxt 0] Extracting header 'ethernet'
[09:12:50.409] [bmv2] [D] [thread 11337] [6.0] [cxt 0] Parser state 'start': key is 86dd
[09:12:50.409] [bmv2] [T] [thread 11337] [6.0] [cxt 0] Bytes parsed: 14
[09:12:50.409] [bmv2] [D] [thread 11337] [6.0] [cxt 0] Parser 'parser': end
[09:12:50.409] [bmv2] [D] [thread 11337] [6.0] [cxt 0] Pipeline 'ingress': start
[09:12:50.409] [bmv2] [T] [thread 11337] [6.0] [cxt 0] Applying table 'MyIngress.ipv4_forward'
[09:12:50.409] [bmv2] [D] [thread 11337] [6.0] [cxt 0] Looking up key:
* hdr.ipv4.dstAddr    : 00000000

[09:12:50.409] [bmv2] [D] [thread 11337] [6.0] [cxt 0] Table 'MyIngress.ipv4_forward': miss
[09:12:50.410] [bmv2] [D] [thread 11337] [6.0] [cxt 0] Action entry is MyIngress.drop - 
[09:12:50.410] [bmv2] [T] [thread 11337] [6.0] [cxt 0] Action MyIngress.drop
[09:12:50.410] [bmv2] [T] [thread 11337] [6.0] [cxt 0] straggler.p4(155) Primitive mark_to_drop(standard_metadata)
[09:12:50.410] [bmv2] [T] [thread 11337] [6.0] [cxt 0] straggler.p4(284) Condition "hdr.collective.isValid()" (node_3) is false
[09:12:50.410] [bmv2] [D] [thread 11337] [6.0] [cxt 0] Pipeline 'ingress': end
[09:12:50.410] [bmv2] [D] [thread 11337] [6.0] [cxt 0] Egress port is 511
[09:12:50.410] [bmv2] [D] [thread 11337] [6.0] [cxt 0] Dropping packet at the end of ingress
[09:12:50.437] [bmv2] [D] [thread 11337] [7.0] [cxt 0] Processing packet received on port 4
[09:12:50.437] [bmv2] [D] [thread 11337] [7.0] [cxt 0] Parser 'parser': start
[09:12:50.437] [bmv2] [D] [thread 11337] [7.0] [cxt 0] Parser 'parser' entering state 'start'
[09:12:50.437] [bmv2] [D] [thread 11337] [7.0] [cxt 0] Extracting header 'ethernet'
[09:12:50.437] [bmv2] [D] [thread 11337] [7.0] [cxt 0] Parser state 'start': key is 86dd
[09:12:50.437] [bmv2] [T] [thread 11337] [7.0] [cxt 0] Bytes parsed: 14
[09:12:50.437] [bmv2] [D] [thread 11337] [7.0] [cxt 0] Parser 'parser': end
[09:12:50.437] [bmv2] [D] [thread 11337] [7.0] [cxt 0] Pipeline 'ingress': start
[09:12:50.437] [bmv2] [T] [thread 11337] [7.0] [cxt 0] Applying table 'MyIngress.ipv4_forward'
[09:12:50.437] [bmv2] [D] [thread 11337] [7.0] [cxt 0] Looking up key:
* hdr.ipv4.dstAddr    : 00000000

[09:12:50.437] [bmv2] [D] [thread 11337] [7.0] [cxt 0] Table 'MyIngress.ipv4_forward': miss
[09:12:50.437] [bmv2] [D] [thread 11337] [7.0] [cxt 0] Action entry is MyIngress.drop - 
[09:12:50.437] [bmv2] [T] [thread 11337] [7.0] [cxt 0] Action MyIngress.drop
[09:12:50.437] [bmv2] [T] [thread 11337] [7.0] [cxt 0] straggler.p4(155) Primitive mark_to_drop(standard_metadata)
[09:12:50.437] [bmv2] [T] [thread 11337] [7.0] [cxt 0] straggler.p4(284) Condition "hdr.collective.isValid()" (node_3) is false
[09:12:50.437] [bmv2] [D] [thread 11337] [7.0] [cxt 0] Pipeline 'ingress': end
[09:12:50.437] [bmv2] [D] [thread 11337] [7.0] [cxt 0] Egress port is 511
[09:12:50.437] [bmv2] [D] [thread 11337] [7.0] [cxt 0] Dropping packet at the end of ingress
[09:12:50.437] [bmv2] [D] [thread 11337] [8.0] [cxt 0] Processing packet received on port 4
[09:12:50.437] [bmv2] [D] [thread 11337] [8.0] [cxt 0] Parser 'parser': start
[09:12:50.437] [bmv2] [D] [thread 11337] [8.0] [cxt 0] Parser 'parser' entering state 'start'
[09:12:50.437] [bmv2] [D] [thread 11337] [8.0] [cxt 0] Extracting header 'ethernet'
[09:12:50.437] [bmv2] [D] [thread 11337] [8.0] [cxt 0] Parser state 'start': key is 86dd
[09:12:50.437] [bmv2] [T] [thread 11337] [8.0] [cxt 0] Bytes parsed: 14
[09:12:50.437] [bmv2] [D] [thread 11337] [8.0] [cxt 0] Parser 'parser': end
[09:12:50.437] [bmv2] [D] [thread 11337] [8.0] [cxt 0] Pipeline 'ingress': start
[09:12:50.437] [bmv2] [T] [thread 11337] [8.0] [cxt 0] Applying table 'MyIngress.ipv4_forward'
[09:12:50.437] [bmv2] [D] [thread 11337] [8.0] [cxt 0] Looking up key:
* hdr.ipv4.dstAddr    : 00000000

[09:12:50.437] [bmv2] [D] [thread 11337] [8.0] [cxt 0] Table 'MyIngress.ipv4_forward': miss
[09:12:50.437] [bmv2] [D] [thread 11337] [8.0] [cxt 0] Action entry is MyIngress.drop - 
[09:12:50.437] [bmv2] [T] [thread 11337] [8.0] [cxt 0] Action MyIngress.drop
[09:12:50.437] [bmv2] [T] [thread 11337] [8.0] [cxt 0] straggler.p4(155) Primitive mark_to_drop(standard_metadata)
[09:12:50.437] [bmv2] [T] [thread 11337] [8.0] [cxt 0] straggler.p4(284) Condition "hdr.collective.isValid()" (node_3) is false
[09:12:50.437] [bmv2] [D] [thread 11337] [8.0] [cxt 0] Pipeline 'ingress': end
[09:12:50.437] [bmv2] [D] [thread 11337] [8.0] [cxt 0] Egress port is 511
[09:12:50.437] [bmv2] [D] [thread 11337] [8.0] [cxt 0] Dropping packet at the end of ingress
[09:12:50.438] [bmv2] [D] [thread 11337] [9.0] [cxt 0] Processing packet received on port 4
[09:12:50.438] [bmv2] [D] [thread 11337] [9.0] [cxt 0] Parser 'parser': start
[09:12:50.438] [bmv2] [D] [thread 11337] [9.0] [cxt 0] Parser 'parser' entering state 'start'
[09:12:50.438] [bmv2] [D] [thread 11337] [9.0] [cxt 0] Extracting header 'ethernet'
[09:12:50.438] [bmv2] [D] [thread 11337] [9.0] [cxt 0] Parser state 'start': key is 86dd
[09:12:50.438] [bmv2] [T] [thread 11337] [9.0] [cxt 0] Bytes parsed: 14
[09:12:50.438] [bmv2] [D] [thread 11337] [9.0] [cxt 0] Parser 'parser': end
[09:12:50.438] [bmv2] [D] [thread 11337] [9.0] [cxt 0] Pipeline 'ingress': start
[09:12:50.438] [bmv2] [T] [thread 11337] [9.0] [cxt 0] Applying table 'MyIngress.ipv4_forward'
[09:12:50.438] [bmv2] [D] [thread 11337] [9.0] [cxt 0] Looking up key:
* hdr.ipv4.dstAddr    : 00000000

[09:12:50.438] [bmv2] [D] [thread 11337] [9.0] [cxt 0] Table 'MyIngress.ipv4_forward': miss
[09:12:50.438] [bmv2] [D] [thread 11337] [9.0] [cxt 0] Action entry is MyIngress.drop - 
[09:12:50.438] [bmv2] [T] [thread 11337] [9.0] [cxt 0] Action MyIngress.drop
[09:12:50.438] [bmv2] [T] [thread 11337] [9.0] [cxt 0] straggler.p4(155) Primitive mark_to_drop(standard_metadata)
[09:12:50.438] [bmv2] [T] [thread 11337] [9.0] [cxt 0] straggler.p4(284) Condition "hdr.collective.isValid()" (node_3) is false
[09:12:50.438] [bmv2] [D] [thread 11337] [9.0] [cxt 0] Pipeline 'ingress': end
[09:12:50.438] [bmv2] [D] [thread 11337] [9.0] [cxt 0] Egress port is 511
[09:12:50.438] [bmv2] [D] [thread 11337] [9.0] [cxt 0] Dropping packet at the end of ingress
[09:12:50.449] [bmv2] [D] [thread 11337] [10.0] [cxt 0] Processing packet received on port 3
[09:12:50.450] [bmv2] [D] [thread 11337] [10.0] [cxt 0] Parser 'parser': start
[09:12:50.450] [bmv2] [D] [thread 11337] [10.0] [cxt 0] Parser 'parser' entering state 'start'
[09:12:50.450] [bmv2] [D] [thread 11337] [10.0] [cxt 0] Extracting header 'ethernet'
[09:12:50.450] [bmv2] [D] [thread 11337] [10.0] [cxt 0] Parser state 'start': key is 86dd
[09:12:50.450] [bmv2] [T] [thread 11337] [10.0] [cxt 0] Bytes parsed: 14
[09:12:50.450] [bmv2] [D] [thread 11337] [10.0] [cxt 0] Parser 'parser': end
[09:12:50.450] [bmv2] [D] [thread 11337] [10.0] [cxt 0] Pipeline 'ingress': start
[09:12:50.450] [bmv2] [T] [thread 11337] [10.0] [cxt 0] Applying table 'MyIngress.ipv4_forward'
[09:12:50.450] [bmv2] [D] [thread 11337] [10.0] [cxt 0] Looking up key:
* hdr.ipv4.dstAddr    : 00000000

[09:12:50.450] [bmv2] [D] [thread 11337] [10.0] [cxt 0] Table 'MyIngress.ipv4_forward': miss
[09:12:50.450] [bmv2] [D] [thread 11337] [10.0] [cxt 0] Action entry is MyIngress.drop - 
[09:12:50.450] [bmv2] [T] [thread 11337] [10.0] [cxt 0] Action MyIngress.drop
[09:12:50.450] [bmv2] [T] [thread 11337] [10.0] [cxt 0] straggler.p4(155) Primitive mark_to_drop(standard_metadata)
[09:12:50.450] [bmv2] [T] [thread 11337] [10.0] [cxt 0] straggler.p4(284) Condition "hdr.collective.isValid()" (node_3) is false
[09:12:50.450] [bmv2] [D] [thread 11337] [10.0] [cxt 0] Pipeline 'ingress': end
[09:12:50.450] [bmv2] [D] [thread 11337] [10.0] [cxt 0] Egress port is 511
[09:12:50.450] [bmv2] [D] [thread 11337] [10.0] [cxt 0] Dropping packet at the end of ingress
[09:12:50.537] [bmv2] [D] [thread 11337] [11.0] [cxt 0] Processing packet received on port 4
[09:12:50.537] [bmv2] [D] [thread 11337] [11.0] [cxt 0] Parser 'parser': start
[09:12:50.537] [bmv2] [D] [thread 11337] [11.0] [cxt 0] Parser 'parser' entering state 'start'
[09:12:50.537] [bmv2] [D] [thread 11337] [11.0] [cxt 0] Extracting header 'ethernet'
[09:12:50.537] [bmv2] [D] [thread 11337] [11.0] [cxt 0] Parser state 'start': key is 86dd
[09:12:50.537] [bmv2] [T] [thread 11337] [11.0] [cxt 0] Bytes parsed: 14
[09:12:50.537] [bmv2] [D] [thread 11337] [11.0] [cxt 0] Parser 'parser': end
[09:12:50.537] [bmv2] [D] [thread 11337] [11.0] [cxt 0] Pipeline 'ingress': start
[09:12:50.537] [bmv2] [T] [thread 11337] [11.0] [cxt 0] Applying table 'MyIngress.ipv4_forward'
[09:12:50.537] [bmv2] [D] [thread 11337] [11.0] [cxt 0] Looking up key:
* hdr.ipv4.dstAddr    : 00000000

[09:12:50.537] [bmv2] [D] [thread 11337] [11.0] [cxt 0] Table 'MyIngress.ipv4_forward': miss
[09:12:50.537] [bmv2] [D] [thread 11337] [11.0] [cxt 0] Action entry is MyIngress.drop - 
[09:12:50.537] [bmv2] [T] [thread 11337] [11.0] [cxt 0] Action MyIngress.drop
[09:12:50.537] [bmv2] [T] [thread 11337] [11.0] [cxt 0] straggler.p4(155) Primitive mark_to_drop(standard_metadata)
[09:12:50.537] [bmv2] [T] [thread 11337] [11.0] [cxt 0] straggler.p4(284) Condition "hdr.collective.isValid()" (node_3) is false
[09:12:50.537] [bmv2] [D] [thread 11337] [11.0] [cxt 0] Pipeline 'ingress': end
[09:12:50.537] [bmv2] [D] [thread 11337] [11.0] [cxt 0] Egress port is 511
[09:12:50.537] [bmv2] [D] [thread 11337] [11.0] [cxt 0] Dropping packet at the end of ingress
[09:12:50.576] [bmv2] [D] [thread 11337] [12.0] [cxt 0] Processing packet received on port 4
[09:12:50.576] [bmv2] [D] [thread 11337] [12.0] [cxt 0] Parser 'parser': start
[09:12:50.576] [bmv2] [D] [thread 11337] [12.0] [cxt 0] Parser 'parser' entering state 'start'
[09:12:50.576] [bmv2] [D] [thread 11337] [12.0] [cxt 0] Extracting header 'ethernet'
[09:12:50.576] [bmv2] [D] [thread 11337] [12.0] [cxt 0] Parser state 'start': key is 86dd
[09:12:50.576] [bmv2] [T] [thread 11337] [12.0] [cxt 0] Bytes parsed: 14
[09:12:50.576] [bmv2] [D] [thread 11337] [12.0] [cxt 0] Parser 'parser': end
[09:12:50.576] [bmv2] [D] [thread 11337] [12.0] [cxt 0] Pipeline 'ingress': start
[09:12:50.576] [bmv2] [T] [thread 11337] [12.0] [cxt 0] Applying table 'MyIngress.ipv4_forward'
[09:12:50.576] [bmv2] [D] [thread 11337] [12.0] [cxt 0] Looking up key:
* hdr.ipv4.dstAddr    : 00000000

[09:12:50.576] [bmv2] [D] [thread 11337] [12.0] [cxt 0] Table 'MyIngress.ipv4_forward': miss
[09:12:50.576] [bmv2] [D] [thread 11337] [12.0] [cxt 0] Action entry is MyIngress.drop - 
[09:12:50.576] [bmv2] [T] [thread 11337] [12.0] [cxt 0] Action MyIngress.drop
[09:12:50.576] [bmv2] [T] [thread 11337] [12.0] [cxt 0] straggler.p4(155) Primitive mark_to_drop(standard_metadata)
[09:12:50.576] [bmv2] [T] [thread 11337] [12.0] [cxt 0] straggler.p4(284) Condition "hdr.collective.isValid()" (node_3) is false
[09:12:50.576] [bmv2] [D] [thread 11337] [12.0] [cxt 0] Pipeline 'ingress': end
[09:12:50.576] [bmv2] [D] [thread 11337] [12.0] [cxt 0] Egress port is 511
[09:12:50.576] [bmv2] [D] [thread 11337] [12.0] [cxt 0] Dropping packet at the end of ingress
[09:12:50.584] [bmv2] [D] [thread 11337] [13.0] [cxt 0] Processing packet received on port 1
[09:12:50.584] [bmv2] [D] [thread 11337] [13.0] [cxt 0] Parser 'parser': start
[09:12:50.584] [bmv2] [D] [thread 11337] [13.0] [cxt 0] Parser 'parser' entering state 'start'
[09:12:50.584] [bmv2] [D] [thread 11337] [13.0] [cxt 0] Extracting header 'ethernet'
[09:12:50.584] [bmv2] [D] [thread 11337] [13.0] [cxt 0] Parser state 'start': key is 86dd
[09:12:50.584] [bmv2] [T] [thread 11337] [13.0] [cxt 0] Bytes parsed: 14
[09:12:50.584] [bmv2] [D] [thread 11337] [13.0] [cxt 0] Parser 'parser': end
[09:12:50.584] [bmv2] [D] [thread 11337] [13.0] [cxt 0] Pipeline 'ingress': start
[09:12:50.584] [bmv2] [T] [thread 11337] [13.0] [cxt 0] Applying table 'MyIngress.ipv4_forward'
[09:12:50.584] [bmv2] [D] [thread 11337] [13.0] [cxt 0] Looking up key:
* hdr.ipv4.dstAddr    : 00000000

[09:12:50.584] [bmv2] [D] [thread 11337] [13.0] [cxt 0] Table 'MyIngress.ipv4_forward': miss
[09:12:50.584] [bmv2] [D] [thread 11337] [13.0] [cxt 0] Action entry is MyIngress.drop - 
[09:12:50.584] [bmv2] [T] [thread 11337] [13.0] [cxt 0] Action MyIngress.drop
[09:12:50.584] [bmv2] [T] [thread 11337] [13.0] [cxt 0] straggler.p4(155) Primitive mark_to_drop(standard_metadata)
[09:12:50.584] [bmv2] [T] [thread 11337] [13.0] [cxt 0] straggler.p4(284) Condition "hdr.collective.isValid()" (node_3) is false
[09:12:50.584] [bmv2] [D] [thread 11337] [13.0] [cxt 0] Pipeline 'ingress': end
[09:12:50.584] [bmv2] [D] [thread 11337] [13.0] [cxt 0] Egress port is 511
[09:12:50.584] [bmv2] [D] [thread 11337] [13.0] [cxt 0] Dropping packet at the end of ingress
[09:12:50.584] [bmv2] [D] [thread 11337] [14.0] [cxt 0] Processing packet received on port 1
[09:12:50.584] [bmv2] [D] [thread 11337] [14.0] [cxt 0] Parser 'parser': start
[09:12:50.584] [bmv2] [D] [thread 11337] [14.0] [cxt 0] Parser 'parser' entering state 'start'
[09:12:50.584] [bmv2] [D] [thread 11337] [14.0] [cxt 0] Extracting header 'ethernet'
[09:12:50.584] [bmv2] [D] [thread 11337] [14.0] [cxt 0] Parser state 'start': key is 86dd
[09:12:50.584] [bmv2] [T] [thread 11337] [14.0] [cxt 0] Bytes parsed: 14
[09:12:50.584] [bmv2] [D] [thread 11337] [14.0] [cxt 0] Parser 'parser': end
[09:12:50.584] [bmv2] [D] [thread 11337] [14.0] [cxt 0] Pipeline 'ingress': start
[09:12:50.584] [bmv2] [T] [thread 11337] [14.0] [cxt 0] Applying table 'MyIngress.ipv4_forward'
[09:12:50.584] [bmv2] [D] [thread 11337] [14.0] [cxt 0] Looking up key:
* hdr.ipv4.dstAddr    : 00000000

[09:12:50.584] [bmv2] [D] [thread 11337] [14.0] [cxt 0] Table 'MyIngress.ipv4_forward': miss
[09:12:50.584] [bmv2] [D] [thread 11337] [14.0] [cxt 0] Action entry is MyIngress.drop - 
[09:12:50.584] [bmv2] [T] [thread 11337] [14.0] [cxt 0] Action MyIngress.drop
[09:12:50.584] [bmv2] [T] [thread 11337] [14.0] [cxt 0] straggler.p4(155) Primitive mark_to_drop(standard_metadata)
[09:12:50.584] [bmv2] [T] [thread 11337] [14.0] [cxt 0] straggler.p4(284) Condition "hdr.collective.isValid()" (node_3) is false
[09:12:50.584] [bmv2] [D] [thread 11337] [14.0] [cxt 0] Pipeline 'ingress': end
[09:12:50.584] [bmv2] [D] [thread 11337] [14.0] [cxt 0] Egress port is 511
[09:12:50.584] [bmv2] [D] [thread 11337] [14.0] [cxt 0] Dropping packet at the end of ingress
[09:12:50.587] [bmv2] [D] [thread 11337] [15.0] [cxt 0] Processing packet received on port 1
[09:12:50.587] [bmv2] [D] [thread 11337] [15.0] [cxt 0] Parser 'parser': start
[09:12:50.587] [bmv2] [D] [thread 11337] [15.0] [cxt 0] Parser 'parser' entering state 'start'
[09:12:50.587] [bmv2] [D] [thread 11337] [15.0] [cxt 0] Extracting header 'ethernet'
[09:12:50.587] [bmv2] [D] [thread 11337] [15.0] [cxt 0] Parser state 'start': key is 86dd
[09:12:50.587] [bmv2] [T] [thread 11337] [15.0] [cxt 0] Bytes parsed: 14
[09:12:50.587] [bmv2] [D] [thread 11337] [15.0] [cxt 0] Parser 'parser': end
[09:12:50.587] [bmv2] [D] [thread 11337] [15.0] [cxt 0] Pipeline 'ingress': start
[09:12:50.587] [bmv2] [T] [thread 11337] [15.0] [cxt 0] Applying table 'MyIngress.ipv4_forward'
[09:12:50.587] [bmv2] [D] [thread 11337] [15.0] [cxt 0] Looking up key:
* hdr.ipv4.dstAddr    : 00000000

[09:12:50.587] [bmv2] [D] [thread 11337] [15.0] [cxt 0] Table 'MyIngress.ipv4_forward': miss
[09:12:50.587] [bmv2] [D] [thread 11337] [15.0] [cxt 0] Action entry is MyIngress.drop - 
[09:12:50.587] [bmv2] [T] [thread 11337] [15.0] [cxt 0] Action MyIngress.drop
[09:12:50.587] [bmv2] [T] [thread 11337] [15.0] [cxt 0] straggler.p4(155) Primitive mark_to_drop(standard_metadata)
[09:12:50.587] [bmv2] [T] [thread 11337] [15.0] [cxt 0] straggler.p4(284) Condition "hdr.collective.isValid()" (node_3) is false
[09:12:50.587] [bmv2] [D] [thread 11337] [15.0] [cxt 0] Pipeline 'ingress': end
[09:12:50.587] [bmv2] [D] [thread 11337] [15.0] [cxt 0] Egress port is 511
[09:12:50.587] [bmv2] [D] [thread 11337] [15.0] [cxt 0] Dropping packet at the end of ingress
[09:12:50.627] [bmv2] [D] [thread 11337] [16.0] [cxt 0] Processing packet received on port 3
[09:12:50.627] [bmv2] [D] [thread 11337] [16.0] [cxt 0] Parser 'parser': start
[09:12:50.627] [bmv2] [D] [thread 11337] [16.0] [cxt 0] Parser 'parser' entering state 'start'
[09:12:50.627] [bmv2] [D] [thread 11337] [16.0] [cxt 0] Extracting header 'ethernet'
[09:12:50.627] [bmv2] [D] [thread 11337] [16.0] [cxt 0] Parser state 'start': key is 86dd
[09:12:50.627] [bmv2] [T] [thread 11337] [16.0] [cxt 0] Bytes parsed: 14
[09:12:50.627] [bmv2] [D] [thread 11337] [16.0] [cxt 0] Parser 'parser': end
[09:12:50.627] [bmv2] [D] [thread 11337] [16.0] [cxt 0] Pipeline 'ingress': start
[09:12:50.627] [bmv2] [T] [thread 11337] [16.0] [cxt 0] Applying table 'MyIngress.ipv4_forward'
[09:12:50.627] [bmv2] [D] [thread 11337] [16.0] [cxt 0] Looking up key:
* hdr.ipv4.dstAddr    : 00000000

[09:12:50.627] [bmv2] [D] [thread 11337] [16.0] [cxt 0] Table 'MyIngress.ipv4_forward': miss
[09:12:50.627] [bmv2] [D] [thread 11337] [16.0] [cxt 0] Action entry is MyIngress.drop - 
[09:12:50.627] [bmv2] [T] [thread 11337] [16.0] [cxt 0] Action MyIngress.drop
[09:12:50.627] [bmv2] [T] [thread 11337] [16.0] [cxt 0] straggler.p4(155) Primitive mark_to_drop(standard_metadata)
[09:12:50.627] [bmv2] [T] [thread 11337] [16.0] [cxt 0] straggler.p4(284) Condition "hdr.collective.isValid()" (node_3) is false
[09:12:50.627] [bmv2] [D] [thread 11337] [16.0] [cxt 0] Pipeline 'ingress': end
[09:12:50.627] [bmv2] [D] [thread 11337] [16.0] [cxt 0] Egress port is 511
[09:12:50.627] [bmv2] [D] [thread 11337] [16.0] [cxt 0] Dropping packet at the end of ingress
[09:12:50.628] [bmv2] [D] [thread 11337] [17.0] [cxt 0] Processing packet received on port 3
[09:12:50.628] [bmv2] [D] [thread 11337] [17.0] [cxt 0] Parser 'parser': start
[09:12:50.628] [bmv2] [D] [thread 11337] [17.0] [cxt 0] Parser 'parser' entering state 'start'
[09:12:50.628] [bmv2] [D] [thread 11337] [17.0] [cxt 0] Extracting header 'ethernet'
[09:12:50.628] [bmv2] [D] [thread 11337] [17.0] [cxt 0] Parser state 'start': key is 86dd
[09:12:50.628] [bmv2] [T] [thread 11337] [17.0] [cxt 0] Bytes parsed: 14
[09:12:50.628] [bmv2] [D] [thread 11337] [17.0] [cxt 0] Parser 'parser': end
[09:12:50.628] [bmv2] [D] [thread 11337] [17.0] [cxt 0] Pipeline 'ingress': start
[09:12:50.628] [bmv2] [T] [thread 11337] [17.0] [cxt 0] Applying table 'MyIngress.ipv4_forward'
[09:12:50.628] [bmv2] [D] [thread 11337] [17.0] [cxt 0] Looking up key:
* hdr.ipv4.dstAddr    : 00000000

[09:12:50.628] [bmv2] [D] [thread 11337] [17.0] [cxt 0] Table 'MyIngress.ipv4_forward': miss
[09:12:50.628] [bmv2] [D] [thread 11337] [17.0] [cxt 0] Action entry is MyIngress.drop - 
[09:12:50.628] [bmv2] [T] [thread 11337] [17.0] [cxt 0] Action MyIngress.drop
[09:12:50.628] [bmv2] [T] [thread 11337] [17.0] [cxt 0] straggler.p4(155) Primitive mark_to_drop(standard_metadata)
[09:12:50.628] [bmv2] [T] [thread 11337] [17.0] [cxt 0] straggler.p4(284) Condition "hdr.collective.isValid()" (node_3) is false
[09:12:50.628] [bmv2] [D] [thread 11337] [17.0] [cxt 0] Pipeline 'ingress': end
[09:12:50.628] [bmv2] [D] [thread 11337] [17.0] [cxt 0] Egress port is 511
[09:12:50.628] [bmv2] [D] [thread 11337] [17.0] [cxt 0] Dropping packet at the end of ingress
[09:12:50.630] [bmv2] [D] [thread 11337] [18.0] [cxt 0] Processing packet received on port 3
[09:12:50.630] [bmv2] [D] [thread 11337] [18.0] [cxt 0] Parser 'parser': start
[09:12:50.630] [bmv2] [D] [thread 11337] [18.0] [cxt 0] Parser 'parser' entering state 'start'
[09:12:50.630] [bmv2] [D] [thread 11337] [18.0] [cxt 0] Extracting header 'ethernet'
[09:12:50.630] [bmv2] [D] [thread 11337] [18.0] [cxt 0] Parser state 'start': key is 86dd
[09:12:50.630] [bmv2] [T] [thread 11337] [18.0] [cxt 0] Bytes parsed: 14
[09:12:50.630] [bmv2] [D] [thread 11337] [18.0] [cxt 0] Parser 'parser': end
[09:12:50.630] [bmv2] [D] [thread 11337] [18.0] [cxt 0] Pipeline 'ingress': start
[09:12:50.630] [bmv2] [T] [thread 11337] [18.0] [cxt 0] Applying table 'MyIngress.ipv4_forward'
[09:12:50.630] [bmv2] [D] [thread 11337] [18.0] [cxt 0] Looking up key:
* hdr.ipv4.dstAddr    : 00000000

[09:12:50.630] [bmv2] [D] [thread 11337] [18.0] [cxt 0] Table 'MyIngress.ipv4_forward': miss
[09:12:50.630] [bmv2] [D] [thread 11337] [18.0] [cxt 0] Action entry is MyIngress.drop - 
[09:12:50.630] [bmv2] [T] [thread 11337] [18.0] [cxt 0] Action MyIngress.drop
[09:12:50.630] [bmv2] [T] [thread 11337] [18.0] [cxt 0] straggler.p4(155) Primitive mark_to_drop(standard_metadata)
[09:12:50.630] [bmv2] [T] [thread 11337] [18.0] [cxt 0] straggler.p4(284) Condition "hdr.collective.isValid()" (node_3) is false
[09:12:50.630] [bmv2] [D] [thread 11337] [18.0] [cxt 0] Pipeline 'ingress': end
[09:12:50.630] [bmv2] [D] [thread 11337] [18.0] [cxt 0] Egress port is 511
[09:12:50.630] [bmv2] [D] [thread 11337] [18.0] [cxt 0] Dropping packet at the end of ingress
[09:12:50.685] [bmv2] [D] [thread 11337] [19.0] [cxt 0] Processing packet received on port 1
[09:12:50.685] [bmv2] [D] [thread 11337] [19.0] [cxt 0] Parser 'parser': start
[09:12:50.685] [bmv2] [D] [thread 11337] [19.0] [cxt 0] Parser 'parser' entering state 'start'
[09:12:50.685] [bmv2] [D] [thread 11337] [19.0] [cxt 0] Extracting header 'ethernet'
[09:12:50.685] [bmv2] [D] [thread 11337] [19.0] [cxt 0] Parser state 'start': key is 86dd
[09:12:50.685] [bmv2] [T] [thread 11337] [19.0] [cxt 0] Bytes parsed: 14
[09:12:50.685] [bmv2] [D] [thread 11337] [19.0] [cxt 0] Parser 'parser': end
[09:12:50.685] [bmv2] [D] [thread 11337] [19.0] [cxt 0] Pipeline 'ingress': start
[09:12:50.685] [bmv2] [T] [thread 11337] [19.0] [cxt 0] Applying table 'MyIngress.ipv4_forward'
[09:12:50.685] [bmv2] [D] [thread 11337] [19.0] [cxt 0] Looking up key:
* hdr.ipv4.dstAddr    : 00000000

[09:12:50.685] [bmv2] [D] [thread 11337] [19.0] [cxt 0] Table 'MyIngress.ipv4_forward': miss
[09:12:50.685] [bmv2] [D] [thread 11337] [19.0] [cxt 0] Action entry is MyIngress.drop - 
[09:12:50.685] [bmv2] [T] [thread 11337] [19.0] [cxt 0] Action MyIngress.drop
[09:12:50.685] [bmv2] [T] [thread 11337] [19.0] [cxt 0] straggler.p4(155) Primitive mark_to_drop(standard_metadata)
[09:12:50.685] [bmv2] [T] [thread 11337] [19.0] [cxt 0] straggler.p4(284) Condition "hdr.collective.isValid()" (node_3) is false
[09:12:50.685] [bmv2] [D] [thread 11337] [19.0] [cxt 0] Pipeline 'ingress': end
[09:12:50.685] [bmv2] [D] [thread 11337] [19.0] [cxt 0] Egress port is 511
[09:12:50.685] [bmv2] [D] [thread 11337] [19.0] [cxt 0] Dropping packet at the end of ingress
[09:12:50.693] [bmv2] [D] [thread 11337] [20.0] [cxt 0] Processing packet received on port 2
[09:12:50.693] [bmv2] [D] [thread 11337] [20.0] [cxt 0] Parser 'parser': start
[09:12:50.693] [bmv2] [D] [thread 11337] [20.0] [cxt 0] Parser 'parser' entering state 'start'
[09:12:50.693] [bmv2] [D] [thread 11337] [20.0] [cxt 0] Extracting header 'ethernet'
[09:12:50.693] [bmv2] [D] [thread 11337] [20.0] [cxt 0] Parser state 'start': key is 86dd
[09:12:50.693] [bmv2] [T] [thread 11337] [20.0] [cxt 0] Bytes parsed: 14
[09:12:50.693] [bmv2] [D] [thread 11337] [20.0] [cxt 0] Parser 'parser': end
[09:12:50.693] [bmv2] [D] [thread 11337] [20.0] [cxt 0] Pipeline 'ingress': start
[09:12:50.693] [bmv2] [T] [thread 11337] [20.0] [cxt 0] Applying table 'MyIngress.ipv4_forward'
[09:12:50.693] [bmv2] [D] [thread 11337] [20.0] [cxt 0] Looking up key:
* hdr.ipv4.dstAddr    : 00000000

[09:12:50.693] [bmv2] [D] [thread 11337] [20.0] [cxt 0] Table 'MyIngress.ipv4_forward': miss
[09:12:50.693] [bmv2] [D] [thread 11337] [20.0] [cxt 0] Action entry is MyIngress.drop - 
[09:12:50.693] [bmv2] [T] [thread 11337] [20.0] [cxt 0] Action MyIngress.drop
[09:12:50.693] [bmv2] [T] [thread 11337] [20.0] [cxt 0] straggler.p4(155) Primitive mark_to_drop(standard_metadata)
[09:12:50.693] [bmv2] [T] [thread 11337] [20.0] [cxt 0] straggler.p4(284) Condition "hdr.collective.isValid()" (node_3) is false
[09:12:50.693] [bmv2] [D] [thread 11337] [20.0] [cxt 0] Pipeline 'ingress': end
[09:12:50.693] [bmv2] [D] [thread 11337] [20.0] [cxt 0] Egress port is 511
[09:12:50.693] [bmv2] [D] [thread 11337] [20.0] [cxt 0] Dropping packet at the end of ingress
[09:12:50.693] [bmv2] [D] [thread 11337] [21.0] [cxt 0] Processing packet received on port 2
[09:12:50.693] [bmv2] [D] [thread 11337] [21.0] [cxt 0] Parser 'parser': start
[09:12:50.693] [bmv2] [D] [thread 11337] [21.0] [cxt 0] Parser 'parser' entering state 'start'
[09:12:50.693] [bmv2] [D] [thread 11337] [21.0] [cxt 0] Extracting header 'ethernet'
[09:12:50.693] [bmv2] [D] [thread 11337] [21.0] [cxt 0] Parser state 'start': key is 86dd
[09:12:50.693] [bmv2] [T] [thread 11337] [21.0] [cxt 0] Bytes parsed: 14
[09:12:50.693] [bmv2] [D] [thread 11337] [21.0] [cxt 0] Parser 'parser': end
[09:12:50.693] [bmv2] [D] [thread 11337] [21.0] [cxt 0] Pipeline 'ingress': start
[09:12:50.693] [bmv2] [T] [thread 11337] [21.0] [cxt 0] Applying table 'MyIngress.ipv4_forward'
[09:12:50.693] [bmv2] [D] [thread 11337] [21.0] [cxt 0] Looking up key:
* hdr.ipv4.dstAddr    : 00000000

[09:12:50.693] [bmv2] [D] [thread 11337] [21.0] [cxt 0] Table 'MyIngress.ipv4_forward': miss
[09:12:50.693] [bmv2] [D] [thread 11337] [21.0] [cxt 0] Action entry is MyIngress.drop - 
[09:12:50.693] [bmv2] [T] [thread 11337] [21.0] [cxt 0] Action MyIngress.drop
[09:12:50.693] [bmv2] [T] [thread 11337] [21.0] [cxt 0] straggler.p4(155) Primitive mark_to_drop(standard_metadata)
[09:12:50.693] [bmv2] [T] [thread 11337] [21.0] [cxt 0] straggler.p4(284) Condition "hdr.collective.isValid()" (node_3) is false
[09:12:50.693] [bmv2] [D] [thread 11337] [21.0] [cxt 0] Pipeline 'ingress': end
[09:12:50.693] [bmv2] [D] [thread 11337] [21.0] [cxt 0] Egress port is 511
[09:12:50.693] [bmv2] [D] [thread 11337] [21.0] [cxt 0] Dropping packet at the end of ingress
[09:12:50.695] [bmv2] [D] [thread 11337] [22.0] [cxt 0] Processing packet received on port 2
[09:12:50.695] [bmv2] [D] [thread 11337] [22.0] [cxt 0] Parser 'parser': start
[09:12:50.695] [bmv2] [D] [thread 11337] [22.0] [cxt 0] Parser 'parser' entering state 'start'
[09:12:50.695] [bmv2] [D] [thread 11337] [22.0] [cxt 0] Extracting header 'ethernet'
[09:12:50.695] [bmv2] [D] [thread 11337] [22.0] [cxt 0] Parser state 'start': key is 86dd
[09:12:50.695] [bmv2] [T] [thread 11337] [22.0] [cxt 0] Bytes parsed: 14
[09:12:50.695] [bmv2] [D] [thread 11337] [22.0] [cxt 0] Parser 'parser': end
[09:12:50.695] [bmv2] [D] [thread 11337] [22.0] [cxt 0] Pipeline 'ingress': start
[09:12:50.695] [bmv2] [T] [thread 11337] [22.0] [cxt 0] Applying table 'MyIngress.ipv4_forward'
[09:12:50.695] [bmv2] [D] [thread 11337] [22.0] [cxt 0] Looking up key:
* hdr.ipv4.dstAddr    : 00000000

[09:12:50.695] [bmv2] [D] [thread 11337] [22.0] [cxt 0] Table 'MyIngress.ipv4_forward': miss
[09:12:50.695] [bmv2] [D] [thread 11337] [22.0] [cxt 0] Action entry is MyIngress.drop - 
[09:12:50.695] [bmv2] [T] [thread 11337] [22.0] [cxt 0] Action MyIngress.drop
[09:12:50.695] [bmv2] [T] [thread 11337] [22.0] [cxt 0] straggler.p4(155) Primitive mark_to_drop(standard_metadata)
[09:12:50.695] [bmv2] [T] [thread 11337] [22.0] [cxt 0] straggler.p4(284) Condition "hdr.collective.isValid()" (node_3) is false
[09:12:50.695] [bmv2] [D] [thread 11337] [22.0] [cxt 0] Pipeline 'ingress': end
[09:12:50.695] [bmv2] [D] [thread 11337] [22.0] [cxt 0] Egress port is 511
[09:12:50.695] [bmv2] [D] [thread 11337] [22.0] [cxt 0] Dropping packet at the end of ingress
[09:12:50.699] [bmv2] [D] [thread 11337] [23.0] [cxt 0] Processing packet received on port 3
[09:12:50.699] [bmv2] [D] [thread 11337] [23.0] [cxt 0] Parser 'parser': start
[09:12:50.699] [bmv2] [D] [thread 11337] [23.0] [cxt 0] Parser 'parser' entering state 'start'
[09:12:50.699] [bmv2] [D] [thread 11337] [23.0] [cxt 0] Extracting header 'ethernet'
[09:12:50.699] [bmv2] [D] [thread 11337] [23.0] [cxt 0] Parser state 'start': key is 86dd
[09:12:50.699] [bmv2] [T] [thread 11337] [23.0] [cxt 0] Bytes parsed: 14
[09:12:50.699] [bmv2] [D] [thread 11337] [23.0] [cxt 0] Parser 'parser': end
[09:12:50.699] [bmv2] [D] [thread 11337] [23.0] [cxt 0] Pipeline 'ingress': start
[09:12:50.699] [bmv2] [T] [thread 11337] [23.0] [cxt 0] Applying table 'MyIngress.ipv4_forward'
[09:12:50.699] [bmv2] [D] [thread 11337] [23.0] [cxt 0] Looking up key:
* hdr.ipv4.dstAddr    : 00000000

[09:12:50.699] [bmv2] [D] [thread 11337] [23.0] [cxt 0] Table 'MyIngress.ipv4_forward': miss
[09:12:50.700] [bmv2] [D] [thread 11337] [23.0] [cxt 0] Action entry is MyIngress.drop - 
[09:12:50.700] [bmv2] [T] [thread 11337] [23.0] [cxt 0] Action MyIngress.drop
[09:12:50.700] [bmv2] [T] [thread 11337] [23.0] [cxt 0] straggler.p4(155) Primitive mark_to_drop(standard_metadata)
[09:12:50.700] [bmv2] [T] [thread 11337] [23.0] [cxt 0] straggler.p4(284) Condition "hdr.collective.isValid()" (node_3) is false
[09:12:50.700] [bmv2] [D] [thread 11337] [23.0] [cxt 0] Pipeline 'ingress': end
[09:12:50.700] [bmv2] [D] [thread 11337] [23.0] [cxt 0] Egress port is 511
[09:12:50.700] [bmv2] [D] [thread 11337] [23.0] [cxt 0] Dropping packet at the end of ingress
[09:12:50.724] [bmv2] [D] [thread 11337] [24.0] [cxt 0] Processing packet received on port 1
[09:12:50.724] [bmv2] [D] [thread 11337] [24.0] [cxt 0] Parser 'parser': start
[09:12:50.724] [bmv2] [D] [thread 11337] [24.0] [cxt 0] Parser 'parser' entering state 'start'
[09:12:50.724] [bmv2] [D] [thread 11337] [24.0] [cxt 0] Extracting header 'ethernet'
[09:12:50.724] [bmv2] [D] [thread 11337] [24.0] [cxt 0] Parser state 'start': key is 86dd
[09:12:50.724] [bmv2] [T] [thread 11337] [24.0] [cxt 0] Bytes parsed: 14
[09:12:50.724] [bmv2] [D] [thread 11337] [24.0] [cxt 0] Parser 'parser': end
[09:12:50.724] [bmv2] [D] [thread 11337] [24.0] [cxt 0] Pipeline 'ingress': start
[09:12:50.724] [bmv2] [T] [thread 11337] [24.0] [cxt 0] Applying table 'MyIngress.ipv4_forward'
[09:12:50.724] [bmv2] [D] [thread 11337] [24.0] [cxt 0] Looking up key:
* hdr.ipv4.dstAddr    : 00000000

[09:12:50.724] [bmv2] [D] [thread 11337] [24.0] [cxt 0] Table 'MyIngress.ipv4_forward': miss
[09:12:50.724] [bmv2] [D] [thread 11337] [24.0] [cxt 0] Action entry is MyIngress.drop - 
[09:12:50.724] [bmv2] [T] [thread 11337] [24.0] [cxt 0] Action MyIngress.drop
[09:12:50.724] [bmv2] [T] [thread 11337] [24.0] [cxt 0] straggler.p4(155) Primitive mark_to_drop(standard_metadata)
[09:12:50.724] [bmv2] [T] [thread 11337] [24.0] [cxt 0] straggler.p4(284) Condition "hdr.collective.isValid()" (node_3) is false
[09:12:50.724] [bmv2] [D] [thread 11337] [24.0] [cxt 0] Pipeline 'ingress': end
[09:12:50.724] [bmv2] [D] [thread 11337] [24.0] [cxt 0] Egress port is 511
[09:12:50.724] [bmv2] [D] [thread 11337] [24.0] [cxt 0] Dropping packet at the end of ingress
[09:12:50.728] [bmv2] [D] [thread 11337] [25.0] [cxt 0] Processing packet received on port 3
[09:12:50.728] [bmv2] [D] [thread 11337] [25.0] [cxt 0] Parser 'parser': start
[09:12:50.728] [bmv2] [D] [thread 11337] [25.0] [cxt 0] Parser 'parser' entering state 'start'
[09:12:50.728] [bmv2] [D] [thread 11337] [25.0] [cxt 0] Extracting header 'ethernet'
[09:12:50.728] [bmv2] [D] [thread 11337] [25.0] [cxt 0] Parser state 'start': key is 86dd
[09:12:50.728] [bmv2] [T] [thread 11337] [25.0] [cxt 0] Bytes parsed: 14
[09:12:50.728] [bmv2] [D] [thread 11337] [25.0] [cxt 0] Parser 'parser': end
[09:12:50.728] [bmv2] [D] [thread 11337] [25.0] [cxt 0] Pipeline 'ingress': start
[09:12:50.728] [bmv2] [T] [thread 11337] [25.0] [cxt 0] Applying table 'MyIngress.ipv4_forward'
[09:12:50.728] [bmv2] [D] [thread 11337] [25.0] [cxt 0] Looking up key:
* hdr.ipv4.dstAddr    : 00000000

[09:12:50.728] [bmv2] [D] [thread 11337] [25.0] [cxt 0] Table 'MyIngress.ipv4_forward': miss
[09:12:50.728] [bmv2] [D] [thread 11337] [25.0] [cxt 0] Action entry is MyIngress.drop - 
[09:12:50.728] [bmv2] [T] [thread 11337] [25.0] [cxt 0] Action MyIngress.drop
[09:12:50.728] [bmv2] [T] [thread 11337] [25.0] [cxt 0] straggler.p4(155) Primitive mark_to_drop(standard_metadata)
[09:12:50.728] [bmv2] [T] [thread 11337] [25.0] [cxt 0] straggler.p4(284) Condition "hdr.collective.isValid()" (node_3) is false
[09:12:50.728] [bmv2] [D] [thread 11337] [25.0] [cxt 0] Pipeline 'ingress': end
[09:12:50.728] [bmv2] [D] [thread 11337] [25.0] [cxt 0] Egress port is 511
[09:12:50.728] [bmv2] [D] [thread 11337] [25.0] [cxt 0] Dropping packet at the end of ingress
[09:12:50.743] [bmv2] [D] [thread 11337] [26.0] [cxt 0] Processing packet received on port 1
[09:12:50.743] [bmv2] [D] [thread 11337] [26.0] [cxt 0] Parser 'parser': start
[09:12:50.743] [bmv2] [D] [thread 11337] [26.0] [cxt 0] Parser 'parser' entering state 'start'
[09:12:50.743] [bmv2] [D] [thread 11337] [26.0] [cxt 0] Extracting header 'ethernet'
[09:12:50.743] [bmv2] [D] [thread 11337] [26.0] [cxt 0] Parser state 'start': key is 86dd
[09:12:50.743] [bmv2] [T] [thread 11337] [26.0] [cxt 0] Bytes parsed: 14
[09:12:50.743] [bmv2] [D] [thread 11337] [26.0] [cxt 0] Parser 'parser': end
[09:12:50.743] [bmv2] [D] [thread 11337] [26.0] [cxt 0] Pipeline 'ingress': start
[09:12:50.743] [bmv2] [T] [thread 11337] [26.0] [cxt 0] Applying table 'MyIngress.ipv4_forward'
[09:12:50.743] [bmv2] [D] [thread 11337] [26.0] [cxt 0] Looking up key:
* hdr.ipv4.dstAddr    : 00000000

[09:12:50.743] [bmv2] [D] [thread 11337] [26.0] [cxt 0] Table 'MyIngress.ipv4_forward': miss
[09:12:50.743] [bmv2] [D] [thread 11337] [26.0] [cxt 0] Action entry is MyIngress.drop - 
[09:12:50.743] [bmv2] [T] [thread 11337] [26.0] [cxt 0] Action MyIngress.drop
[09:12:50.743] [bmv2] [T] [thread 11337] [26.0] [cxt 0] straggler.p4(155) Primitive mark_to_drop(standard_metadata)
[09:12:50.743] [bmv2] [T] [thread 11337] [26.0] [cxt 0] straggler.p4(284) Condition "hdr.collective.isValid()" (node_3) is false
[09:12:50.743] [bmv2] [D] [thread 11337] [26.0] [cxt 0] Pipeline 'ingress': end
[09:12:50.743] [bmv2] [D] [thread 11337] [26.0] [cxt 0] Egress port is 511
[09:12:50.743] [bmv2] [D] [thread 11337] [26.0] [cxt 0] Dropping packet at the end of ingress
[09:12:50.768] [bmv2] [D] [thread 11337] [27.0] [cxt 0] Processing packet received on port 3
[09:12:50.768] [bmv2] [D] [thread 11337] [27.0] [cxt 0] Parser 'parser': start
[09:12:50.768] [bmv2] [D] [thread 11337] [27.0] [cxt 0] Parser 'parser' entering state 'start'
[09:12:50.768] [bmv2] [D] [thread 11337] [27.0] [cxt 0] Extracting header 'ethernet'
[09:12:50.768] [bmv2] [D] [thread 11337] [27.0] [cxt 0] Parser state 'start': key is 86dd
[09:12:50.768] [bmv2] [T] [thread 11337] [27.0] [cxt 0] Bytes parsed: 14
[09:12:50.768] [bmv2] [D] [thread 11337] [27.0] [cxt 0] Parser 'parser': end
[09:12:50.768] [bmv2] [D] [thread 11337] [27.0] [cxt 0] Pipeline 'ingress': start
[09:12:50.768] [bmv2] [T] [thread 11337] [27.0] [cxt 0] Applying table 'MyIngress.ipv4_forward'
[09:12:50.768] [bmv2] [D] [thread 11337] [27.0] [cxt 0] Looking up key:
* hdr.ipv4.dstAddr    : 00000000

[09:12:50.768] [bmv2] [D] [thread 11337] [27.0] [cxt 0] Table 'MyIngress.ipv4_forward': miss
[09:12:50.768] [bmv2] [D] [thread 11337] [27.0] [cxt 0] Action entry is MyIngress.drop - 
[09:12:50.768] [bmv2] [T] [thread 11337] [27.0] [cxt 0] Action MyIngress.drop
[09:12:50.768] [bmv2] [T] [thread 11337] [27.0] [cxt 0] straggler.p4(155) Primitive mark_to_drop(standard_metadata)
[09:12:50.768] [bmv2] [T] [thread 11337] [27.0] [cxt 0] straggler.p4(284) Condition "hdr.collective.isValid()" (node_3) is false
[09:12:50.768] [bmv2] [D] [thread 11337] [27.0] [cxt 0] Pipeline 'ingress': end
[09:12:50.768] [bmv2] [D] [thread 11337] [27.0] [cxt 0] Egress port is 511
[09:12:50.768] [bmv2] [D] [thread 11337] [27.0] [cxt 0] Dropping packet at the end of ingress
[09:12:50.792] [bmv2] [D] [thread 11337] [28.0] [cxt 0] Processing packet received on port 2
[09:12:50.792] [bmv2] [D] [thread 11337] [28.0] [cxt 0] Parser 'parser': start
[09:12:50.792] [bmv2] [D] [thread 11337] [28.0] [cxt 0] Parser 'parser' entering state 'start'
[09:12:50.792] [bmv2] [D] [thread 11337] [28.0] [cxt 0] Extracting header 'ethernet'
[09:12:50.792] [bmv2] [D] [thread 11337] [28.0] [cxt 0] Parser state 'start': key is 86dd
[09:12:50.792] [bmv2] [T] [thread 11337] [28.0] [cxt 0] Bytes parsed: 14
[09:12:50.792] [bmv2] [D] [thread 11337] [28.0] [cxt 0] Parser 'parser': end
[09:12:50.792] [bmv2] [D] [thread 11337] [28.0] [cxt 0] Pipeline 'ingress': start
[09:12:50.792] [bmv2] [T] [thread 11337] [28.0] [cxt 0] Applying table 'MyIngress.ipv4_forward'
[09:12:50.792] [bmv2] [D] [thread 11337] [28.0] [cxt 0] Looking up key:
* hdr.ipv4.dstAddr    : 00000000

[09:12:50.792] [bmv2] [D] [thread 11337] [28.0] [cxt 0] Table 'MyIngress.ipv4_forward': miss
[09:12:50.792] [bmv2] [D] [thread 11337] [28.0] [cxt 0] Action entry is MyIngress.drop - 
[09:12:50.792] [bmv2] [T] [thread 11337] [28.0] [cxt 0] Action MyIngress.drop
[09:12:50.792] [bmv2] [T] [thread 11337] [28.0] [cxt 0] straggler.p4(155) Primitive mark_to_drop(standard_metadata)
[09:12:50.792] [bmv2] [T] [thread 11337] [28.0] [cxt 0] straggler.p4(284) Condition "hdr.collective.isValid()" (node_3) is false
[09:12:50.792] [bmv2] [D] [thread 11337] [28.0] [cxt 0] Pipeline 'ingress': end
[09:12:50.792] [bmv2] [D] [thread 11337] [28.0] [cxt 0] Egress port is 511
[09:12:50.792] [bmv2] [D] [thread 11337] [28.0] [cxt 0] Dropping packet at the end of ingress
[09:12:50.827] [bmv2] [D] [thread 11337] [29.0] [cxt 0] Processing packet received on port 4
[09:12:50.827] [bmv2] [D] [thread 11337] [29.0] [cxt 0] Parser 'parser': start
[09:12:50.827] [bmv2] [D] [thread 11337] [29.0] [cxt 0] Parser 'parser' entering state 'start'
[09:12:50.827] [bmv2] [D] [thread 11337] [29.0] [cxt 0] Extracting header 'ethernet'
[09:12:50.827] [bmv2] [D] [thread 11337] [29.0] [cxt 0] Parser state 'start': key is 86dd
[09:12:50.827] [bmv2] [T] [thread 11337] [29.0] [cxt 0] Bytes parsed: 14
[09:12:50.827] [bmv2] [D] [thread 11337] [29.0] [cxt 0] Parser 'parser': end
[09:12:50.827] [bmv2] [D] [thread 11337] [29.0] [cxt 0] Pipeline 'ingress': start
[09:12:50.827] [bmv2] [T] [thread 11337] [29.0] [cxt 0] Applying table 'MyIngress.ipv4_forward'
[09:12:50.827] [bmv2] [D] [thread 11337] [29.0] [cxt 0] Looking up key:
* hdr.ipv4.dstAddr    : 00000000

[09:12:50.827] [bmv2] [D] [thread 11337] [29.0] [cxt 0] Table 'MyIngress.ipv4_forward': miss
[09:12:50.827] [bmv2] [D] [thread 11337] [29.0] [cxt 0] Action entry is MyIngress.drop - 
[09:12:50.827] [bmv2] [T] [thread 11337] [29.0] [cxt 0] Action MyIngress.drop
[09:12:50.827] [bmv2] [T] [thread 11337] [29.0] [cxt 0] straggler.p4(155) Primitive mark_to_drop(standard_metadata)
[09:12:50.827] [bmv2] [T] [thread 11337] [29.0] [cxt 0] straggler.p4(284) Condition "hdr.collective.isValid()" (node_3) is false
[09:12:50.827] [bmv2] [D] [thread 11337] [29.0] [cxt 0] Pipeline 'ingress': end
[09:12:50.827] [bmv2] [D] [thread 11337] [29.0] [cxt 0] Egress port is 511
[09:12:50.827] [bmv2] [D] [thread 11337] [29.0] [cxt 0] Dropping packet at the end of ingress
[09:12:50.833] [bmv2] [D] [thread 11337] [30.0] [cxt 0] Processing packet received on port 2
[09:12:50.833] [bmv2] [D] [thread 11337] [30.0] [cxt 0] Parser 'parser': start
[09:12:50.833] [bmv2] [D] [thread 11337] [30.0] [cxt 0] Parser 'parser' entering state 'start'
[09:12:50.833] [bmv2] [D] [thread 11337] [30.0] [cxt 0] Extracting header 'ethernet'
[09:12:50.833] [bmv2] [D] [thread 11337] [30.0] [cxt 0] Parser state 'start': key is 86dd
[09:12:50.833] [bmv2] [T] [thread 11337] [30.0] [cxt 0] Bytes parsed: 14
[09:12:50.833] [bmv2] [D] [thread 11337] [30.0] [cxt 0] Parser 'parser': end
[09:12:50.833] [bmv2] [D] [thread 11337] [30.0] [cxt 0] Pipeline 'ingress': start
[09:12:50.833] [bmv2] [T] [thread 11337] [30.0] [cxt 0] Applying table 'MyIngress.ipv4_forward'
[09:12:50.833] [bmv2] [D] [thread 11337] [30.0] [cxt 0] Looking up key:
* hdr.ipv4.dstAddr    : 00000000

[09:12:50.833] [bmv2] [D] [thread 11337] [30.0] [cxt 0] Table 'MyIngress.ipv4_forward': miss
[09:12:50.833] [bmv2] [D] [thread 11337] [30.0] [cxt 0] Action entry is MyIngress.drop - 
[09:12:50.833] [bmv2] [T] [thread 11337] [30.0] [cxt 0] Action MyIngress.drop
[09:12:50.833] [bmv2] [T] [thread 11337] [30.0] [cxt 0] straggler.p4(155) Primitive mark_to_drop(standard_metadata)
[09:12:50.833] [bmv2] [T] [thread 11337] [30.0] [cxt 0] straggler.p4(284) Condition "hdr.collective.isValid()" (node_3) is false
[09:12:50.833] [bmv2] [D] [thread 11337] [30.0] [cxt 0] Pipeline 'ingress': end
[09:12:50.833] [bmv2] [D] [thread 11337] [30.0] [cxt 0] Egress port is 511
[09:12:50.833] [bmv2] [D] [thread 11337] [30.0] [cxt 0] Dropping packet at the end of ingress
[09:12:50.859] [bmv2] [D] [thread 11337] [31.0] [cxt 0] Processing packet received on port 3
[09:12:50.859] [bmv2] [D] [thread 11337] [31.0] [cxt 0] Parser 'parser': start
[09:12:50.859] [bmv2] [D] [thread 11337] [31.0] [cxt 0] Parser 'parser' entering state 'start'
[09:12:50.859] [bmv2] [D] [thread 11337] [31.0] [cxt 0] Extracting header 'ethernet'
[09:12:50.859] [bmv2] [D] [thread 11337] [31.0] [cxt 0] Parser state 'start': key is 86dd
[09:12:50.859] [bmv2] [T] [thread 11337] [31.0] [cxt 0] Bytes parsed: 14
[09:12:50.859] [bmv2] [D] [thread 11337] [31.0] [cxt 0] Parser 'parser': end
[09:12:50.859] [bmv2] [D] [thread 11337] [31.0] [cxt 0] Pipeline 'ingress': start
[09:12:50.859] [bmv2] [T] [thread 11337] [31.0] [cxt 0] Applying table 'MyIngress.ipv4_forward'
[09:12:50.859] [bmv2] [D] [thread 11337] [31.0] [cxt 0] Looking up key:
* hdr.ipv4.dstAddr    : 00000000

[09:12:50.859] [bmv2] [D] [thread 11337] [31.0] [cxt 0] Table 'MyIngress.ipv4_forward': miss
[09:12:50.859] [bmv2] [D] [thread 11337] [31.0] [cxt 0] Action entry is MyIngress.drop - 
[09:12:50.859] [bmv2] [T] [thread 11337] [31.0] [cxt 0] Action MyIngress.drop
[09:12:50.859] [bmv2] [T] [thread 11337] [31.0] [cxt 0] straggler.p4(155) Primitive mark_to_drop(standard_metadata)
[09:12:50.859] [bmv2] [T] [thread 11337] [31.0] [cxt 0] straggler.p4(284) Condition "hdr.collective.isValid()" (node_3) is false
[09:12:50.859] [bmv2] [D] [thread 11337] [31.0] [cxt 0] Pipeline 'ingress': end
[09:12:50.859] [bmv2] [D] [thread 11337] [31.0] [cxt 0] Egress port is 511
[09:12:50.859] [bmv2] [D] [thread 11337] [31.0] [cxt 0] Dropping packet at the end of ingress
[09:12:50.951] [bmv2] [D] [thread 11337] [32.0] [cxt 0] Processing packet received on port 3
[09:12:50.951] [bmv2] [D] [thread 11337] [32.0] [cxt 0] Parser 'parser': start
[09:12:50.951] [bmv2] [D] [thread 11337] [32.0] [cxt 0] Parser 'parser' entering state 'start'
[09:12:50.951] [bmv2] [D] [thread 11337] [32.0] [cxt 0] Extracting header 'ethernet'
[09:12:50.951] [bmv2] [D] [thread 11337] [32.0] [cxt 0] Parser state 'start': key is 86dd
[09:12:50.951] [bmv2] [T] [thread 11337] [32.0] [cxt 0] Bytes parsed: 14
[09:12:50.951] [bmv2] [D] [thread 11337] [32.0] [cxt 0] Parser 'parser': end
[09:12:50.951] [bmv2] [D] [thread 11337] [32.0] [cxt 0] Pipeline 'ingress': start
[09:12:50.951] [bmv2] [T] [thread 11337] [32.0] [cxt 0] Applying table 'MyIngress.ipv4_forward'
[09:12:50.951] [bmv2] [D] [thread 11337] [32.0] [cxt 0] Looking up key:
* hdr.ipv4.dstAddr    : 00000000

[09:12:50.951] [bmv2] [D] [thread 11337] [32.0] [cxt 0] Table 'MyIngress.ipv4_forward': miss
[09:12:50.951] [bmv2] [D] [thread 11337] [32.0] [cxt 0] Action entry is MyIngress.drop - 
[09:12:50.951] [bmv2] [T] [thread 11337] [32.0] [cxt 0] Action MyIngress.drop
[09:12:50.951] [bmv2] [T] [thread 11337] [32.0] [cxt 0] straggler.p4(155) Primitive mark_to_drop(standard_metadata)
[09:12:50.951] [bmv2] [T] [thread 11337] [32.0] [cxt 0] straggler.p4(284) Condition "hdr.collective.isValid()" (node_3) is false
[09:12:50.951] [bmv2] [D] [thread 11337] [32.0] [cxt 0] Pipeline 'ingress': end
[09:12:50.951] [bmv2] [D] [thread 11337] [32.0] [cxt 0] Egress port is 511
[09:12:50.951] [bmv2] [D] [thread 11337] [32.0] [cxt 0] Dropping packet at the end of ingress
[09:12:50.968] [bmv2] [D] [thread 11337] [33.0] [cxt 0] Processing packet received on port 1
[09:12:50.968] [bmv2] [D] [thread 11337] [33.0] [cxt 0] Parser 'parser': start
[09:12:50.968] [bmv2] [D] [thread 11337] [33.0] [cxt 0] Parser 'parser' entering state 'start'
[09:12:50.968] [bmv2] [D] [thread 11337] [33.0] [cxt 0] Extracting header 'ethernet'
[09:12:50.968] [bmv2] [D] [thread 11337] [33.0] [cxt 0] Parser state 'start': key is 86dd
[09:12:50.968] [bmv2] [T] [thread 11337] [33.0] [cxt 0] Bytes parsed: 14
[09:12:50.968] [bmv2] [D] [thread 11337] [33.0] [cxt 0] Parser 'parser': end
[09:12:50.968] [bmv2] [D] [thread 11337] [33.0] [cxt 0] Pipeline 'ingress': start
[09:12:50.968] [bmv2] [T] [thread 11337] [33.0] [cxt 0] Applying table 'MyIngress.ipv4_forward'
[09:12:50.968] [bmv2] [D] [thread 11337] [33.0] [cxt 0] Looking up key:
* hdr.ipv4.dstAddr    : 00000000

[09:12:50.968] [bmv2] [D] [thread 11337] [33.0] [cxt 0] Table 'MyIngress.ipv4_forward': miss
[09:12:50.968] [bmv2] [D] [thread 11337] [33.0] [cxt 0] Action entry is MyIngress.drop - 
[09:12:50.968] [bmv2] [T] [thread 11337] [33.0] [cxt 0] Action MyIngress.drop
[09:12:50.968] [bmv2] [T] [thread 11337] [33.0] [cxt 0] straggler.p4(155) Primitive mark_to_drop(standard_metadata)
[09:12:50.968] [bmv2] [T] [thread 11337] [33.0] [cxt 0] straggler.p4(284) Condition "hdr.collective.isValid()" (node_3) is false
[09:12:50.968] [bmv2] [D] [thread 11337] [33.0] [cxt 0] Pipeline 'ingress': end
[09:12:50.968] [bmv2] [D] [thread 11337] [33.0] [cxt 0] Egress port is 511
[09:12:50.968] [bmv2] [D] [thread 11337] [33.0] [cxt 0] Dropping packet at the end of ingress
[09:12:50.975] [bmv2] [D] [thread 11337] [34.0] [cxt 0] Processing packet received on port 1
[09:12:50.975] [bmv2] [D] [thread 11337] [34.0] [cxt 0] Parser 'parser': start
[09:12:50.975] [bmv2] [D] [thread 11337] [34.0] [cxt 0] Parser 'parser' entering state 'start'
[09:12:50.975] [bmv2] [D] [thread 11337] [34.0] [cxt 0] Extracting header 'ethernet'
[09:12:50.975] [bmv2] [D] [thread 11337] [34.0] [cxt 0] Parser state 'start': key is 86dd
[09:12:50.975] [bmv2] [T] [thread 11337] [34.0] [cxt 0] Bytes parsed: 14
[09:12:50.975] [bmv2] [D] [thread 11337] [34.0] [cxt 0] Parser 'parser': end
[09:12:50.975] [bmv2] [D] [thread 11337] [34.0] [cxt 0] Pipeline 'ingress': start
[09:12:50.975] [bmv2] [T] [thread 11337] [34.0] [cxt 0] Applying table 'MyIngress.ipv4_forward'
[09:12:50.976] [bmv2] [D] [thread 11337] [34.0] [cxt 0] Looking up key:
* hdr.ipv4.dstAddr    : 00000000

[09:12:50.976] [bmv2] [D] [thread 11337] [34.0] [cxt 0] Table 'MyIngress.ipv4_forward': miss
[09:12:50.976] [bmv2] [D] [thread 11337] [34.0] [cxt 0] Action entry is MyIngress.drop - 
[09:12:50.976] [bmv2] [T] [thread 11337] [34.0] [cxt 0] Action MyIngress.drop
[09:12:50.976] [bmv2] [T] [thread 11337] [34.0] [cxt 0] straggler.p4(155) Primitive mark_to_drop(standard_metadata)
[09:12:50.976] [bmv2] [T] [thread 11337] [34.0] [cxt 0] straggler.p4(284) Condition "hdr.collective.isValid()" (node_3) is false
[09:12:50.976] [bmv2] [D] [thread 11337] [34.0] [cxt 0] Pipeline 'ingress': end
[09:12:50.976] [bmv2] [D] [thread 11337] [34.0] [cxt 0] Egress port is 511
[09:12:50.976] [bmv2] [D] [thread 11337] [34.0] [cxt 0] Dropping packet at the end of ingress
[09:12:51.014] [bmv2] [D] [thread 11337] [35.0] [cxt 0] Processing packet received on port 4
[09:12:51.015] [bmv2] [D] [thread 11337] [35.0] [cxt 0] Parser 'parser': start
[09:12:51.015] [bmv2] [D] [thread 11337] [35.0] [cxt 0] Parser 'parser' entering state 'start'
[09:12:51.015] [bmv2] [D] [thread 11337] [35.0] [cxt 0] Extracting header 'ethernet'
[09:12:51.015] [bmv2] [D] [thread 11337] [35.0] [cxt 0] Parser state 'start': key is 86dd
[09:12:51.015] [bmv2] [T] [thread 11337] [35.0] [cxt 0] Bytes parsed: 14
[09:12:51.015] [bmv2] [D] [thread 11337] [35.0] [cxt 0] Parser 'parser': end
[09:12:51.015] [bmv2] [D] [thread 11337] [35.0] [cxt 0] Pipeline 'ingress': start
[09:12:51.015] [bmv2] [T] [thread 11337] [35.0] [cxt 0] Applying table 'MyIngress.ipv4_forward'
[09:12:51.015] [bmv2] [D] [thread 11337] [35.0] [cxt 0] Looking up key:
* hdr.ipv4.dstAddr    : 00000000

[09:12:51.015] [bmv2] [D] [thread 11337] [35.0] [cxt 0] Table 'MyIngress.ipv4_forward': miss
[09:12:51.015] [bmv2] [D] [thread 11337] [35.0] [cxt 0] Action entry is MyIngress.drop - 
[09:12:51.015] [bmv2] [T] [thread 11337] [35.0] [cxt 0] Action MyIngress.drop
[09:12:51.015] [bmv2] [T] [thread 11337] [35.0] [cxt 0] straggler.p4(155) Primitive mark_to_drop(standard_metadata)
[09:12:51.015] [bmv2] [T] [thread 11337] [35.0] [cxt 0] straggler.p4(284) Condition "hdr.collective.isValid()" (node_3) is false
[09:12:51.015] [bmv2] [D] [thread 11337] [35.0] [cxt 0] Pipeline 'ingress': end
[09:12:51.015] [bmv2] [D] [thread 11337] [35.0] [cxt 0] Egress port is 511
[09:12:51.015] [bmv2] [D] [thread 11337] [35.0] [cxt 0] Dropping packet at the end of ingress
[09:12:51.015] [bmv2] [D] [thread 11337] [36.0] [cxt 0] Processing packet received on port 4
[09:12:51.015] [bmv2] [D] [thread 11337] [36.0] [cxt 0] Parser 'parser': start
[09:12:51.015] [bmv2] [D] [thread 11337] [36.0] [cxt 0] Parser 'parser' entering state 'start'
[09:12:51.015] [bmv2] [D] [thread 11337] [36.0] [cxt 0] Extracting header 'ethernet'
[09:12:51.015] [bmv2] [D] [thread 11337] [36.0] [cxt 0] Parser state 'start': key is 86dd
[09:12:51.015] [bmv2] [T] [thread 11337] [36.0] [cxt 0] Bytes parsed: 14
[09:12:51.015] [bmv2] [D] [thread 11337] [36.0] [cxt 0] Parser 'parser': end
[09:12:51.015] [bmv2] [D] [thread 11337] [36.0] [cxt 0] Pipeline 'ingress': start
[09:12:51.015] [bmv2] [T] [thread 11337] [36.0] [cxt 0] Applying table 'MyIngress.ipv4_forward'
[09:12:51.015] [bmv2] [D] [thread 11337] [36.0] [cxt 0] Looking up key:
* hdr.ipv4.dstAddr    : 00000000

[09:12:51.015] [bmv2] [D] [thread 11337] [36.0] [cxt 0] Table 'MyIngress.ipv4_forward': miss
[09:12:51.015] [bmv2] [D] [thread 11337] [36.0] [cxt 0] Action entry is MyIngress.drop - 
[09:12:51.015] [bmv2] [T] [thread 11337] [36.0] [cxt 0] Action MyIngress.drop
[09:12:51.015] [bmv2] [T] [thread 11337] [36.0] [cxt 0] straggler.p4(155) Primitive mark_to_drop(standard_metadata)
[09:12:51.015] [bmv2] [T] [thread 11337] [36.0] [cxt 0] straggler.p4(284) Condition "hdr.collective.isValid()" (node_3) is false
[09:12:51.015] [bmv2] [D] [thread 11337] [36.0] [cxt 0] Pipeline 'ingress': end
[09:12:51.015] [bmv2] [D] [thread 11337] [36.0] [cxt 0] Egress port is 511
[09:12:51.015] [bmv2] [D] [thread 11337] [36.0] [cxt 0] Dropping packet at the end of ingress
[09:12:51.015] [bmv2] [D] [thread 11337] [37.0] [cxt 0] Processing packet received on port 4
[09:12:51.015] [bmv2] [D] [thread 11337] [37.0] [cxt 0] Parser 'parser': start
[09:12:51.015] [bmv2] [D] [thread 11337] [37.0] [cxt 0] Parser 'parser' entering state 'start'
[09:12:51.015] [bmv2] [D] [thread 11337] [37.0] [cxt 0] Extracting header 'ethernet'
[09:12:51.015] [bmv2] [D] [thread 11337] [37.0] [cxt 0] Parser state 'start': key is 86dd
[09:12:51.015] [bmv2] [T] [thread 11337] [37.0] [cxt 0] Bytes parsed: 14
[09:12:51.015] [bmv2] [D] [thread 11337] [37.0] [cxt 0] Parser 'parser': end
[09:12:51.015] [bmv2] [D] [thread 11337] [37.0] [cxt 0] Pipeline 'ingress': start
[09:12:51.015] [bmv2] [T] [thread 11337] [37.0] [cxt 0] Applying table 'MyIngress.ipv4_forward'
[09:12:51.015] [bmv2] [D] [thread 11337] [37.0] [cxt 0] Looking up key:
* hdr.ipv4.dstAddr    : 00000000

[09:12:51.015] [bmv2] [D] [thread 11337] [37.0] [cxt 0] Table 'MyIngress.ipv4_forward': miss
[09:12:51.015] [bmv2] [D] [thread 11337] [37.0] [cxt 0] Action entry is MyIngress.drop - 
[09:12:51.015] [bmv2] [T] [thread 11337] [37.0] [cxt 0] Action MyIngress.drop
[09:12:51.015] [bmv2] [T] [thread 11337] [37.0] [cxt 0] straggler.p4(155) Primitive mark_to_drop(standard_metadata)
[09:12:51.015] [bmv2] [T] [thread 11337] [37.0] [cxt 0] straggler.p4(284) Condition "hdr.collective.isValid()" (node_3) is false
[09:12:51.015] [bmv2] [D] [thread 11337] [37.0] [cxt 0] Pipeline 'ingress': end
[09:12:51.015] [bmv2] [D] [thread 11337] [37.0] [cxt 0] Egress port is 511
[09:12:51.015] [bmv2] [D] [thread 11337] [37.0] [cxt 0] Dropping packet at the end of ingress
[09:12:51.019] [bmv2] [D] [thread 11337] [38.0] [cxt 0] Processing packet received on port 3
[09:12:51.019] [bmv2] [D] [thread 11337] [38.0] [cxt 0] Parser 'parser': start
[09:12:51.019] [bmv2] [D] [thread 11337] [38.0] [cxt 0] Parser 'parser' entering state 'start'
[09:12:51.019] [bmv2] [D] [thread 11337] [38.0] [cxt 0] Extracting header 'ethernet'
[09:12:51.019] [bmv2] [D] [thread 11337] [38.0] [cxt 0] Parser state 'start': key is 86dd
[09:12:51.019] [bmv2] [T] [thread 11337] [38.0] [cxt 0] Bytes parsed: 14
[09:12:51.019] [bmv2] [D] [thread 11337] [38.0] [cxt 0] Parser 'parser': end
[09:12:51.019] [bmv2] [D] [thread 11337] [38.0] [cxt 0] Pipeline 'ingress': start
[09:12:51.019] [bmv2] [T] [thread 11337] [38.0] [cxt 0] Applying table 'MyIngress.ipv4_forward'
[09:12:51.019] [bmv2] [D] [thread 11337] [38.0] [cxt 0] Looking up key:
* hdr.ipv4.dstAddr    : 00000000

[09:12:51.019] [bmv2] [D] [thread 11337] [38.0] [cxt 0] Table 'MyIngress.ipv4_forward': miss
[09:12:51.019] [bmv2] [D] [thread 11337] [38.0] [cxt 0] Action entry is MyIngress.drop - 
[09:12:51.019] [bmv2] [T] [thread 11337] [38.0] [cxt 0] Action MyIngress.drop
[09:12:51.019] [bmv2] [T] [thread 11337] [38.0] [cxt 0] straggler.p4(155) Primitive mark_to_drop(standard_metadata)
[09:12:51.019] [bmv2] [T] [thread 11337] [38.0] [cxt 0] straggler.p4(284) Condition "hdr.collective.isValid()" (node_3) is false
[09:12:51.019] [bmv2] [D] [thread 11337] [38.0] [cxt 0] Pipeline 'ingress': end
[09:12:51.019] [bmv2] [D] [thread 11337] [38.0] [cxt 0] Egress port is 511
[09:12:51.019] [bmv2] [D] [thread 11337] [38.0] [cxt 0] Dropping packet at the end of ingress
[09:12:51.043] [bmv2] [D] [thread 11337] [39.0] [cxt 0] Processing packet received on port 3
[09:12:51.043] [bmv2] [D] [thread 11337] [39.0] [cxt 0] Parser 'parser': start
[09:12:51.043] [bmv2] [D] [thread 11337] [39.0] [cxt 0] Parser 'parser' entering state 'start'
[09:12:51.043] [bmv2] [D] [thread 11337] [39.0] [cxt 0] Extracting header 'ethernet'
[09:12:51.043] [bmv2] [D] [thread 11337] [39.0] [cxt 0] Parser state 'start': key is 86dd
[09:12:51.043] [bmv2] [T] [thread 11337] [39.0] [cxt 0] Bytes parsed: 14
[09:12:51.043] [bmv2] [D] [thread 11337] [39.0] [cxt 0] Parser 'parser': end
[09:12:51.043] [bmv2] [D] [thread 11337] [39.0] [cxt 0] Pipeline 'ingress': start
[09:12:51.043] [bmv2] [T] [thread 11337] [39.0] [cxt 0] Applying table 'MyIngress.ipv4_forward'
[09:12:51.043] [bmv2] [D] [thread 11337] [39.0] [cxt 0] Looking up key:
* hdr.ipv4.dstAddr    : 00000000

[09:12:51.043] [bmv2] [D] [thread 11337] [39.0] [cxt 0] Table 'MyIngress.ipv4_forward': miss
[09:12:51.043] [bmv2] [D] [thread 11337] [39.0] [cxt 0] Action entry is MyIngress.drop - 
[09:12:51.043] [bmv2] [T] [thread 11337] [39.0] [cxt 0] Action MyIngress.drop
[09:12:51.043] [bmv2] [T] [thread 11337] [39.0] [cxt 0] straggler.p4(155) Primitive mark_to_drop(standard_metadata)
[09:12:51.043] [bmv2] [T] [thread 11337] [39.0] [cxt 0] straggler.p4(284) Condition "hdr.collective.isValid()" (node_3) is false
[09:12:51.043] [bmv2] [D] [thread 11337] [39.0] [cxt 0] Pipeline 'ingress': end
[09:12:51.043] [bmv2] [D] [thread 11337] [39.0] [cxt 0] Egress port is 511
[09:12:51.043] [bmv2] [D] [thread 11337] [39.0] [cxt 0] Dropping packet at the end of ingress
[09:12:51.075] [bmv2] [D] [thread 11337] [40.0] [cxt 0] Processing packet received on port 4
[09:12:51.075] [bmv2] [D] [thread 11337] [40.0] [cxt 0] Parser 'parser': start
[09:12:51.075] [bmv2] [D] [thread 11337] [40.0] [cxt 0] Parser 'parser' entering state 'start'
[09:12:51.075] [bmv2] [D] [thread 11337] [40.0] [cxt 0] Extracting header 'ethernet'
[09:12:51.075] [bmv2] [D] [thread 11337] [40.0] [cxt 0] Parser state 'start': key is 86dd
[09:12:51.075] [bmv2] [T] [thread 11337] [40.0] [cxt 0] Bytes parsed: 14
[09:12:51.075] [bmv2] [D] [thread 11337] [40.0] [cxt 0] Parser 'parser': end
[09:12:51.075] [bmv2] [D] [thread 11337] [40.0] [cxt 0] Pipeline 'ingress': start
[09:12:51.075] [bmv2] [T] [thread 11337] [40.0] [cxt 0] Applying table 'MyIngress.ipv4_forward'
[09:12:51.075] [bmv2] [D] [thread 11337] [40.0] [cxt 0] Looking up key:
* hdr.ipv4.dstAddr    : 00000000

[09:12:51.075] [bmv2] [D] [thread 11337] [40.0] [cxt 0] Table 'MyIngress.ipv4_forward': miss
[09:12:51.075] [bmv2] [D] [thread 11337] [40.0] [cxt 0] Action entry is MyIngress.drop - 
[09:12:51.075] [bmv2] [T] [thread 11337] [40.0] [cxt 0] Action MyIngress.drop
[09:12:51.075] [bmv2] [T] [thread 11337] [40.0] [cxt 0] straggler.p4(155) Primitive mark_to_drop(standard_metadata)
[09:12:51.075] [bmv2] [T] [thread 11337] [40.0] [cxt 0] straggler.p4(284) Condition "hdr.collective.isValid()" (node_3) is false
[09:12:51.075] [bmv2] [D] [thread 11337] [40.0] [cxt 0] Pipeline 'ingress': end
[09:12:51.075] [bmv2] [D] [thread 11337] [40.0] [cxt 0] Egress port is 511
[09:12:51.075] [bmv2] [D] [thread 11337] [40.0] [cxt 0] Dropping packet at the end of ingress
[09:12:51.075] [bmv2] [D] [thread 11337] [41.0] [cxt 0] Processing packet received on port 4
[09:12:51.075] [bmv2] [D] [thread 11337] [41.0] [cxt 0] Parser 'parser': start
[09:12:51.075] [bmv2] [D] [thread 11337] [41.0] [cxt 0] Parser 'parser' entering state 'start'
[09:12:51.075] [bmv2] [D] [thread 11337] [41.0] [cxt 0] Extracting header 'ethernet'
[09:12:51.075] [bmv2] [D] [thread 11337] [41.0] [cxt 0] Parser state 'start': key is 86dd
[09:12:51.075] [bmv2] [T] [thread 11337] [41.0] [cxt 0] Bytes parsed: 14
[09:12:51.075] [bmv2] [D] [thread 11337] [41.0] [cxt 0] Parser 'parser': end
[09:12:51.075] [bmv2] [D] [thread 11337] [41.0] [cxt 0] Pipeline 'ingress': start
[09:12:51.075] [bmv2] [T] [thread 11337] [41.0] [cxt 0] Applying table 'MyIngress.ipv4_forward'
[09:12:51.075] [bmv2] [D] [thread 11337] [41.0] [cxt 0] Looking up key:
* hdr.ipv4.dstAddr    : 00000000

[09:12:51.075] [bmv2] [D] [thread 11337] [41.0] [cxt 0] Table 'MyIngress.ipv4_forward': miss
[09:12:51.075] [bmv2] [D] [thread 11337] [41.0] [cxt 0] Action entry is MyIngress.drop - 
[09:12:51.075] [bmv2] [T] [thread 11337] [41.0] [cxt 0] Action MyIngress.drop
[09:12:51.075] [bmv2] [T] [thread 11337] [41.0] [cxt 0] straggler.p4(155) Primitive mark_to_drop(standard_metadata)
[09:12:51.075] [bmv2] [T] [thread 11337] [41.0] [cxt 0] straggler.p4(284) Condition "hdr.collective.isValid()" (node_3) is false
[09:12:51.075] [bmv2] [D] [thread 11337] [41.0] [cxt 0] Pipeline 'ingress': end
[09:12:51.075] [bmv2] [D] [thread 11337] [41.0] [cxt 0] Egress port is 511
[09:12:51.075] [bmv2] [D] [thread 11337] [41.0] [cxt 0] Dropping packet at the end of ingress
[09:12:51.078] [bmv2] [D] [thread 11337] [42.0] [cxt 0] Processing packet received on port 4
[09:12:51.078] [bmv2] [D] [thread 11337] [42.0] [cxt 0] Parser 'parser': start
[09:12:51.078] [bmv2] [D] [thread 11337] [42.0] [cxt 0] Parser 'parser' entering state 'start'
[09:12:51.078] [bmv2] [D] [thread 11337] [42.0] [cxt 0] Extracting header 'ethernet'
[09:12:51.078] [bmv2] [D] [thread 11337] [42.0] [cxt 0] Parser state 'start': key is 86dd
[09:12:51.078] [bmv2] [T] [thread 11337] [42.0] [cxt 0] Bytes parsed: 14
[09:12:51.078] [bmv2] [D] [thread 11337] [42.0] [cxt 0] Parser 'parser': end
[09:12:51.078] [bmv2] [D] [thread 11337] [42.0] [cxt 0] Pipeline 'ingress': start
[09:12:51.079] [bmv2] [T] [thread 11337] [42.0] [cxt 0] Applying table 'MyIngress.ipv4_forward'
[09:12:51.079] [bmv2] [D] [thread 11337] [42.0] [cxt 0] Looking up key:
* hdr.ipv4.dstAddr    : 00000000

[09:12:51.079] [bmv2] [D] [thread 11337] [42.0] [cxt 0] Table 'MyIngress.ipv4_forward': miss
[09:12:51.079] [bmv2] [D] [thread 11337] [42.0] [cxt 0] Action entry is MyIngress.drop - 
[09:12:51.079] [bmv2] [T] [thread 11337] [42.0] [cxt 0] Action MyIngress.drop
[09:12:51.079] [bmv2] [T] [thread 11337] [42.0] [cxt 0] straggler.p4(155) Primitive mark_to_drop(standard_metadata)
[09:12:51.079] [bmv2] [T] [thread 11337] [42.0] [cxt 0] straggler.p4(284) Condition "hdr.collective.isValid()" (node_3) is false
[09:12:51.079] [bmv2] [D] [thread 11337] [42.0] [cxt 0] Pipeline 'ingress': end
[09:12:51.079] [bmv2] [D] [thread 11337] [42.0] [cxt 0] Egress port is 511
[09:12:51.079] [bmv2] [D] [thread 11337] [42.0] [cxt 0] Dropping packet at the end of ingress
[09:12:51.083] [bmv2] [D] [thread 11337] [43.0] [cxt 0] Processing packet received on port 2
[09:12:51.084] [bmv2] [D] [thread 11337] [43.0] [cxt 0] Parser 'parser': start
[09:12:51.084] [bmv2] [D] [thread 11337] [43.0] [cxt 0] Parser 'parser' entering state 'start'
[09:12:51.084] [bmv2] [D] [thread 11337] [43.0] [cxt 0] Extracting header 'ethernet'
[09:12:51.084] [bmv2] [D] [thread 11337] [43.0] [cxt 0] Parser state 'start': key is 86dd
[09:12:51.084] [bmv2] [T] [thread 11337] [43.0] [cxt 0] Bytes parsed: 14
[09:12:51.084] [bmv2] [D] [thread 11337] [43.0] [cxt 0] Parser 'parser': end
[09:12:51.084] [bmv2] [D] [thread 11337] [43.0] [cxt 0] Pipeline 'ingress': start
[09:12:51.084] [bmv2] [T] [thread 11337] [43.0] [cxt 0] Applying table 'MyIngress.ipv4_forward'
[09:12:51.084] [bmv2] [D] [thread 11337] [43.0] [cxt 0] Looking up key:
* hdr.ipv4.dstAddr    : 00000000

[09:12:51.084] [bmv2] [D] [thread 11337] [43.0] [cxt 0] Table 'MyIngress.ipv4_forward': miss
[09:12:51.084] [bmv2] [D] [thread 11337] [43.0] [cxt 0] Action entry is MyIngress.drop - 
[09:12:51.084] [bmv2] [T] [thread 11337] [43.0] [cxt 0] Action MyIngress.drop
[09:12:51.084] [bmv2] [T] [thread 11337] [43.0] [cxt 0] straggler.p4(155) Primitive mark_to_drop(standard_metadata)
[09:12:51.084] [bmv2] [T] [thread 11337] [43.0] [cxt 0] straggler.p4(284) Condition "hdr.collective.isValid()" (node_3) is false
[09:12:51.084] [bmv2] [D] [thread 11337] [43.0] [cxt 0] Pipeline 'ingress': end
[09:12:51.084] [bmv2] [D] [thread 11337] [43.0] [cxt 0] Egress port is 511
[09:12:51.084] [bmv2] [D] [thread 11337] [43.0] [cxt 0] Dropping packet at the end of ingress
[09:12:51.113] [bmv2] [D] [thread 11337] [44.0] [cxt 0] Processing packet received on port 4
[09:12:51.113] [bmv2] [D] [thread 11337] [44.0] [cxt 0] Parser 'parser': start
[09:12:51.113] [bmv2] [D] [thread 11337] [44.0] [cxt 0] Parser 'parser' entering state 'start'
[09:12:51.113] [bmv2] [D] [thread 11337] [44.0] [cxt 0] Extracting header 'ethernet'
[09:12:51.113] [bmv2] [D] [thread 11337] [44.0] [cxt 0] Parser state 'start': key is 86dd
[09:12:51.113] [bmv2] [T] [thread 11337] [44.0] [cxt 0] Bytes parsed: 14
[09:12:51.113] [bmv2] [D] [thread 11337] [44.0] [cxt 0] Parser 'parser': end
[09:12:51.113] [bmv2] [D] [thread 11337] [44.0] [cxt 0] Pipeline 'ingress': start
[09:12:51.113] [bmv2] [T] [thread 11337] [44.0] [cxt 0] Applying table 'MyIngress.ipv4_forward'
[09:12:51.113] [bmv2] [D] [thread 11337] [44.0] [cxt 0] Looking up key:
* hdr.ipv4.dstAddr    : 00000000

[09:12:51.113] [bmv2] [D] [thread 11337] [44.0] [cxt 0] Table 'MyIngress.ipv4_forward': miss
[09:12:51.113] [bmv2] [D] [thread 11337] [44.0] [cxt 0] Action entry is MyIngress.drop - 
[09:12:51.113] [bmv2] [T] [thread 11337] [44.0] [cxt 0] Action MyIngress.drop
[09:12:51.113] [bmv2] [T] [thread 11337] [44.0] [cxt 0] straggler.p4(155) Primitive mark_to_drop(standard_metadata)
[09:12:51.113] [bmv2] [T] [thread 11337] [44.0] [cxt 0] straggler.p4(284) Condition "hdr.collective.isValid()" (node_3) is false
[09:12:51.113] [bmv2] [D] [thread 11337] [44.0] [cxt 0] Pipeline 'ingress': end
[09:12:51.113] [bmv2] [D] [thread 11337] [44.0] [cxt 0] Egress port is 511
[09:12:51.113] [bmv2] [D] [thread 11337] [44.0] [cxt 0] Dropping packet at the end of ingress
[09:12:51.151] [bmv2] [D] [thread 11337] [45.0] [cxt 0] Processing packet received on port 3
[09:12:51.151] [bmv2] [D] [thread 11337] [45.0] [cxt 0] Parser 'parser': start
[09:12:51.151] [bmv2] [D] [thread 11337] [45.0] [cxt 0] Parser 'parser' entering state 'start'
[09:12:51.151] [bmv2] [D] [thread 11337] [45.0] [cxt 0] Extracting header 'ethernet'
[09:12:51.151] [bmv2] [D] [thread 11337] [45.0] [cxt 0] Parser state 'start': key is 86dd
[09:12:51.151] [bmv2] [T] [thread 11337] [45.0] [cxt 0] Bytes parsed: 14
[09:12:51.151] [bmv2] [D] [thread 11337] [45.0] [cxt 0] Parser 'parser': end
[09:12:51.151] [bmv2] [D] [thread 11337] [45.0] [cxt 0] Pipeline 'ingress': start
[09:12:51.151] [bmv2] [T] [thread 11337] [45.0] [cxt 0] Applying table 'MyIngress.ipv4_forward'
[09:12:51.151] [bmv2] [D] [thread 11337] [45.0] [cxt 0] Looking up key:
* hdr.ipv4.dstAddr    : 00000000

[09:12:51.151] [bmv2] [D] [thread 11337] [45.0] [cxt 0] Table 'MyIngress.ipv4_forward': miss
[09:12:51.151] [bmv2] [D] [thread 11337] [45.0] [cxt 0] Action entry is MyIngress.drop - 
[09:12:51.151] [bmv2] [T] [thread 11337] [45.0] [cxt 0] Action MyIngress.drop
[09:12:51.151] [bmv2] [T] [thread 11337] [45.0] [cxt 0] straggler.p4(155) Primitive mark_to_drop(standard_metadata)
[09:12:51.151] [bmv2] [T] [thread 11337] [45.0] [cxt 0] straggler.p4(284) Condition "hdr.collective.isValid()" (node_3) is false
[09:12:51.151] [bmv2] [D] [thread 11337] [45.0] [cxt 0] Pipeline 'ingress': end
[09:12:51.151] [bmv2] [D] [thread 11337] [45.0] [cxt 0] Egress port is 511
[09:12:51.151] [bmv2] [D] [thread 11337] [45.0] [cxt 0] Dropping packet at the end of ingress
[09:12:51.152] [bmv2] [D] [thread 11337] [46.0] [cxt 0] Processing packet received on port 4
[09:12:51.152] [bmv2] [D] [thread 11337] [46.0] [cxt 0] Parser 'parser': start
[09:12:51.152] [bmv2] [D] [thread 11337] [46.0] [cxt 0] Parser 'parser' entering state 'start'
[09:12:51.152] [bmv2] [D] [thread 11337] [46.0] [cxt 0] Extracting header 'ethernet'
[09:12:51.152] [bmv2] [D] [thread 11337] [46.0] [cxt 0] Parser state 'start': key is 86dd
[09:12:51.152] [bmv2] [T] [thread 11337] [46.0] [cxt 0] Bytes parsed: 14
[09:12:51.152] [bmv2] [D] [thread 11337] [46.0] [cxt 0] Parser 'parser': end
[09:12:51.152] [bmv2] [D] [thread 11337] [46.0] [cxt 0] Pipeline 'ingress': start
[09:12:51.152] [bmv2] [T] [thread 11337] [46.0] [cxt 0] Applying table 'MyIngress.ipv4_forward'
[09:12:51.152] [bmv2] [D] [thread 11337] [46.0] [cxt 0] Looking up key:
* hdr.ipv4.dstAddr    : 00000000

[09:12:51.152] [bmv2] [D] [thread 11337] [46.0] [cxt 0] Table 'MyIngress.ipv4_forward': miss
[09:12:51.152] [bmv2] [D] [thread 11337] [46.0] [cxt 0] Action entry is MyIngress.drop - 
[09:12:51.152] [bmv2] [T] [thread 11337] [46.0] [cxt 0] Action MyIngress.drop
[09:12:51.152] [bmv2] [T] [thread 11337] [46.0] [cxt 0] straggler.p4(155) Primitive mark_to_drop(standard_metadata)
[09:12:51.152] [bmv2] [T] [thread 11337] [46.0] [cxt 0] straggler.p4(284) Condition "hdr.collective.isValid()" (node_3) is false
[09:12:51.152] [bmv2] [D] [thread 11337] [46.0] [cxt 0] Pipeline 'ingress': end
[09:12:51.152] [bmv2] [D] [thread 11337] [46.0] [cxt 0] Egress port is 511
[09:12:51.152] [bmv2] [D] [thread 11337] [46.0] [cxt 0] Dropping packet at the end of ingress
[09:12:51.227] [bmv2] [D] [thread 11337] [47.0] [cxt 0] Processing packet received on port 1
[09:12:51.227] [bmv2] [D] [thread 11337] [47.0] [cxt 0] Parser 'parser': start
[09:12:51.227] [bmv2] [D] [thread 11337] [47.0] [cxt 0] Parser 'parser' entering state 'start'
[09:12:51.227] [bmv2] [D] [thread 11337] [47.0] [cxt 0] Extracting header 'ethernet'
[09:12:51.227] [bmv2] [D] [thread 11337] [47.0] [cxt 0] Parser state 'start': key is 86dd
[09:12:51.227] [bmv2] [T] [thread 11337] [47.0] [cxt 0] Bytes parsed: 14
[09:12:51.227] [bmv2] [D] [thread 11337] [47.0] [cxt 0] Parser 'parser': end
[09:12:51.227] [bmv2] [D] [thread 11337] [47.0] [cxt 0] Pipeline 'ingress': start
[09:12:51.227] [bmv2] [T] [thread 11337] [47.0] [cxt 0] Applying table 'MyIngress.ipv4_forward'
[09:12:51.227] [bmv2] [D] [thread 11337] [47.0] [cxt 0] Looking up key:
* hdr.ipv4.dstAddr    : 00000000

[09:12:51.227] [bmv2] [D] [thread 11337] [47.0] [cxt 0] Table 'MyIngress.ipv4_forward': miss
[09:12:51.227] [bmv2] [D] [thread 11337] [47.0] [cxt 0] Action entry is MyIngress.drop - 
[09:12:51.227] [bmv2] [T] [thread 11337] [47.0] [cxt 0] Action MyIngress.drop
[09:12:51.227] [bmv2] [T] [thread 11337] [47.0] [cxt 0] straggler.p4(155) Primitive mark_to_drop(standard_metadata)
[09:12:51.227] [bmv2] [T] [thread 11337] [47.0] [cxt 0] straggler.p4(284) Condition "hdr.collective.isValid()" (node_3) is false
[09:12:51.227] [bmv2] [D] [thread 11337] [47.0] [cxt 0] Pipeline 'ingress': end
[09:12:51.227] [bmv2] [D] [thread 11337] [47.0] [cxt 0] Egress port is 511
[09:12:51.227] [bmv2] [D] [thread 11337] [47.0] [cxt 0] Dropping packet at the end of ingress
[09:12:51.267] [bmv2] [D] [thread 11337] [48.0] [cxt 0] Processing packet received on port 2
[09:12:51.268] [bmv2] [D] [thread 11337] [48.0] [cxt 0] Parser 'parser': start
[09:12:51.268] [bmv2] [D] [thread 11337] [48.0] [cxt 0] Parser 'parser' entering state 'start'
[09:12:51.268] [bmv2] [D] [thread 11337] [48.0] [cxt 0] Extracting header 'ethernet'
[09:12:51.268] [bmv2] [D] [thread 11337] [48.0] [cxt 0] Parser state 'start': key is 86dd
[09:12:51.268] [bmv2] [T] [thread 11337] [48.0] [cxt 0] Bytes parsed: 14
[09:12:51.268] [bmv2] [D] [thread 11337] [48.0] [cxt 0] Parser 'parser': end
[09:12:51.268] [bmv2] [D] [thread 11337] [48.0] [cxt 0] Pipeline 'ingress': start
[09:12:51.268] [bmv2] [T] [thread 11337] [48.0] [cxt 0] Applying table 'MyIngress.ipv4_forward'
[09:12:51.268] [bmv2] [D] [thread 11337] [48.0] [cxt 0] Looking up key:
* hdr.ipv4.dstAddr    : 00000000

[09:12:51.268] [bmv2] [D] [thread 11337] [48.0] [cxt 0] Table 'MyIngress.ipv4_forward': miss
[09:12:51.268] [bmv2] [D] [thread 11337] [48.0] [cxt 0] Action entry is MyIngress.drop - 
[09:12:51.268] [bmv2] [T] [thread 11337] [48.0] [cxt 0] Action MyIngress.drop
[09:12:51.268] [bmv2] [T] [thread 11337] [48.0] [cxt 0] straggler.p4(155) Primitive mark_to_drop(standard_metadata)
[09:12:51.268] [bmv2] [T] [thread 11337] [48.0] [cxt 0] straggler.p4(284) Condition "hdr.collective.isValid()" (node_3) is false
[09:12:51.268] [bmv2] [D] [thread 11337] [48.0] [cxt 0] Pipeline 'ingress': end
[09:12:51.268] [bmv2] [D] [thread 11337] [48.0] [cxt 0] Egress port is 511
[09:12:51.268] [bmv2] [D] [thread 11337] [48.0] [cxt 0] Dropping packet at the end of ingress
[09:12:51.268] [bmv2] [D] [thread 11337] [49.0] [cxt 0] Processing packet received on port 3
[09:12:51.268] [bmv2] [D] [thread 11337] [49.0] [cxt 0] Parser 'parser': start
[09:12:51.268] [bmv2] [D] [thread 11337] [49.0] [cxt 0] Parser 'parser' entering state 'start'
[09:12:51.268] [bmv2] [D] [thread 11337] [49.0] [cxt 0] Extracting header 'ethernet'
[09:12:51.268] [bmv2] [D] [thread 11337] [49.0] [cxt 0] Parser state 'start': key is 86dd
[09:12:51.268] [bmv2] [T] [thread 11337] [49.0] [cxt 0] Bytes parsed: 14
[09:12:51.268] [bmv2] [D] [thread 11337] [49.0] [cxt 0] Parser 'parser': end
[09:12:51.268] [bmv2] [D] [thread 11337] [49.0] [cxt 0] Pipeline 'ingress': start
[09:12:51.268] [bmv2] [T] [thread 11337] [49.0] [cxt 0] Applying table 'MyIngress.ipv4_forward'
[09:12:51.268] [bmv2] [D] [thread 11337] [49.0] [cxt 0] Looking up key:
* hdr.ipv4.dstAddr    : 00000000

[09:12:51.268] [bmv2] [D] [thread 11337] [49.0] [cxt 0] Table 'MyIngress.ipv4_forward': miss
[09:12:51.268] [bmv2] [D] [thread 11337] [49.0] [cxt 0] Action entry is MyIngress.drop - 
[09:12:51.268] [bmv2] [T] [thread 11337] [49.0] [cxt 0] Action MyIngress.drop
[09:12:51.268] [bmv2] [T] [thread 11337] [49.0] [cxt 0] straggler.p4(155) Primitive mark_to_drop(standard_metadata)
[09:12:51.268] [bmv2] [T] [thread 11337] [49.0] [cxt 0] straggler.p4(284) Condition "hdr.collective.isValid()" (node_3) is false
[09:12:51.268] [bmv2] [D] [thread 11337] [49.0] [cxt 0] Pipeline 'ingress': end
[09:12:51.268] [bmv2] [D] [thread 11337] [49.0] [cxt 0] Egress port is 511
[09:12:51.268] [bmv2] [D] [thread 11337] [49.0] [cxt 0] Dropping packet at the end of ingress
[09:12:51.270] [bmv2] [D] [thread 11337] [50.0] [cxt 0] Processing packet received on port 3
[09:12:51.270] [bmv2] [D] [thread 11337] [50.0] [cxt 0] Parser 'parser': start
[09:12:51.270] [bmv2] [D] [thread 11337] [50.0] [cxt 0] Parser 'parser' entering state 'start'
[09:12:51.270] [bmv2] [D] [thread 11337] [50.0] [cxt 0] Extracting header 'ethernet'
[09:12:51.270] [bmv2] [D] [thread 11337] [50.0] [cxt 0] Parser state 'start': key is 86dd
[09:12:51.270] [bmv2] [T] [thread 11337] [50.0] [cxt 0] Bytes parsed: 14
[09:12:51.270] [bmv2] [D] [thread 11337] [50.0] [cxt 0] Parser 'parser': end
[09:12:51.270] [bmv2] [D] [thread 11337] [50.0] [cxt 0] Pipeline 'ingress': start
[09:12:51.270] [bmv2] [T] [thread 11337] [50.0] [cxt 0] Applying table 'MyIngress.ipv4_forward'
[09:12:51.270] [bmv2] [D] [thread 11337] [50.0] [cxt 0] Looking up key:
* hdr.ipv4.dstAddr    : 00000000

[09:12:51.270] [bmv2] [D] [thread 11337] [50.0] [cxt 0] Table 'MyIngress.ipv4_forward': miss
[09:12:51.270] [bmv2] [D] [thread 11337] [50.0] [cxt 0] Action entry is MyIngress.drop - 
[09:12:51.270] [bmv2] [T] [thread 11337] [50.0] [cxt 0] Action MyIngress.drop
[09:12:51.270] [bmv2] [T] [thread 11337] [50.0] [cxt 0] straggler.p4(155) Primitive mark_to_drop(standard_metadata)
[09:12:51.270] [bmv2] [T] [thread 11337] [50.0] [cxt 0] straggler.p4(284) Condition "hdr.collective.isValid()" (node_3) is false
[09:12:51.270] [bmv2] [D] [thread 11337] [50.0] [cxt 0] Pipeline 'ingress': end
[09:12:51.270] [bmv2] [D] [thread 11337] [50.0] [cxt 0] Egress port is 511
[09:12:51.270] [bmv2] [D] [thread 11337] [50.0] [cxt 0] Dropping packet at the end of ingress
[09:12:51.278] [bmv2] [D] [thread 11337] [51.0] [cxt 0] Processing packet received on port 4
[09:12:51.278] [bmv2] [D] [thread 11337] [51.0] [cxt 0] Parser 'parser': start
[09:12:51.278] [bmv2] [D] [thread 11337] [51.0] [cxt 0] Parser 'parser' entering state 'start'
[09:12:51.278] [bmv2] [D] [thread 11337] [51.0] [cxt 0] Extracting header 'ethernet'
[09:12:51.278] [bmv2] [D] [thread 11337] [51.0] [cxt 0] Parser state 'start': key is 86dd
[09:12:51.278] [bmv2] [T] [thread 11337] [51.0] [cxt 0] Bytes parsed: 14
[09:12:51.278] [bmv2] [D] [thread 11337] [51.0] [cxt 0] Parser 'parser': end
[09:12:51.278] [bmv2] [D] [thread 11337] [51.0] [cxt 0] Pipeline 'ingress': start
[09:12:51.278] [bmv2] [T] [thread 11337] [51.0] [cxt 0] Applying table 'MyIngress.ipv4_forward'
[09:12:51.278] [bmv2] [D] [thread 11337] [51.0] [cxt 0] Looking up key:
* hdr.ipv4.dstAddr    : 00000000

[09:12:51.278] [bmv2] [D] [thread 11337] [51.0] [cxt 0] Table 'MyIngress.ipv4_forward': miss
[09:12:51.278] [bmv2] [D] [thread 11337] [51.0] [cxt 0] Action entry is MyIngress.drop - 
[09:12:51.278] [bmv2] [T] [thread 11337] [51.0] [cxt 0] Action MyIngress.drop
[09:12:51.278] [bmv2] [T] [thread 11337] [51.0] [cxt 0] straggler.p4(155) Primitive mark_to_drop(standard_metadata)
[09:12:51.278] [bmv2] [T] [thread 11337] [51.0] [cxt 0] straggler.p4(284) Condition "hdr.collective.isValid()" (node_3) is false
[09:12:51.278] [bmv2] [D] [thread 11337] [51.0] [cxt 0] Pipeline 'ingress': end
[09:12:51.278] [bmv2] [D] [thread 11337] [51.0] [cxt 0] Egress port is 511
[09:12:51.278] [bmv2] [D] [thread 11337] [51.0] [cxt 0] Dropping packet at the end of ingress
[09:12:51.331] [bmv2] [D] [thread 11337] [52.0] [cxt 0] Processing packet received on port 2
[09:12:51.331] [bmv2] [D] [thread 11337] [52.0] [cxt 0] Parser 'parser': start
[09:12:51.331] [bmv2] [D] [thread 11337] [52.0] [cxt 0] Parser 'parser' entering state 'start'
[09:12:51.331] [bmv2] [D] [thread 11337] [52.0] [cxt 0] Extracting header 'ethernet'
[09:12:51.331] [bmv2] [D] [thread 11337] [52.0] [cxt 0] Parser state 'start': key is 86dd
[09:12:51.331] [bmv2] [T] [thread 11337] [52.0] [cxt 0] Bytes parsed: 14
[09:12:51.331] [bmv2] [D] [thread 11337] [52.0] [cxt 0] Parser 'parser': end
[09:12:51.331] [bmv2] [D] [thread 11337] [52.0] [cxt 0] Pipeline 'ingress': start
[09:12:51.331] [bmv2] [T] [thread 11337] [52.0] [cxt 0] Applying table 'MyIngress.ipv4_forward'
[09:12:51.331] [bmv2] [D] [thread 11337] [52.0] [cxt 0] Looking up key:
* hdr.ipv4.dstAddr    : 00000000

[09:12:51.331] [bmv2] [D] [thread 11337] [52.0] [cxt 0] Table 'MyIngress.ipv4_forward': miss
[09:12:51.331] [bmv2] [D] [thread 11337] [52.0] [cxt 0] Action entry is MyIngress.drop - 
[09:12:51.331] [bmv2] [T] [thread 11337] [52.0] [cxt 0] Action MyIngress.drop
[09:12:51.331] [bmv2] [T] [thread 11337] [52.0] [cxt 0] straggler.p4(155) Primitive mark_to_drop(standard_metadata)
[09:12:51.331] [bmv2] [T] [thread 11337] [52.0] [cxt 0] straggler.p4(284) Condition "hdr.collective.isValid()" (node_3) is false
[09:12:51.331] [bmv2] [D] [thread 11337] [52.0] [cxt 0] Pipeline 'ingress': end
[09:12:51.331] [bmv2] [D] [thread 11337] [52.0] [cxt 0] Egress port is 511
[09:12:51.331] [bmv2] [D] [thread 11337] [52.0] [cxt 0] Dropping packet at the end of ingress
[09:12:51.335] [bmv2] [D] [thread 11337] [53.0] [cxt 0] Processing packet received on port 2
[09:12:51.335] [bmv2] [D] [thread 11337] [53.0] [cxt 0] Parser 'parser': start
[09:12:51.335] [bmv2] [D] [thread 11337] [53.0] [cxt 0] Parser 'parser' entering state 'start'
[09:12:51.335] [bmv2] [D] [thread 11337] [53.0] [cxt 0] Extracting header 'ethernet'
[09:12:51.335] [bmv2] [D] [thread 11337] [53.0] [cxt 0] Parser state 'start': key is 86dd
[09:12:51.335] [bmv2] [T] [thread 11337] [53.0] [cxt 0] Bytes parsed: 14
[09:12:51.335] [bmv2] [D] [thread 11337] [53.0] [cxt 0] Parser 'parser': end
[09:12:51.335] [bmv2] [D] [thread 11337] [53.0] [cxt 0] Pipeline 'ingress': start
[09:12:51.335] [bmv2] [T] [thread 11337] [53.0] [cxt 0] Applying table 'MyIngress.ipv4_forward'
[09:12:51.335] [bmv2] [D] [thread 11337] [53.0] [cxt 0] Looking up key:
* hdr.ipv4.dstAddr    : 00000000

[09:12:51.335] [bmv2] [D] [thread 11337] [53.0] [cxt 0] Table 'MyIngress.ipv4_forward': miss
[09:12:51.335] [bmv2] [D] [thread 11337] [53.0] [cxt 0] Action entry is MyIngress.drop - 
[09:12:51.335] [bmv2] [T] [thread 11337] [53.0] [cxt 0] Action MyIngress.drop
[09:12:51.335] [bmv2] [T] [thread 11337] [53.0] [cxt 0] straggler.p4(155) Primitive mark_to_drop(standard_metadata)
[09:12:51.335] [bmv2] [T] [thread 11337] [53.0] [cxt 0] straggler.p4(284) Condition "hdr.collective.isValid()" (node_3) is false
[09:12:51.335] [bmv2] [D] [thread 11337] [53.0] [cxt 0] Pipeline 'ingress': end
[09:12:51.335] [bmv2] [D] [thread 11337] [53.0] [cxt 0] Egress port is 511
[09:12:51.335] [bmv2] [D] [thread 11337] [53.0] [cxt 0] Dropping packet at the end of ingress
[09:12:51.405] [bmv2] [D] [thread 11337] [54.0] [cxt 0] Processing packet received on port 4
[09:12:51.405] [bmv2] [D] [thread 11337] [54.0] [cxt 0] Parser 'parser': start
[09:12:51.405] [bmv2] [D] [thread 11337] [54.0] [cxt 0] Parser 'parser' entering state 'start'
[09:12:51.405] [bmv2] [D] [thread 11337] [54.0] [cxt 0] Extracting header 'ethernet'
[09:12:51.405] [bmv2] [D] [thread 11337] [54.0] [cxt 0] Parser state 'start': key is 86dd
[09:12:51.406] [bmv2] [T] [thread 11337] [54.0] [cxt 0] Bytes parsed: 14
[09:12:51.406] [bmv2] [D] [thread 11337] [54.0] [cxt 0] Parser 'parser': end
[09:12:51.406] [bmv2] [D] [thread 11337] [54.0] [cxt 0] Pipeline 'ingress': start
[09:12:51.408] [bmv2] [T] [thread 11337] [54.0] [cxt 0] Applying table 'MyIngress.ipv4_forward'
[09:12:51.408] [bmv2] [D] [thread 11337] [54.0] [cxt 0] Looking up key:
* hdr.ipv4.dstAddr    : 00000000

[09:12:51.408] [bmv2] [D] [thread 11337] [54.0] [cxt 0] Table 'MyIngress.ipv4_forward': miss
[09:12:51.408] [bmv2] [D] [thread 11337] [54.0] [cxt 0] Action entry is MyIngress.drop - 
[09:12:51.408] [bmv2] [T] [thread 11337] [54.0] [cxt 0] Action MyIngress.drop
[09:12:51.408] [bmv2] [T] [thread 11337] [54.0] [cxt 0] straggler.p4(155) Primitive mark_to_drop(standard_metadata)
[09:12:51.408] [bmv2] [T] [thread 11337] [54.0] [cxt 0] straggler.p4(284) Condition "hdr.collective.isValid()" (node_3) is false
[09:12:51.408] [bmv2] [D] [thread 11337] [54.0] [cxt 0] Pipeline 'ingress': end
[09:12:51.408] [bmv2] [D] [thread 11337] [54.0] [cxt 0] Egress port is 511
[09:12:51.408] [bmv2] [D] [thread 11337] [54.0] [cxt 0] Dropping packet at the end of ingress
[09:12:51.414] [bmv2] [D] [thread 11337] [55.0] [cxt 0] Processing packet received on port 3
[09:12:51.414] [bmv2] [D] [thread 11337] [55.0] [cxt 0] Parser 'parser': start
[09:12:51.414] [bmv2] [D] [thread 11337] [55.0] [cxt 0] Parser 'parser' entering state 'start'
[09:12:51.414] [bmv2] [D] [thread 11337] [55.0] [cxt 0] Extracting header 'ethernet'
[09:12:51.414] [bmv2] [D] [thread 11337] [55.0] [cxt 0] Parser state 'start': key is 86dd
[09:12:51.414] [bmv2] [T] [thread 11337] [55.0] [cxt 0] Bytes parsed: 14
[09:12:51.414] [bmv2] [D] [thread 11337] [55.0] [cxt 0] Parser 'parser': end
[09:12:51.414] [bmv2] [D] [thread 11337] [55.0] [cxt 0] Pipeline 'ingress': start
[09:12:51.414] [bmv2] [T] [thread 11337] [55.0] [cxt 0] Applying table 'MyIngress.ipv4_forward'
[09:12:51.414] [bmv2] [D] [thread 11337] [55.0] [cxt 0] Looking up key:
* hdr.ipv4.dstAddr    : 00000000

[09:12:51.414] [bmv2] [D] [thread 11337] [55.0] [cxt 0] Table 'MyIngress.ipv4_forward': miss
[09:12:51.414] [bmv2] [D] [thread 11337] [55.0] [cxt 0] Action entry is MyIngress.drop - 
[09:12:51.414] [bmv2] [T] [thread 11337] [55.0] [cxt 0] Action MyIngress.drop
[09:12:51.414] [bmv2] [T] [thread 11337] [55.0] [cxt 0] straggler.p4(155) Primitive mark_to_drop(standard_metadata)
[09:12:51.414] [bmv2] [T] [thread 11337] [55.0] [cxt 0] straggler.p4(284) Condition "hdr.collective.isValid()" (node_3) is false
[09:12:51.414] [bmv2] [D] [thread 11337] [55.0] [cxt 0] Pipeline 'ingress': end
[09:12:51.414] [bmv2] [D] [thread 11337] [55.0] [cxt 0] Egress port is 511
[09:12:51.414] [bmv2] [D] [thread 11337] [55.0] [cxt 0] Dropping packet at the end of ingress
[09:12:51.427] [bmv2] [D] [thread 11337] [56.0] [cxt 0] Processing packet received on port 1
[09:12:51.427] [bmv2] [D] [thread 11337] [56.0] [cxt 0] Parser 'parser': start
[09:12:51.427] [bmv2] [D] [thread 11337] [56.0] [cxt 0] Parser 'parser' entering state 'start'
[09:12:51.427] [bmv2] [D] [thread 11337] [56.0] [cxt 0] Extracting header 'ethernet'
[09:12:51.427] [bmv2] [D] [thread 11337] [56.0] [cxt 0] Parser state 'start': key is 86dd
[09:12:51.427] [bmv2] [T] [thread 11337] [56.0] [cxt 0] Bytes parsed: 14
[09:12:51.427] [bmv2] [D] [thread 11337] [56.0] [cxt 0] Parser 'parser': end
[09:12:51.427] [bmv2] [D] [thread 11337] [56.0] [cxt 0] Pipeline 'ingress': start
[09:12:51.427] [bmv2] [T] [thread 11337] [56.0] [cxt 0] Applying table 'MyIngress.ipv4_forward'
[09:12:51.427] [bmv2] [D] [thread 11337] [56.0] [cxt 0] Looking up key:
* hdr.ipv4.dstAddr    : 00000000

[09:12:51.427] [bmv2] [D] [thread 11337] [56.0] [cxt 0] Table 'MyIngress.ipv4_forward': miss
[09:12:51.427] [bmv2] [D] [thread 11337] [56.0] [cxt 0] Action entry is MyIngress.drop - 
[09:12:51.427] [bmv2] [T] [thread 11337] [56.0] [cxt 0] Action MyIngress.drop
[09:12:51.427] [bmv2] [T] [thread 11337] [56.0] [cxt 0] straggler.p4(155) Primitive mark_to_drop(standard_metadata)
[09:12:51.427] [bmv2] [T] [thread 11337] [56.0] [cxt 0] straggler.p4(284) Condition "hdr.collective.isValid()" (node_3) is false
[09:12:51.427] [bmv2] [D] [thread 11337] [56.0] [cxt 0] Pipeline 'ingress': end
[09:12:51.427] [bmv2] [D] [thread 11337] [56.0] [cxt 0] Egress port is 511
[09:12:51.427] [bmv2] [D] [thread 11337] [56.0] [cxt 0] Dropping packet at the end of ingress
[09:12:51.469] [bmv2] [D] [thread 11337] [57.0] [cxt 0] Processing packet received on port 3
[09:12:51.470] [bmv2] [D] [thread 11337] [57.0] [cxt 0] Parser 'parser': start
[09:12:51.470] [bmv2] [D] [thread 11337] [57.0] [cxt 0] Parser 'parser' entering state 'start'
[09:12:51.470] [bmv2] [D] [thread 11337] [57.0] [cxt 0] Extracting header 'ethernet'
[09:12:51.470] [bmv2] [D] [thread 11337] [57.0] [cxt 0] Parser state 'start': key is 86dd
[09:12:51.470] [bmv2] [T] [thread 11337] [57.0] [cxt 0] Bytes parsed: 14
[09:12:51.470] [bmv2] [D] [thread 11337] [57.0] [cxt 0] Parser 'parser': end
[09:12:51.470] [bmv2] [D] [thread 11337] [57.0] [cxt 0] Pipeline 'ingress': start
[09:12:51.470] [bmv2] [T] [thread 11337] [57.0] [cxt 0] Applying table 'MyIngress.ipv4_forward'
[09:12:51.470] [bmv2] [D] [thread 11337] [57.0] [cxt 0] Looking up key:
* hdr.ipv4.dstAddr    : 00000000

[09:12:51.470] [bmv2] [D] [thread 11337] [57.0] [cxt 0] Table 'MyIngress.ipv4_forward': miss
[09:12:51.470] [bmv2] [D] [thread 11337] [57.0] [cxt 0] Action entry is MyIngress.drop - 
[09:12:51.470] [bmv2] [T] [thread 11337] [57.0] [cxt 0] Action MyIngress.drop
[09:12:51.470] [bmv2] [T] [thread 11337] [57.0] [cxt 0] straggler.p4(155) Primitive mark_to_drop(standard_metadata)
[09:12:51.470] [bmv2] [T] [thread 11337] [57.0] [cxt 0] straggler.p4(284) Condition "hdr.collective.isValid()" (node_3) is false
[09:12:51.470] [bmv2] [D] [thread 11337] [57.0] [cxt 0] Pipeline 'ingress': end
[09:12:51.470] [bmv2] [D] [thread 11337] [57.0] [cxt 0] Egress port is 511
[09:12:51.470] [bmv2] [D] [thread 11337] [57.0] [cxt 0] Dropping packet at the end of ingress
[09:12:51.534] [bmv2] [D] [thread 11337] [58.0] [cxt 0] Processing packet received on port 2
[09:12:51.534] [bmv2] [D] [thread 11337] [58.0] [cxt 0] Parser 'parser': start
[09:12:51.534] [bmv2] [D] [thread 11337] [58.0] [cxt 0] Parser 'parser' entering state 'start'
[09:12:51.534] [bmv2] [D] [thread 11337] [58.0] [cxt 0] Extracting header 'ethernet'
[09:12:51.534] [bmv2] [D] [thread 11337] [58.0] [cxt 0] Parser state 'start': key is 86dd
[09:12:51.534] [bmv2] [T] [thread 11337] [58.0] [cxt 0] Bytes parsed: 14
[09:12:51.534] [bmv2] [D] [thread 11337] [58.0] [cxt 0] Parser 'parser': end
[09:12:51.535] [bmv2] [D] [thread 11337] [58.0] [cxt 0] Pipeline 'ingress': start
[09:12:51.535] [bmv2] [T] [thread 11337] [58.0] [cxt 0] Applying table 'MyIngress.ipv4_forward'
[09:12:51.535] [bmv2] [D] [thread 11337] [58.0] [cxt 0] Looking up key:
* hdr.ipv4.dstAddr    : 00000000

[09:12:51.535] [bmv2] [D] [thread 11337] [58.0] [cxt 0] Table 'MyIngress.ipv4_forward': miss
[09:12:51.535] [bmv2] [D] [thread 11337] [58.0] [cxt 0] Action entry is MyIngress.drop - 
[09:12:51.535] [bmv2] [T] [thread 11337] [58.0] [cxt 0] Action MyIngress.drop
[09:12:51.535] [bmv2] [T] [thread 11337] [58.0] [cxt 0] straggler.p4(155) Primitive mark_to_drop(standard_metadata)
[09:12:51.535] [bmv2] [T] [thread 11337] [58.0] [cxt 0] straggler.p4(284) Condition "hdr.collective.isValid()" (node_3) is false
[09:12:51.535] [bmv2] [D] [thread 11337] [58.0] [cxt 0] Pipeline 'ingress': end
[09:12:51.535] [bmv2] [D] [thread 11337] [58.0] [cxt 0] Egress port is 511
[09:12:51.535] [bmv2] [D] [thread 11337] [58.0] [cxt 0] Dropping packet at the end of ingress
[09:12:51.536] [bmv2] [D] [thread 11337] [59.0] [cxt 0] Processing packet received on port 4
[09:12:51.536] [bmv2] [D] [thread 11337] [59.0] [cxt 0] Parser 'parser': start
[09:12:51.536] [bmv2] [D] [thread 11337] [59.0] [cxt 0] Parser 'parser' entering state 'start'
[09:12:51.536] [bmv2] [D] [thread 11337] [59.0] [cxt 0] Extracting header 'ethernet'
[09:12:51.536] [bmv2] [D] [thread 11337] [59.0] [cxt 0] Parser state 'start': key is 86dd
[09:12:51.536] [bmv2] [T] [thread 11337] [59.0] [cxt 0] Bytes parsed: 14
[09:12:51.536] [bmv2] [D] [thread 11337] [59.0] [cxt 0] Parser 'parser': end
[09:12:51.536] [bmv2] [D] [thread 11337] [59.0] [cxt 0] Pipeline 'ingress': start
[09:12:51.536] [bmv2] [T] [thread 11337] [59.0] [cxt 0] Applying table 'MyIngress.ipv4_forward'
[09:12:51.536] [bmv2] [D] [thread 11337] [59.0] [cxt 0] Looking up key:
* hdr.ipv4.dstAddr    : 00000000

[09:12:51.536] [bmv2] [D] [thread 11337] [59.0] [cxt 0] Table 'MyIngress.ipv4_forward': miss
[09:12:51.536] [bmv2] [D] [thread 11337] [59.0] [cxt 0] Action entry is MyIngress.drop - 
[09:12:51.536] [bmv2] [T] [thread 11337] [59.0] [cxt 0] Action MyIngress.drop
[09:12:51.536] [bmv2] [T] [thread 11337] [59.0] [cxt 0] straggler.p4(155) Primitive mark_to_drop(standard_metadata)
[09:12:51.536] [bmv2] [T] [thread 11337] [59.0] [cxt 0] straggler.p4(284) Condition "hdr.collective.isValid()" (node_3) is false
[09:12:51.536] [bmv2] [D] [thread 11337] [59.0] [cxt 0] Pipeline 'ingress': end
[09:12:51.536] [bmv2] [D] [thread 11337] [59.0] [cxt 0] Egress port is 511
[09:12:51.537] [bmv2] [D] [thread 11337] [59.0] [cxt 0] Dropping packet at the end of ingress
[09:12:51.590] [bmv2] [D] [thread 11337] [60.0] [cxt 0] Processing packet received on port 4
[09:12:51.590] [bmv2] [D] [thread 11337] [60.0] [cxt 0] Parser 'parser': start
[09:12:51.590] [bmv2] [D] [thread 11337] [60.0] [cxt 0] Parser 'parser' entering state 'start'
[09:12:51.590] [bmv2] [D] [thread 11337] [60.0] [cxt 0] Extracting header 'ethernet'
[09:12:51.590] [bmv2] [D] [thread 11337] [60.0] [cxt 0] Parser state 'start': key is 86dd
[09:12:51.590] [bmv2] [T] [thread 11337] [60.0] [cxt 0] Bytes parsed: 14
[09:12:51.590] [bmv2] [D] [thread 11337] [60.0] [cxt 0] Parser 'parser': end
[09:12:51.590] [bmv2] [D] [thread 11337] [60.0] [cxt 0] Pipeline 'ingress': start
[09:12:51.590] [bmv2] [T] [thread 11337] [60.0] [cxt 0] Applying table 'MyIngress.ipv4_forward'
[09:12:51.590] [bmv2] [D] [thread 11337] [60.0] [cxt 0] Looking up key:
* hdr.ipv4.dstAddr    : 00000000

[09:12:51.590] [bmv2] [D] [thread 11337] [60.0] [cxt 0] Table 'MyIngress.ipv4_forward': miss
[09:12:51.590] [bmv2] [D] [thread 11337] [60.0] [cxt 0] Action entry is MyIngress.drop - 
[09:12:51.590] [bmv2] [T] [thread 11337] [60.0] [cxt 0] Action MyIngress.drop
[09:12:51.590] [bmv2] [T] [thread 11337] [60.0] [cxt 0] straggler.p4(155) Primitive mark_to_drop(standard_metadata)
[09:12:51.590] [bmv2] [T] [thread 11337] [60.0] [cxt 0] straggler.p4(284) Condition "hdr.collective.isValid()" (node_3) is false
[09:12:51.590] [bmv2] [D] [thread 11337] [60.0] [cxt 0] Pipeline 'ingress': end
[09:12:51.590] [bmv2] [D] [thread 11337] [60.0] [cxt 0] Egress port is 511
[09:12:51.590] [bmv2] [D] [thread 11337] [60.0] [cxt 0] Dropping packet at the end of ingress
[09:12:51.590] [bmv2] [D] [thread 11337] [61.0] [cxt 0] Processing packet received on port 4
[09:12:51.590] [bmv2] [D] [thread 11337] [61.0] [cxt 0] Parser 'parser': start
[09:12:51.590] [bmv2] [D] [thread 11337] [61.0] [cxt 0] Parser 'parser' entering state 'start'
[09:12:51.590] [bmv2] [D] [thread 11337] [61.0] [cxt 0] Extracting header 'ethernet'
[09:12:51.590] [bmv2] [D] [thread 11337] [61.0] [cxt 0] Parser state 'start': key is 86dd
[09:12:51.590] [bmv2] [T] [thread 11337] [61.0] [cxt 0] Bytes parsed: 14
[09:12:51.590] [bmv2] [D] [thread 11337] [61.0] [cxt 0] Parser 'parser': end
[09:12:51.590] [bmv2] [D] [thread 11337] [61.0] [cxt 0] Pipeline 'ingress': start
[09:12:51.590] [bmv2] [T] [thread 11337] [61.0] [cxt 0] Applying table 'MyIngress.ipv4_forward'
[09:12:51.590] [bmv2] [D] [thread 11337] [61.0] [cxt 0] Looking up key:
* hdr.ipv4.dstAddr    : 00000000

[09:12:51.590] [bmv2] [D] [thread 11337] [61.0] [cxt 0] Table 'MyIngress.ipv4_forward': miss
[09:12:51.590] [bmv2] [D] [thread 11337] [61.0] [cxt 0] Action entry is MyIngress.drop - 
[09:12:51.590] [bmv2] [T] [thread 11337] [61.0] [cxt 0] Action MyIngress.drop
[09:12:51.590] [bmv2] [T] [thread 11337] [61.0] [cxt 0] straggler.p4(155) Primitive mark_to_drop(standard_metadata)
[09:12:51.590] [bmv2] [T] [thread 11337] [61.0] [cxt 0] straggler.p4(284) Condition "hdr.collective.isValid()" (node_3) is false
[09:12:51.590] [bmv2] [D] [thread 11337] [61.0] [cxt 0] Pipeline 'ingress': end
[09:12:51.590] [bmv2] [D] [thread 11337] [61.0] [cxt 0] Egress port is 511
[09:12:51.590] [bmv2] [D] [thread 11337] [61.0] [cxt 0] Dropping packet at the end of ingress
[09:12:51.655] [bmv2] [D] [thread 11337] [62.0] [cxt 0] Processing packet received on port 4
[09:12:51.655] [bmv2] [D] [thread 11337] [62.0] [cxt 0] Parser 'parser': start
[09:12:51.655] [bmv2] [D] [thread 11337] [62.0] [cxt 0] Parser 'parser' entering state 'start'
[09:12:51.655] [bmv2] [D] [thread 11337] [62.0] [cxt 0] Extracting header 'ethernet'
[09:12:51.655] [bmv2] [D] [thread 11337] [62.0] [cxt 0] Parser state 'start': key is 86dd
[09:12:51.655] [bmv2] [T] [thread 11337] [62.0] [cxt 0] Bytes parsed: 14
[09:12:51.655] [bmv2] [D] [thread 11337] [62.0] [cxt 0] Parser 'parser': end
[09:12:51.655] [bmv2] [D] [thread 11337] [62.0] [cxt 0] Pipeline 'ingress': start
[09:12:51.655] [bmv2] [T] [thread 11337] [62.0] [cxt 0] Applying table 'MyIngress.ipv4_forward'
[09:12:51.655] [bmv2] [D] [thread 11337] [62.0] [cxt 0] Looking up key:
* hdr.ipv4.dstAddr    : 00000000

[09:12:51.655] [bmv2] [D] [thread 11337] [62.0] [cxt 0] Table 'MyIngress.ipv4_forward': miss
[09:12:51.655] [bmv2] [D] [thread 11337] [62.0] [cxt 0] Action entry is MyIngress.drop - 
[09:12:51.655] [bmv2] [T] [thread 11337] [62.0] [cxt 0] Action MyIngress.drop
[09:12:51.655] [bmv2] [T] [thread 11337] [62.0] [cxt 0] straggler.p4(155) Primitive mark_to_drop(standard_metadata)
[09:12:51.655] [bmv2] [T] [thread 11337] [62.0] [cxt 0] straggler.p4(284) Condition "hdr.collective.isValid()" (node_3) is false
[09:12:51.655] [bmv2] [D] [thread 11337] [62.0] [cxt 0] Pipeline 'ingress': end
[09:12:51.655] [bmv2] [D] [thread 11337] [62.0] [cxt 0] Egress port is 511
[09:12:51.655] [bmv2] [D] [thread 11337] [62.0] [cxt 0] Dropping packet at the end of ingress
[09:12:51.686] [bmv2] [D] [thread 11337] [63.0] [cxt 0] Processing packet received on port 1
[09:12:51.686] [bmv2] [D] [thread 11337] [63.0] [cxt 0] Parser 'parser': start
[09:12:51.686] [bmv2] [D] [thread 11337] [63.0] [cxt 0] Parser 'parser' entering state 'start'
[09:12:51.686] [bmv2] [D] [thread 11337] [63.0] [cxt 0] Extracting header 'ethernet'
[09:12:51.686] [bmv2] [D] [thread 11337] [63.0] [cxt 0] Parser state 'start': key is 86dd
[09:12:51.686] [bmv2] [T] [thread 11337] [63.0] [cxt 0] Bytes parsed: 14
[09:12:51.686] [bmv2] [D] [thread 11337] [63.0] [cxt 0] Parser 'parser': end
[09:12:51.686] [bmv2] [D] [thread 11337] [63.0] [cxt 0] Pipeline 'ingress': start
[09:12:51.686] [bmv2] [T] [thread 11337] [63.0] [cxt 0] Applying table 'MyIngress.ipv4_forward'
[09:12:51.686] [bmv2] [D] [thread 11337] [63.0] [cxt 0] Looking up key:
* hdr.ipv4.dstAddr    : 00000000

[09:12:51.686] [bmv2] [D] [thread 11337] [63.0] [cxt 0] Table 'MyIngress.ipv4_forward': miss
[09:12:51.686] [bmv2] [D] [thread 11337] [63.0] [cxt 0] Action entry is MyIngress.drop - 
[09:12:51.686] [bmv2] [T] [thread 11337] [63.0] [cxt 0] Action MyIngress.drop
[09:12:51.686] [bmv2] [T] [thread 11337] [63.0] [cxt 0] straggler.p4(155) Primitive mark_to_drop(standard_metadata)
[09:12:51.686] [bmv2] [T] [thread 11337] [63.0] [cxt 0] straggler.p4(284) Condition "hdr.collective.isValid()" (node_3) is false
[09:12:51.686] [bmv2] [D] [thread 11337] [63.0] [cxt 0] Pipeline 'ingress': end
[09:12:51.686] [bmv2] [D] [thread 11337] [63.0] [cxt 0] Egress port is 511
[09:12:51.686] [bmv2] [D] [thread 11337] [63.0] [cxt 0] Dropping packet at the end of ingress
[09:12:51.729] [bmv2] [D] [thread 11337] [64.0] [cxt 0] Processing packet received on port 3
[09:12:51.729] [bmv2] [D] [thread 11337] [64.0] [cxt 0] Parser 'parser': start
[09:12:51.729] [bmv2] [D] [thread 11337] [64.0] [cxt 0] Parser 'parser' entering state 'start'
[09:12:51.729] [bmv2] [D] [thread 11337] [64.0] [cxt 0] Extracting header 'ethernet'
[09:12:51.729] [bmv2] [D] [thread 11337] [64.0] [cxt 0] Parser state 'start': key is 86dd
[09:12:51.729] [bmv2] [T] [thread 11337] [64.0] [cxt 0] Bytes parsed: 14
[09:12:51.729] [bmv2] [D] [thread 11337] [64.0] [cxt 0] Parser 'parser': end
[09:12:51.729] [bmv2] [D] [thread 11337] [64.0] [cxt 0] Pipeline 'ingress': start
[09:12:51.729] [bmv2] [T] [thread 11337] [64.0] [cxt 0] Applying table 'MyIngress.ipv4_forward'
[09:12:51.730] [bmv2] [D] [thread 11337] [64.0] [cxt 0] Looking up key:
* hdr.ipv4.dstAddr    : 00000000

[09:12:51.730] [bmv2] [D] [thread 11337] [64.0] [cxt 0] Table 'MyIngress.ipv4_forward': miss
[09:12:51.730] [bmv2] [D] [thread 11337] [64.0] [cxt 0] Action entry is MyIngress.drop - 
[09:12:51.730] [bmv2] [T] [thread 11337] [64.0] [cxt 0] Action MyIngress.drop
[09:12:51.730] [bmv2] [T] [thread 11337] [64.0] [cxt 0] straggler.p4(155) Primitive mark_to_drop(standard_metadata)
[09:12:51.730] [bmv2] [T] [thread 11337] [64.0] [cxt 0] straggler.p4(284) Condition "hdr.collective.isValid()" (node_3) is false
[09:12:51.730] [bmv2] [D] [thread 11337] [64.0] [cxt 0] Pipeline 'ingress': end
[09:12:51.730] [bmv2] [D] [thread 11337] [64.0] [cxt 0] Egress port is 511
[09:12:51.730] [bmv2] [D] [thread 11337] [64.0] [cxt 0] Dropping packet at the end of ingress
[09:12:51.793] [bmv2] [D] [thread 11337] [65.0] [cxt 0] Processing packet received on port 2
[09:12:51.793] [bmv2] [D] [thread 11337] [65.0] [cxt 0] Parser 'parser': start
[09:12:51.793] [bmv2] [D] [thread 11337] [65.0] [cxt 0] Parser 'parser' entering state 'start'
[09:12:51.793] [bmv2] [D] [thread 11337] [65.0] [cxt 0] Extracting header 'ethernet'
[09:12:51.793] [bmv2] [D] [thread 11337] [65.0] [cxt 0] Parser state 'start': key is 86dd
[09:12:51.793] [bmv2] [T] [thread 11337] [65.0] [cxt 0] Bytes parsed: 14
[09:12:51.793] [bmv2] [D] [thread 11337] [65.0] [cxt 0] Parser 'parser': end
[09:12:51.793] [bmv2] [D] [thread 11337] [65.0] [cxt 0] Pipeline 'ingress': start
[09:12:51.793] [bmv2] [T] [thread 11337] [65.0] [cxt 0] Applying table 'MyIngress.ipv4_forward'
[09:12:51.793] [bmv2] [D] [thread 11337] [65.0] [cxt 0] Looking up key:
* hdr.ipv4.dstAddr    : 00000000

[09:12:51.793] [bmv2] [D] [thread 11337] [65.0] [cxt 0] Table 'MyIngress.ipv4_forward': miss
[09:12:51.793] [bmv2] [D] [thread 11337] [65.0] [cxt 0] Action entry is MyIngress.drop - 
[09:12:51.793] [bmv2] [T] [thread 11337] [65.0] [cxt 0] Action MyIngress.drop
[09:12:51.793] [bmv2] [T] [thread 11337] [65.0] [cxt 0] straggler.p4(155) Primitive mark_to_drop(standard_metadata)
[09:12:51.793] [bmv2] [T] [thread 11337] [65.0] [cxt 0] straggler.p4(284) Condition "hdr.collective.isValid()" (node_3) is false
[09:12:51.793] [bmv2] [D] [thread 11337] [65.0] [cxt 0] Pipeline 'ingress': end
[09:12:51.793] [bmv2] [D] [thread 11337] [65.0] [cxt 0] Egress port is 511
[09:12:51.793] [bmv2] [D] [thread 11337] [65.0] [cxt 0] Dropping packet at the end of ingress
[09:12:51.854] [bmv2] [D] [thread 11337] [66.0] [cxt 0] Processing packet received on port 4
[09:12:51.854] [bmv2] [D] [thread 11337] [66.0] [cxt 0] Parser 'parser': start
[09:12:51.854] [bmv2] [D] [thread 11337] [66.0] [cxt 0] Parser 'parser' entering state 'start'
[09:12:51.854] [bmv2] [D] [thread 11337] [66.0] [cxt 0] Extracting header 'ethernet'
[09:12:51.854] [bmv2] [D] [thread 11337] [66.0] [cxt 0] Parser state 'start': key is 86dd
[09:12:51.854] [bmv2] [T] [thread 11337] [66.0] [cxt 0] Bytes parsed: 14
[09:12:51.854] [bmv2] [D] [thread 11337] [66.0] [cxt 0] Parser 'parser': end
[09:12:51.854] [bmv2] [D] [thread 11337] [66.0] [cxt 0] Pipeline 'ingress': start
[09:12:51.854] [bmv2] [T] [thread 11337] [66.0] [cxt 0] Applying table 'MyIngress.ipv4_forward'
[09:12:51.854] [bmv2] [D] [thread 11337] [66.0] [cxt 0] Looking up key:
* hdr.ipv4.dstAddr    : 00000000

[09:12:51.854] [bmv2] [D] [thread 11337] [66.0] [cxt 0] Table 'MyIngress.ipv4_forward': miss
[09:12:51.854] [bmv2] [D] [thread 11337] [66.0] [cxt 0] Action entry is MyIngress.drop - 
[09:12:51.854] [bmv2] [T] [thread 11337] [66.0] [cxt 0] Action MyIngress.drop
[09:12:51.854] [bmv2] [T] [thread 11337] [66.0] [cxt 0] straggler.p4(155) Primitive mark_to_drop(standard_metadata)
[09:12:51.854] [bmv2] [T] [thread 11337] [66.0] [cxt 0] straggler.p4(284) Condition "hdr.collective.isValid()" (node_3) is false
[09:12:51.854] [bmv2] [D] [thread 11337] [66.0] [cxt 0] Pipeline 'ingress': end
[09:12:51.854] [bmv2] [D] [thread 11337] [66.0] [cxt 0] Egress port is 511
[09:12:51.854] [bmv2] [D] [thread 11337] [66.0] [cxt 0] Dropping packet at the end of ingress
[09:12:52.114] [bmv2] [D] [thread 11337] [67.0] [cxt 0] Processing packet received on port 4
[09:12:52.114] [bmv2] [D] [thread 11337] [67.0] [cxt 0] Parser 'parser': start
[09:12:52.114] [bmv2] [D] [thread 11337] [67.0] [cxt 0] Parser 'parser' entering state 'start'
[09:12:52.114] [bmv2] [D] [thread 11337] [67.0] [cxt 0] Extracting header 'ethernet'
[09:12:52.114] [bmv2] [D] [thread 11337] [67.0] [cxt 0] Parser state 'start': key is 86dd
[09:12:52.114] [bmv2] [T] [thread 11337] [67.0] [cxt 0] Bytes parsed: 14
[09:12:52.114] [bmv2] [D] [thread 11337] [67.0] [cxt 0] Parser 'parser': end
[09:12:52.114] [bmv2] [D] [thread 11337] [67.0] [cxt 0] Pipeline 'ingress': start
[09:12:52.114] [bmv2] [T] [thread 11337] [67.0] [cxt 0] Applying table 'MyIngress.ipv4_forward'
[09:12:52.114] [bmv2] [D] [thread 11337] [67.0] [cxt 0] Looking up key:
* hdr.ipv4.dstAddr    : 00000000

[09:12:52.114] [bmv2] [D] [thread 11337] [67.0] [cxt 0] Table 'MyIngress.ipv4_forward': miss
[09:12:52.114] [bmv2] [D] [thread 11337] [67.0] [cxt 0] Action entry is MyIngress.drop - 
[09:12:52.114] [bmv2] [T] [thread 11337] [67.0] [cxt 0] Action MyIngress.drop
[09:12:52.114] [bmv2] [T] [thread 11337] [67.0] [cxt 0] straggler.p4(155) Primitive mark_to_drop(standard_metadata)
[09:12:52.114] [bmv2] [T] [thread 11337] [67.0] [cxt 0] straggler.p4(284) Condition "hdr.collective.isValid()" (node_3) is false
[09:12:52.114] [bmv2] [D] [thread 11337] [67.0] [cxt 0] Pipeline 'ingress': end
[09:12:52.114] [bmv2] [D] [thread 11337] [67.0] [cxt 0] Egress port is 511
[09:12:52.114] [bmv2] [D] [thread 11337] [67.0] [cxt 0] Dropping packet at the end of ingress
[09:12:52.241] [bmv2] [D] [thread 11337] [68.0] [cxt 0] Processing packet received on port 3
[09:12:52.241] [bmv2] [D] [thread 11337] [68.0] [cxt 0] Parser 'parser': start
[09:12:52.241] [bmv2] [D] [thread 11337] [68.0] [cxt 0] Parser 'parser' entering state 'start'
[09:12:52.241] [bmv2] [D] [thread 11337] [68.0] [cxt 0] Extracting header 'ethernet'
[09:12:52.241] [bmv2] [D] [thread 11337] [68.0] [cxt 0] Parser state 'start': key is 86dd
[09:12:52.241] [bmv2] [T] [thread 11337] [68.0] [cxt 0] Bytes parsed: 14
[09:12:52.241] [bmv2] [D] [thread 11337] [68.0] [cxt 0] Parser 'parser': end
[09:12:52.241] [bmv2] [D] [thread 11337] [68.0] [cxt 0] Pipeline 'ingress': start
[09:12:52.241] [bmv2] [T] [thread 11337] [68.0] [cxt 0] Applying table 'MyIngress.ipv4_forward'
[09:12:52.241] [bmv2] [D] [thread 11337] [68.0] [cxt 0] Looking up key:
* hdr.ipv4.dstAddr    : 00000000

[09:12:52.241] [bmv2] [D] [thread 11337] [68.0] [cxt 0] Table 'MyIngress.ipv4_forward': miss
[09:12:52.241] [bmv2] [D] [thread 11337] [68.0] [cxt 0] Action entry is MyIngress.drop - 
[09:12:52.241] [bmv2] [T] [thread 11337] [68.0] [cxt 0] Action MyIngress.drop
[09:12:52.241] [bmv2] [T] [thread 11337] [68.0] [cxt 0] straggler.p4(155) Primitive mark_to_drop(standard_metadata)
[09:12:52.241] [bmv2] [T] [thread 11337] [68.0] [cxt 0] straggler.p4(284) Condition "hdr.collective.isValid()" (node_3) is false
[09:12:52.241] [bmv2] [D] [thread 11337] [68.0] [cxt 0] Pipeline 'ingress': end
[09:12:52.241] [bmv2] [D] [thread 11337] [68.0] [cxt 0] Egress port is 511
[09:12:52.241] [bmv2] [D] [thread 11337] [68.0] [cxt 0] Dropping packet at the end of ingress
[09:12:52.368] [bmv2] [D] [thread 11337] [69.0] [cxt 0] Processing packet received on port 4
[09:12:52.368] [bmv2] [D] [thread 11337] [69.0] [cxt 0] Parser 'parser': start
[09:12:52.368] [bmv2] [D] [thread 11337] [69.0] [cxt 0] Parser 'parser' entering state 'start'
[09:12:52.368] [bmv2] [D] [thread 11337] [69.0] [cxt 0] Extracting header 'ethernet'
[09:12:52.368] [bmv2] [D] [thread 11337] [69.0] [cxt 0] Parser state 'start': key is 86dd
[09:12:52.368] [bmv2] [T] [thread 11337] [69.0] [cxt 0] Bytes parsed: 14
[09:12:52.368] [bmv2] [D] [thread 11337] [69.0] [cxt 0] Parser 'parser': end
[09:12:52.368] [bmv2] [D] [thread 11337] [69.0] [cxt 0] Pipeline 'ingress': start
[09:12:52.368] [bmv2] [T] [thread 11337] [69.0] [cxt 0] Applying table 'MyIngress.ipv4_forward'
[09:12:52.368] [bmv2] [D] [thread 11337] [69.0] [cxt 0] Looking up key:
* hdr.ipv4.dstAddr    : 00000000

[09:12:52.368] [bmv2] [D] [thread 11337] [69.0] [cxt 0] Table 'MyIngress.ipv4_forward': miss
[09:12:52.368] [bmv2] [D] [thread 11337] [69.0] [cxt 0] Action entry is MyIngress.drop - 
[09:12:52.368] [bmv2] [T] [thread 11337] [69.0] [cxt 0] Action MyIngress.drop
[09:12:52.368] [bmv2] [T] [thread 11337] [69.0] [cxt 0] straggler.p4(155) Primitive mark_to_drop(standard_metadata)
[09:12:52.368] [bmv2] [T] [thread 11337] [69.0] [cxt 0] straggler.p4(284) Condition "hdr.collective.isValid()" (node_3) is false
[09:12:52.368] [bmv2] [D] [thread 11337] [69.0] [cxt 0] Pipeline 'ingress': end
[09:12:52.368] [bmv2] [D] [thread 11337] [69.0] [cxt 0] Egress port is 511
[09:12:52.368] [bmv2] [D] [thread 11337] [69.0] [cxt 0] Dropping packet at the end of ingress
[09:12:52.516] [bmv2] [D] [thread 11337] [70.0] [cxt 0] Processing packet received on port 1
[09:12:52.516] [bmv2] [D] [thread 11337] [70.0] [cxt 0] Parser 'parser': start
[09:12:52.516] [bmv2] [D] [thread 11337] [70.0] [cxt 0] Parser 'parser' entering state 'start'
[09:12:52.516] [bmv2] [D] [thread 11337] [70.0] [cxt 0] Extracting header 'ethernet'
[09:12:52.516] [bmv2] [D] [thread 11337] [70.0] [cxt 0] Parser state 'start': key is 86dd
[09:12:52.516] [bmv2] [T] [thread 11337] [70.0] [cxt 0] Bytes parsed: 14
[09:12:52.516] [bmv2] [D] [thread 11337] [70.0] [cxt 0] Parser 'parser': end
[09:12:52.516] [bmv2] [D] [thread 11337] [70.0] [cxt 0] Pipeline 'ingress': start
[09:12:52.516] [bmv2] [T] [thread 11337] [70.0] [cxt 0] Applying table 'MyIngress.ipv4_forward'
[09:12:52.516] [bmv2] [D] [thread 11337] [70.0] [cxt 0] Looking up key:
* hdr.ipv4.dstAddr    : 00000000

[09:12:52.516] [bmv2] [D] [thread 11337] [70.0] [cxt 0] Table 'MyIngress.ipv4_forward': miss
[09:12:52.516] [bmv2] [D] [thread 11337] [70.0] [cxt 0] Action entry is MyIngress.drop - 
[09:12:52.516] [bmv2] [T] [thread 11337] [70.0] [cxt 0] Action MyIngress.drop
[09:12:52.516] [bmv2] [T] [thread 11337] [70.0] [cxt 0] straggler.p4(155) Primitive mark_to_drop(standard_metadata)
[09:12:52.516] [bmv2] [T] [thread 11337] [70.0] [cxt 0] straggler.p4(284) Condition "hdr.collective.isValid()" (node_3) is false
[09:12:52.516] [bmv2] [D] [thread 11337] [70.0] [cxt 0] Pipeline 'ingress': end
[09:12:52.516] [bmv2] [D] [thread 11337] [70.0] [cxt 0] Egress port is 511
[09:12:52.516] [bmv2] [D] [thread 11337] [70.0] [cxt 0] Dropping packet at the end of ingress
[09:12:52.559] [bmv2] [D] [thread 11337] [71.0] [cxt 0] Processing packet received on port 3
[09:12:52.559] [bmv2] [D] [thread 11337] [71.0] [cxt 0] Parser 'parser': start
[09:12:52.559] [bmv2] [D] [thread 11337] [71.0] [cxt 0] Parser 'parser' entering state 'start'
[09:12:52.559] [bmv2] [D] [thread 11337] [71.0] [cxt 0] Extracting header 'ethernet'
[09:12:52.559] [bmv2] [D] [thread 11337] [71.0] [cxt 0] Parser state 'start': key is 86dd
[09:12:52.559] [bmv2] [T] [thread 11337] [71.0] [cxt 0] Bytes parsed: 14
[09:12:52.559] [bmv2] [D] [thread 11337] [71.0] [cxt 0] Parser 'parser': end
[09:12:52.559] [bmv2] [D] [thread 11337] [71.0] [cxt 0] Pipeline 'ingress': start
[09:12:52.559] [bmv2] [T] [thread 11337] [71.0] [cxt 0] Applying table 'MyIngress.ipv4_forward'
[09:12:52.559] [bmv2] [D] [thread 11337] [71.0] [cxt 0] Looking up key:
* hdr.ipv4.dstAddr    : 00000000

[09:12:52.559] [bmv2] [D] [thread 11337] [71.0] [cxt 0] Table 'MyIngress.ipv4_forward': miss
[09:12:52.559] [bmv2] [D] [thread 11337] [71.0] [cxt 0] Action entry is MyIngress.drop - 
[09:12:52.559] [bmv2] [T] [thread 11337] [71.0] [cxt 0] Action MyIngress.drop
[09:12:52.559] [bmv2] [T] [thread 11337] [71.0] [cxt 0] straggler.p4(155) Primitive mark_to_drop(standard_metadata)
[09:12:52.559] [bmv2] [T] [thread 11337] [71.0] [cxt 0] straggler.p4(284) Condition "hdr.collective.isValid()" (node_3) is false
[09:12:52.559] [bmv2] [D] [thread 11337] [71.0] [cxt 0] Pipeline 'ingress': end
[09:12:52.559] [bmv2] [D] [thread 11337] [71.0] [cxt 0] Egress port is 511
[09:12:52.559] [bmv2] [D] [thread 11337] [71.0] [cxt 0] Dropping packet at the end of ingress
[09:12:52.625] [bmv2] [D] [thread 11337] [72.0] [cxt 0] Processing packet received on port 2
[09:12:52.625] [bmv2] [D] [thread 11337] [72.0] [cxt 0] Parser 'parser': start
[09:12:52.625] [bmv2] [D] [thread 11337] [72.0] [cxt 0] Parser 'parser' entering state 'start'
[09:12:52.625] [bmv2] [D] [thread 11337] [72.0] [cxt 0] Extracting header 'ethernet'
[09:12:52.625] [bmv2] [D] [thread 11337] [72.0] [cxt 0] Parser state 'start': key is 86dd
[09:12:52.625] [bmv2] [T] [thread 11337] [72.0] [cxt 0] Bytes parsed: 14
[09:12:52.625] [bmv2] [D] [thread 11337] [72.0] [cxt 0] Parser 'parser': end
[09:12:52.625] [bmv2] [D] [thread 11337] [72.0] [cxt 0] Pipeline 'ingress': start
[09:12:52.625] [bmv2] [T] [thread 11337] [72.0] [cxt 0] Applying table 'MyIngress.ipv4_forward'
[09:12:52.625] [bmv2] [D] [thread 11337] [72.0] [cxt 0] Looking up key:
* hdr.ipv4.dstAddr    : 00000000

[09:12:52.625] [bmv2] [D] [thread 11337] [72.0] [cxt 0] Table 'MyIngress.ipv4_forward': miss
[09:12:52.625] [bmv2] [D] [thread 11337] [72.0] [cxt 0] Action entry is MyIngress.drop - 
[09:12:52.625] [bmv2] [T] [thread 11337] [72.0] [cxt 0] Action MyIngress.drop
[09:12:52.625] [bmv2] [T] [thread 11337] [72.0] [cxt 0] straggler.p4(155) Primitive mark_to_drop(standard_metadata)
[09:12:52.625] [bmv2] [T] [thread 11337] [72.0] [cxt 0] straggler.p4(284) Condition "hdr.collective.isValid()" (node_3) is false
[09:12:52.625] [bmv2] [D] [thread 11337] [72.0] [cxt 0] Pipeline 'ingress': end
[09:12:52.625] [bmv2] [D] [thread 11337] [72.0] [cxt 0] Egress port is 511
[09:12:52.625] [bmv2] [D] [thread 11337] [72.0] [cxt 0] Dropping packet at the end of ingress
[09:12:52.943] [bmv2] [D] [thread 11337] [73.0] [cxt 0] Processing packet received on port 4
[09:12:52.943] [bmv2] [D] [thread 11337] [73.0] [cxt 0] Parser 'parser': start
[09:12:52.943] [bmv2] [D] [thread 11337] [73.0] [cxt 0] Parser 'parser' entering state 'start'
[09:12:52.943] [bmv2] [D] [thread 11337] [73.0] [cxt 0] Extracting header 'ethernet'
[09:12:52.943] [bmv2] [D] [thread 11337] [73.0] [cxt 0] Parser state 'start': key is 86dd
[09:12:52.944] [bmv2] [T] [thread 11337] [73.0] [cxt 0] Bytes parsed: 14
[09:12:52.944] [bmv2] [D] [thread 11337] [73.0] [cxt 0] Parser 'parser': end
[09:12:52.944] [bmv2] [D] [thread 11337] [73.0] [cxt 0] Pipeline 'ingress': start
[09:12:52.944] [bmv2] [T] [thread 11337] [73.0] [cxt 0] Applying table 'MyIngress.ipv4_forward'
[09:12:52.944] [bmv2] [D] [thread 11337] [73.0] [cxt 0] Looking up key:
* hdr.ipv4.dstAddr    : 00000000

[09:12:52.944] [bmv2] [D] [thread 11337] [73.0] [cxt 0] Table 'MyIngress.ipv4_forward': miss
[09:12:52.944] [bmv2] [D] [thread 11337] [73.0] [cxt 0] Action entry is MyIngress.drop - 
[09:12:52.944] [bmv2] [T] [thread 11337] [73.0] [cxt 0] Action MyIngress.drop
[09:12:52.944] [bmv2] [T] [thread 11337] [73.0] [cxt 0] straggler.p4(155) Primitive mark_to_drop(standard_metadata)
[09:12:52.944] [bmv2] [T] [thread 11337] [73.0] [cxt 0] straggler.p4(284) Condition "hdr.collective.isValid()" (node_3) is false
[09:12:52.944] [bmv2] [D] [thread 11337] [73.0] [cxt 0] Pipeline 'ingress': end
[09:12:52.944] [bmv2] [D] [thread 11337] [73.0] [cxt 0] Egress port is 511
[09:12:52.944] [bmv2] [D] [thread 11337] [73.0] [cxt 0] Dropping packet at the end of ingress
[09:12:53.411] [bmv2] [D] [thread 11337] [74.0] [cxt 0] Processing packet received on port 3
[09:12:53.411] [bmv2] [D] [thread 11337] [74.0] [cxt 0] Parser 'parser': start
[09:12:53.411] [bmv2] [D] [thread 11337] [74.0] [cxt 0] Parser 'parser' entering state 'start'
[09:12:53.411] [bmv2] [D] [thread 11337] [74.0] [cxt 0] Extracting header 'ethernet'
[09:12:53.411] [bmv2] [D] [thread 11337] [74.0] [cxt 0] Parser state 'start': key is 86dd
[09:12:53.411] [bmv2] [T] [thread 11337] [74.0] [cxt 0] Bytes parsed: 14
[09:12:53.411] [bmv2] [D] [thread 11337] [74.0] [cxt 0] Parser 'parser': end
[09:12:53.411] [bmv2] [D] [thread 11337] [74.0] [cxt 0] Pipeline 'ingress': start
[09:12:53.411] [bmv2] [T] [thread 11337] [74.0] [cxt 0] Applying table 'MyIngress.ipv4_forward'
[09:12:53.411] [bmv2] [D] [thread 11337] [74.0] [cxt 0] Looking up key:
* hdr.ipv4.dstAddr    : 00000000

[09:12:53.411] [bmv2] [D] [thread 11337] [74.0] [cxt 0] Table 'MyIngress.ipv4_forward': miss
[09:12:53.411] [bmv2] [D] [thread 11337] [74.0] [cxt 0] Action entry is MyIngress.drop - 
[09:12:53.411] [bmv2] [T] [thread 11337] [74.0] [cxt 0] Action MyIngress.drop
[09:12:53.411] [bmv2] [T] [thread 11337] [74.0] [cxt 0] straggler.p4(155) Primitive mark_to_drop(standard_metadata)
[09:12:53.411] [bmv2] [T] [thread 11337] [74.0] [cxt 0] straggler.p4(284) Condition "hdr.collective.isValid()" (node_3) is false
[09:12:53.411] [bmv2] [D] [thread 11337] [74.0] [cxt 0] Pipeline 'ingress': end
[09:12:53.411] [bmv2] [D] [thread 11337] [74.0] [cxt 0] Egress port is 511
[09:12:53.411] [bmv2] [D] [thread 11337] [74.0] [cxt 0] Dropping packet at the end of ingress
[09:12:53.538] [bmv2] [D] [thread 11337] [75.0] [cxt 0] Processing packet received on port 4
[09:12:53.538] [bmv2] [D] [thread 11337] [75.0] [cxt 0] Parser 'parser': start
[09:12:53.538] [bmv2] [D] [thread 11337] [75.0] [cxt 0] Parser 'parser' entering state 'start'
[09:12:53.538] [bmv2] [D] [thread 11337] [75.0] [cxt 0] Extracting header 'ethernet'
[09:12:53.538] [bmv2] [D] [thread 11337] [75.0] [cxt 0] Parser state 'start': key is 86dd
[09:12:53.538] [bmv2] [T] [thread 11337] [75.0] [cxt 0] Bytes parsed: 14
[09:12:53.538] [bmv2] [D] [thread 11337] [75.0] [cxt 0] Parser 'parser': end
[09:12:53.538] [bmv2] [D] [thread 11337] [75.0] [cxt 0] Pipeline 'ingress': start
[09:12:53.538] [bmv2] [T] [thread 11337] [75.0] [cxt 0] Applying table 'MyIngress.ipv4_forward'
[09:12:53.538] [bmv2] [D] [thread 11337] [75.0] [cxt 0] Looking up key:
* hdr.ipv4.dstAddr    : 00000000

[09:12:53.538] [bmv2] [D] [thread 11337] [75.0] [cxt 0] Table 'MyIngress.ipv4_forward': miss
[09:12:53.538] [bmv2] [D] [thread 11337] [75.0] [cxt 0] Action entry is MyIngress.drop - 
[09:12:53.538] [bmv2] [T] [thread 11337] [75.0] [cxt 0] Action MyIngress.drop
[09:12:53.538] [bmv2] [T] [thread 11337] [75.0] [cxt 0] straggler.p4(155) Primitive mark_to_drop(standard_metadata)
[09:12:53.538] [bmv2] [T] [thread 11337] [75.0] [cxt 0] straggler.p4(284) Condition "hdr.collective.isValid()" (node_3) is false
[09:12:53.538] [bmv2] [D] [thread 11337] [75.0] [cxt 0] Pipeline 'ingress': end
[09:12:53.538] [bmv2] [D] [thread 11337] [75.0] [cxt 0] Egress port is 511
[09:12:53.538] [bmv2] [D] [thread 11337] [75.0] [cxt 0] Dropping packet at the end of ingress
[09:12:53.687] [bmv2] [D] [thread 11337] [76.0] [cxt 0] Processing packet received on port 1
[09:12:53.687] [bmv2] [D] [thread 11337] [76.0] [cxt 0] Parser 'parser': start
[09:12:53.687] [bmv2] [D] [thread 11337] [76.0] [cxt 0] Parser 'parser' entering state 'start'
[09:12:53.687] [bmv2] [D] [thread 11337] [76.0] [cxt 0] Extracting header 'ethernet'
[09:12:53.687] [bmv2] [D] [thread 11337] [76.0] [cxt 0] Parser state 'start': key is 86dd
[09:12:53.687] [bmv2] [T] [thread 11337] [76.0] [cxt 0] Bytes parsed: 14
[09:12:53.687] [bmv2] [D] [thread 11337] [76.0] [cxt 0] Parser 'parser': end
[09:12:53.688] [bmv2] [D] [thread 11337] [76.0] [cxt 0] Pipeline 'ingress': start
[09:12:53.688] [bmv2] [T] [thread 11337] [76.0] [cxt 0] Applying table 'MyIngress.ipv4_forward'
[09:12:53.688] [bmv2] [D] [thread 11337] [76.0] [cxt 0] Looking up key:
* hdr.ipv4.dstAddr    : 00000000

[09:12:53.688] [bmv2] [D] [thread 11337] [76.0] [cxt 0] Table 'MyIngress.ipv4_forward': miss
[09:12:53.688] [bmv2] [D] [thread 11337] [76.0] [cxt 0] Action entry is MyIngress.drop - 
[09:12:53.688] [bmv2] [T] [thread 11337] [76.0] [cxt 0] Action MyIngress.drop
[09:12:53.688] [bmv2] [T] [thread 11337] [76.0] [cxt 0] straggler.p4(155) Primitive mark_to_drop(standard_metadata)
[09:12:53.688] [bmv2] [T] [thread 11337] [76.0] [cxt 0] straggler.p4(284) Condition "hdr.collective.isValid()" (node_3) is false
[09:12:53.688] [bmv2] [D] [thread 11337] [76.0] [cxt 0] Pipeline 'ingress': end
[09:12:53.688] [bmv2] [D] [thread 11337] [76.0] [cxt 0] Egress port is 511
[09:12:53.688] [bmv2] [D] [thread 11337] [76.0] [cxt 0] Dropping packet at the end of ingress
[09:12:53.730] [bmv2] [D] [thread 11337] [77.0] [cxt 0] Processing packet received on port 3
[09:12:53.730] [bmv2] [D] [thread 11337] [77.0] [cxt 0] Parser 'parser': start
[09:12:53.730] [bmv2] [D] [thread 11337] [77.0] [cxt 0] Parser 'parser' entering state 'start'
[09:12:53.730] [bmv2] [D] [thread 11337] [77.0] [cxt 0] Extracting header 'ethernet'
[09:12:53.730] [bmv2] [D] [thread 11337] [77.0] [cxt 0] Parser state 'start': key is 86dd
[09:12:53.730] [bmv2] [T] [thread 11337] [77.0] [cxt 0] Bytes parsed: 14
[09:12:53.730] [bmv2] [D] [thread 11337] [77.0] [cxt 0] Parser 'parser': end
[09:12:53.730] [bmv2] [D] [thread 11337] [77.0] [cxt 0] Pipeline 'ingress': start
[09:12:53.730] [bmv2] [T] [thread 11337] [77.0] [cxt 0] Applying table 'MyIngress.ipv4_forward'
[09:12:53.730] [bmv2] [D] [thread 11337] [77.0] [cxt 0] Looking up key:
* hdr.ipv4.dstAddr    : 00000000

[09:12:53.730] [bmv2] [D] [thread 11337] [77.0] [cxt 0] Table 'MyIngress.ipv4_forward': miss
[09:12:53.730] [bmv2] [D] [thread 11337] [77.0] [cxt 0] Action entry is MyIngress.drop - 
[09:12:53.730] [bmv2] [T] [thread 11337] [77.0] [cxt 0] Action MyIngress.drop
[09:12:53.730] [bmv2] [T] [thread 11337] [77.0] [cxt 0] straggler.p4(155) Primitive mark_to_drop(standard_metadata)
[09:12:53.730] [bmv2] [T] [thread 11337] [77.0] [cxt 0] straggler.p4(284) Condition "hdr.collective.isValid()" (node_3) is false
[09:12:53.730] [bmv2] [D] [thread 11337] [77.0] [cxt 0] Pipeline 'ingress': end
[09:12:53.730] [bmv2] [D] [thread 11337] [77.0] [cxt 0] Egress port is 511
[09:12:53.730] [bmv2] [D] [thread 11337] [77.0] [cxt 0] Dropping packet at the end of ingress
[09:12:53.794] [bmv2] [D] [thread 11337] [78.0] [cxt 0] Processing packet received on port 2
[09:12:53.794] [bmv2] [D] [thread 11337] [78.0] [cxt 0] Parser 'parser': start
[09:12:53.794] [bmv2] [D] [thread 11337] [78.0] [cxt 0] Parser 'parser' entering state 'start'
[09:12:53.794] [bmv2] [D] [thread 11337] [78.0] [cxt 0] Extracting header 'ethernet'
[09:12:53.794] [bmv2] [D] [thread 11337] [78.0] [cxt 0] Parser state 'start': key is 86dd
[09:12:53.794] [bmv2] [T] [thread 11337] [78.0] [cxt 0] Bytes parsed: 14
[09:12:53.794] [bmv2] [D] [thread 11337] [78.0] [cxt 0] Parser 'parser': end
[09:12:53.794] [bmv2] [D] [thread 11337] [78.0] [cxt 0] Pipeline 'ingress': start
[09:12:53.794] [bmv2] [T] [thread 11337] [78.0] [cxt 0] Applying table 'MyIngress.ipv4_forward'
[09:12:53.794] [bmv2] [D] [thread 11337] [78.0] [cxt 0] Looking up key:
* hdr.ipv4.dstAddr    : 00000000

[09:12:53.794] [bmv2] [D] [thread 11337] [78.0] [cxt 0] Table 'MyIngress.ipv4_forward': miss
[09:12:53.794] [bmv2] [D] [thread 11337] [78.0] [cxt 0] Action entry is MyIngress.drop - 
[09:12:53.794] [bmv2] [T] [thread 11337] [78.0] [cxt 0] Action MyIngress.drop
[09:12:53.794] [bmv2] [T] [thread 11337] [78.0] [cxt 0] straggler.p4(155) Primitive mark_to_drop(standard_metadata)
[09:12:53.794] [bmv2] [T] [thread 11337] [78.0] [cxt 0] straggler.p4(284) Condition "hdr.collective.isValid()" (node_3) is false
[09:12:53.794] [bmv2] [D] [thread 11337] [78.0] [cxt 0] Pipeline 'ingress': end
[09:12:53.794] [bmv2] [D] [thread 11337] [78.0] [cxt 0] Egress port is 511
[09:12:53.794] [bmv2] [D] [thread 11337] [78.0] [cxt 0] Dropping packet at the end of ingress
[09:12:54.021] [bmv2] [D] [thread 11337] [79.0] [cxt 0] Processing packet received on port 3
[09:12:54.021] [bmv2] [D] [thread 11337] [79.0] [cxt 0] Parser 'parser': start
[09:12:54.021] [bmv2] [D] [thread 11337] [79.0] [cxt 0] Parser 'parser' entering state 'start'
[09:12:54.021] [bmv2] [D] [thread 11337] [79.0] [cxt 0] Extracting header 'ethernet'
[09:12:54.021] [bmv2] [D] [thread 11337] [79.0] [cxt 0] Parser state 'start': key is 86dd
[09:12:54.021] [bmv2] [T] [thread 11337] [79.0] [cxt 0] Bytes parsed: 14
[09:12:54.021] [bmv2] [D] [thread 11337] [79.0] [cxt 0] Parser 'parser': end
[09:12:54.021] [bmv2] [D] [thread 11337] [79.0] [cxt 0] Pipeline 'ingress': start
[09:12:54.021] [bmv2] [T] [thread 11337] [79.0] [cxt 0] Applying table 'MyIngress.ipv4_forward'
[09:12:54.021] [bmv2] [D] [thread 11337] [79.0] [cxt 0] Looking up key:
* hdr.ipv4.dstAddr    : 00000000

[09:12:54.021] [bmv2] [D] [thread 11337] [79.0] [cxt 0] Table 'MyIngress.ipv4_forward': miss
[09:12:54.021] [bmv2] [D] [thread 11337] [79.0] [cxt 0] Action entry is MyIngress.drop - 
[09:12:54.021] [bmv2] [T] [thread 11337] [79.0] [cxt 0] Action MyIngress.drop
[09:12:54.021] [bmv2] [T] [thread 11337] [79.0] [cxt 0] straggler.p4(155) Primitive mark_to_drop(standard_metadata)
[09:12:54.021] [bmv2] [T] [thread 11337] [79.0] [cxt 0] straggler.p4(284) Condition "hdr.collective.isValid()" (node_3) is false
[09:12:54.021] [bmv2] [D] [thread 11337] [79.0] [cxt 0] Pipeline 'ingress': end
[09:12:54.021] [bmv2] [D] [thread 11337] [79.0] [cxt 0] Egress port is 511
[09:12:54.021] [bmv2] [D] [thread 11337] [79.0] [cxt 0] Dropping packet at the end of ingress
[09:12:54.118] [bmv2] [D] [thread 11337] [80.0] [cxt 0] Processing packet received on port 4
[09:12:54.118] [bmv2] [D] [thread 11337] [80.0] [cxt 0] Parser 'parser': start
[09:12:54.118] [bmv2] [D] [thread 11337] [80.0] [cxt 0] Parser 'parser' entering state 'start'
[09:12:54.118] [bmv2] [D] [thread 11337] [80.0] [cxt 0] Extracting header 'ethernet'
[09:12:54.119] [bmv2] [D] [thread 11337] [80.0] [cxt 0] Parser state 'start': key is 86dd
[09:12:54.119] [bmv2] [T] [thread 11337] [80.0] [cxt 0] Bytes parsed: 14
[09:12:54.119] [bmv2] [D] [thread 11337] [80.0] [cxt 0] Parser 'parser': end
[09:12:54.119] [bmv2] [D] [thread 11337] [80.0] [cxt 0] Pipeline 'ingress': start
[09:12:54.119] [bmv2] [T] [thread 11337] [80.0] [cxt 0] Applying table 'MyIngress.ipv4_forward'
[09:12:54.119] [bmv2] [D] [thread 11337] [80.0] [cxt 0] Looking up key:
* hdr.ipv4.dstAddr    : 00000000

[09:12:54.119] [bmv2] [D] [thread 11337] [80.0] [cxt 0] Table 'MyIngress.ipv4_forward': miss
[09:12:54.119] [bmv2] [D] [thread 11337] [80.0] [cxt 0] Action entry is MyIngress.drop - 
[09:12:54.122] [bmv2] [T] [thread 11337] [80.0] [cxt 0] Action MyIngress.drop
[09:12:54.122] [bmv2] [T] [thread 11337] [80.0] [cxt 0] straggler.p4(155) Primitive mark_to_drop(standard_metadata)
[09:12:54.122] [bmv2] [T] [thread 11337] [80.0] [cxt 0] straggler.p4(284) Condition "hdr.collective.isValid()" (node_3) is false
[09:12:54.122] [bmv2] [D] [thread 11337] [80.0] [cxt 0] Pipeline 'ingress': end
[09:12:54.122] [bmv2] [D] [thread 11337] [80.0] [cxt 0] Egress port is 511
[09:12:54.122] [bmv2] [D] [thread 11337] [80.0] [cxt 0] Dropping packet at the end of ingress
[09:12:54.295] [bmv2] [D] [thread 11337] [81.0] [cxt 0] Processing packet received on port 1
[09:12:54.295] [bmv2] [D] [thread 11337] [81.0] [cxt 0] Parser 'parser': start
[09:12:54.295] [bmv2] [D] [thread 11337] [81.0] [cxt 0] Parser 'parser' entering state 'start'
[09:12:54.295] [bmv2] [D] [thread 11337] [81.0] [cxt 0] Extracting header 'ethernet'
[09:12:54.295] [bmv2] [D] [thread 11337] [81.0] [cxt 0] Parser state 'start': key is 86dd
[09:12:54.295] [bmv2] [T] [thread 11337] [81.0] [cxt 0] Bytes parsed: 14
[09:12:54.295] [bmv2] [D] [thread 11337] [81.0] [cxt 0] Parser 'parser': end
[09:12:54.295] [bmv2] [D] [thread 11337] [81.0] [cxt 0] Pipeline 'ingress': start
[09:12:54.295] [bmv2] [T] [thread 11337] [81.0] [cxt 0] Applying table 'MyIngress.ipv4_forward'
[09:12:54.296] [bmv2] [D] [thread 11337] [81.0] [cxt 0] Looking up key:
* hdr.ipv4.dstAddr    : 00000000

[09:12:54.296] [bmv2] [D] [thread 11337] [81.0] [cxt 0] Table 'MyIngress.ipv4_forward': miss
[09:12:54.296] [bmv2] [D] [thread 11337] [81.0] [cxt 0] Action entry is MyIngress.drop - 
[09:12:54.296] [bmv2] [T] [thread 11337] [81.0] [cxt 0] Action MyIngress.drop
[09:12:54.296] [bmv2] [T] [thread 11337] [81.0] [cxt 0] straggler.p4(155) Primitive mark_to_drop(standard_metadata)
[09:12:54.296] [bmv2] [T] [thread 11337] [81.0] [cxt 0] straggler.p4(284) Condition "hdr.collective.isValid()" (node_3) is false
[09:12:54.296] [bmv2] [D] [thread 11337] [81.0] [cxt 0] Pipeline 'ingress': end
[09:12:54.296] [bmv2] [D] [thread 11337] [81.0] [cxt 0] Egress port is 511
[09:12:54.296] [bmv2] [D] [thread 11337] [81.0] [cxt 0] Dropping packet at the end of ingress
[09:12:54.330] [bmv2] [D] [thread 11337] [82.0] [cxt 0] Processing packet received on port 3
[09:12:54.330] [bmv2] [D] [thread 11337] [82.0] [cxt 0] Parser 'parser': start
[09:12:54.330] [bmv2] [D] [thread 11337] [82.0] [cxt 0] Parser 'parser' entering state 'start'
[09:12:54.330] [bmv2] [D] [thread 11337] [82.0] [cxt 0] Extracting header 'ethernet'
[09:12:54.330] [bmv2] [D] [thread 11337] [82.0] [cxt 0] Parser state 'start': key is 86dd
[09:12:54.330] [bmv2] [T] [thread 11337] [82.0] [cxt 0] Bytes parsed: 14
[09:12:54.330] [bmv2] [D] [thread 11337] [82.0] [cxt 0] Parser 'parser': end
[09:12:54.330] [bmv2] [D] [thread 11337] [82.0] [cxt 0] Pipeline 'ingress': start
[09:12:54.330] [bmv2] [T] [thread 11337] [82.0] [cxt 0] Applying table 'MyIngress.ipv4_forward'
[09:12:54.330] [bmv2] [D] [thread 11337] [82.0] [cxt 0] Looking up key:
* hdr.ipv4.dstAddr    : 00000000

[09:12:54.330] [bmv2] [D] [thread 11337] [82.0] [cxt 0] Table 'MyIngress.ipv4_forward': miss
[09:12:54.330] [bmv2] [D] [thread 11337] [82.0] [cxt 0] Action entry is MyIngress.drop - 
[09:12:54.330] [bmv2] [T] [thread 11337] [82.0] [cxt 0] Action MyIngress.drop
[09:12:54.330] [bmv2] [T] [thread 11337] [82.0] [cxt 0] straggler.p4(155) Primitive mark_to_drop(standard_metadata)
[09:12:54.330] [bmv2] [T] [thread 11337] [82.0] [cxt 0] straggler.p4(284) Condition "hdr.collective.isValid()" (node_3) is false
[09:12:54.330] [bmv2] [D] [thread 11337] [82.0] [cxt 0] Pipeline 'ingress': end
[09:12:54.330] [bmv2] [D] [thread 11337] [82.0] [cxt 0] Egress port is 511
[09:12:54.330] [bmv2] [D] [thread 11337] [82.0] [cxt 0] Dropping packet at the end of ingress
[09:12:54.462] [bmv2] [D] [thread 11337] [83.0] [cxt 0] Processing packet received on port 4
[09:12:54.462] [bmv2] [D] [thread 11337] [83.0] [cxt 0] Parser 'parser': start
[09:12:54.462] [bmv2] [D] [thread 11337] [83.0] [cxt 0] Parser 'parser' entering state 'start'
[09:12:54.462] [bmv2] [D] [thread 11337] [83.0] [cxt 0] Extracting header 'ethernet'
[09:12:54.462] [bmv2] [D] [thread 11337] [83.0] [cxt 0] Parser state 'start': key is 86dd
[09:12:54.462] [bmv2] [T] [thread 11337] [83.0] [cxt 0] Bytes parsed: 14
[09:12:54.462] [bmv2] [D] [thread 11337] [83.0] [cxt 0] Parser 'parser': end
[09:12:54.462] [bmv2] [D] [thread 11337] [83.0] [cxt 0] Pipeline 'ingress': start
[09:12:54.462] [bmv2] [T] [thread 11337] [83.0] [cxt 0] Applying table 'MyIngress.ipv4_forward'
[09:12:54.462] [bmv2] [D] [thread 11337] [83.0] [cxt 0] Looking up key:
* hdr.ipv4.dstAddr    : 00000000

[09:12:54.462] [bmv2] [D] [thread 11337] [83.0] [cxt 0] Table 'MyIngress.ipv4_forward': miss
[09:12:54.462] [bmv2] [D] [thread 11337] [83.0] [cxt 0] Action entry is MyIngress.drop - 
[09:12:54.462] [bmv2] [T] [thread 11337] [83.0] [cxt 0] Action MyIngress.drop
[09:12:54.462] [bmv2] [T] [thread 11337] [83.0] [cxt 0] straggler.p4(155) Primitive mark_to_drop(standard_metadata)
[09:12:54.462] [bmv2] [T] [thread 11337] [83.0] [cxt 0] straggler.p4(284) Condition "hdr.collective.isValid()" (node_3) is false
[09:12:54.462] [bmv2] [D] [thread 11337] [83.0] [cxt 0] Pipeline 'ingress': end
[09:12:54.462] [bmv2] [D] [thread 11337] [83.0] [cxt 0] Egress port is 511
[09:12:54.462] [bmv2] [D] [thread 11337] [83.0] [cxt 0] Dropping packet at the end of ingress
[09:12:54.607] [bmv2] [D] [thread 11337] [84.0] [cxt 0] Processing packet received on port 1
[09:12:54.607] [bmv2] [D] [thread 11337] [84.0] [cxt 0] Parser 'parser': start
[09:12:54.607] [bmv2] [D] [thread 11337] [84.0] [cxt 0] Parser 'parser' entering state 'start'
[09:12:54.607] [bmv2] [D] [thread 11337] [84.0] [cxt 0] Extracting header 'ethernet'
[09:12:54.607] [bmv2] [D] [thread 11337] [84.0] [cxt 0] Parser state 'start': key is 86dd
[09:12:54.607] [bmv2] [T] [thread 11337] [84.0] [cxt 0] Bytes parsed: 14
[09:12:54.607] [bmv2] [D] [thread 11337] [84.0] [cxt 0] Parser 'parser': end
[09:12:54.607] [bmv2] [D] [thread 11337] [84.0] [cxt 0] Pipeline 'ingress': start
[09:12:54.607] [bmv2] [T] [thread 11337] [84.0] [cxt 0] Applying table 'MyIngress.ipv4_forward'
[09:12:54.607] [bmv2] [D] [thread 11337] [84.0] [cxt 0] Looking up key:
* hdr.ipv4.dstAddr    : 00000000

[09:12:54.607] [bmv2] [D] [thread 11337] [84.0] [cxt 0] Table 'MyIngress.ipv4_forward': miss
[09:12:54.607] [bmv2] [D] [thread 11337] [84.0] [cxt 0] Action entry is MyIngress.drop - 
[09:12:54.607] [bmv2] [T] [thread 11337] [84.0] [cxt 0] Action MyIngress.drop
[09:12:54.607] [bmv2] [T] [thread 11337] [84.0] [cxt 0] straggler.p4(155) Primitive mark_to_drop(standard_metadata)
[09:12:54.607] [bmv2] [T] [thread 11337] [84.0] [cxt 0] straggler.p4(284) Condition "hdr.collective.isValid()" (node_3) is false
[09:12:54.607] [bmv2] [D] [thread 11337] [84.0] [cxt 0] Pipeline 'ingress': end
[09:12:54.607] [bmv2] [D] [thread 11337] [84.0] [cxt 0] Egress port is 511
[09:12:54.607] [bmv2] [D] [thread 11337] [84.0] [cxt 0] Dropping packet at the end of ingress
[09:12:54.649] [bmv2] [D] [thread 11337] [85.0] [cxt 0] Processing packet received on port 3
[09:12:54.649] [bmv2] [D] [thread 11337] [85.0] [cxt 0] Parser 'parser': start
[09:12:54.649] [bmv2] [D] [thread 11337] [85.0] [cxt 0] Parser 'parser' entering state 'start'
[09:12:54.649] [bmv2] [D] [thread 11337] [85.0] [cxt 0] Extracting header 'ethernet'
[09:12:54.649] [bmv2] [D] [thread 11337] [85.0] [cxt 0] Parser state 'start': key is 86dd
[09:12:54.649] [bmv2] [T] [thread 11337] [85.0] [cxt 0] Bytes parsed: 14
[09:12:54.649] [bmv2] [D] [thread 11337] [85.0] [cxt 0] Parser 'parser': end
[09:12:54.649] [bmv2] [D] [thread 11337] [85.0] [cxt 0] Pipeline 'ingress': start
[09:12:54.649] [bmv2] [T] [thread 11337] [85.0] [cxt 0] Applying table 'MyIngress.ipv4_forward'
[09:12:54.649] [bmv2] [D] [thread 11337] [85.0] [cxt 0] Looking up key:
* hdr.ipv4.dstAddr    : 00000000

[09:12:54.649] [bmv2] [D] [thread 11337] [85.0] [cxt 0] Table 'MyIngress.ipv4_forward': miss
[09:12:54.649] [bmv2] [D] [thread 11337] [85.0] [cxt 0] Action entry is MyIngress.drop - 
[09:12:54.649] [bmv2] [T] [thread 11337] [85.0] [cxt 0] Action MyIngress.drop
[09:12:54.649] [bmv2] [T] [thread 11337] [85.0] [cxt 0] straggler.p4(155) Primitive mark_to_drop(standard_metadata)
[09:12:54.649] [bmv2] [T] [thread 11337] [85.0] [cxt 0] straggler.p4(284) Condition "hdr.collective.isValid()" (node_3) is false
[09:12:54.649] [bmv2] [D] [thread 11337] [85.0] [cxt 0] Pipeline 'ingress': end
[09:12:54.649] [bmv2] [D] [thread 11337] [85.0] [cxt 0] Egress port is 511
[09:12:54.649] [bmv2] [D] [thread 11337] [85.0] [cxt 0] Dropping packet at the end of ingress
[09:12:54.715] [bmv2] [D] [thread 11337] [86.0] [cxt 0] Processing packet received on port 2
[09:12:54.715] [bmv2] [D] [thread 11337] [86.0] [cxt 0] Parser 'parser': start
[09:12:54.715] [bmv2] [D] [thread 11337] [86.0] [cxt 0] Parser 'parser' entering state 'start'
[09:12:54.715] [bmv2] [D] [thread 11337] [86.0] [cxt 0] Extracting header 'ethernet'
[09:12:54.715] [bmv2] [D] [thread 11337] [86.0] [cxt 0] Parser state 'start': key is 86dd
[09:12:54.715] [bmv2] [T] [thread 11337] [86.0] [cxt 0] Bytes parsed: 14
[09:12:54.715] [bmv2] [D] [thread 11337] [86.0] [cxt 0] Parser 'parser': end
[09:12:54.715] [bmv2] [D] [thread 11337] [86.0] [cxt 0] Pipeline 'ingress': start
[09:12:54.715] [bmv2] [T] [thread 11337] [86.0] [cxt 0] Applying table 'MyIngress.ipv4_forward'
[09:12:54.715] [bmv2] [D] [thread 11337] [86.0] [cxt 0] Looking up key:
* hdr.ipv4.dstAddr    : 00000000

[09:12:54.715] [bmv2] [D] [thread 11337] [86.0] [cxt 0] Table 'MyIngress.ipv4_forward': miss
[09:12:54.715] [bmv2] [D] [thread 11337] [86.0] [cxt 0] Action entry is MyIngress.drop - 
[09:12:54.715] [bmv2] [T] [thread 11337] [86.0] [cxt 0] Action MyIngress.drop
[09:12:54.715] [bmv2] [T] [thread 11337] [86.0] [cxt 0] straggler.p4(155) Primitive mark_to_drop(standard_metadata)
[09:12:54.715] [bmv2] [T] [thread 11337] [86.0] [cxt 0] straggler.p4(284) Condition "hdr.collective.isValid()" (node_3) is false
[09:12:54.715] [bmv2] [D] [thread 11337] [86.0] [cxt 0] Pipeline 'ingress': end
[09:12:54.715] [bmv2] [D] [thread 11337] [86.0] [cxt 0] Egress port is 511
[09:12:54.715] [bmv2] [D] [thread 11337] [86.0] [cxt 0] Dropping packet at the end of ingress
[09:12:54.723] [bmv2] [D] [thread 11337] [87.0] [cxt 0] Processing packet received on port 4
[09:12:54.723] [bmv2] [D] [thread 11337] [87.0] [cxt 0] Parser 'parser': start
[09:12:54.723] [bmv2] [D] [thread 11337] [87.0] [cxt 0] Parser 'parser' entering state 'start'
[09:12:54.723] [bmv2] [D] [thread 11337] [87.0] [cxt 0] Extracting header 'ethernet'
[09:12:54.723] [bmv2] [D] [thread 11337] [87.0] [cxt 0] Parser state 'start': key is 86dd
[09:12:54.723] [bmv2] [T] [thread 11337] [87.0] [cxt 0] Bytes parsed: 14
[09:12:54.723] [bmv2] [D] [thread 11337] [87.0] [cxt 0] Parser 'parser': end
[09:12:54.723] [bmv2] [D] [thread 11337] [87.0] [cxt 0] Pipeline 'ingress': start
[09:12:54.723] [bmv2] [T] [thread 11337] [87.0] [cxt 0] Applying table 'MyIngress.ipv4_forward'
[09:12:54.723] [bmv2] [D] [thread 11337] [87.0] [cxt 0] Looking up key:
* hdr.ipv4.dstAddr    : 00000000

[09:12:54.723] [bmv2] [D] [thread 11337] [87.0] [cxt 0] Table 'MyIngress.ipv4_forward': miss
[09:12:54.723] [bmv2] [D] [thread 11337] [87.0] [cxt 0] Action entry is MyIngress.drop - 
[09:12:54.723] [bmv2] [T] [thread 11337] [87.0] [cxt 0] Action MyIngress.drop
[09:12:54.723] [bmv2] [T] [thread 11337] [87.0] [cxt 0] straggler.p4(155) Primitive mark_to_drop(standard_metadata)
[09:12:54.723] [bmv2] [T] [thread 11337] [87.0] [cxt 0] straggler.p4(284) Condition "hdr.collective.isValid()" (node_3) is false
[09:12:54.723] [bmv2] [D] [thread 11337] [87.0] [cxt 0] Pipeline 'ingress': end
[09:12:54.723] [bmv2] [D] [thread 11337] [87.0] [cxt 0] Egress port is 511
[09:12:54.723] [bmv2] [D] [thread 11337] [87.0] [cxt 0] Dropping packet at the end of ingress
[09:12:55.033] [bmv2] [D] [thread 11337] [88.0] [cxt 0] Processing packet received on port 4
[09:12:55.033] [bmv2] [D] [thread 11337] [88.0] [cxt 0] Parser 'parser': start
[09:12:55.033] [bmv2] [D] [thread 11337] [88.0] [cxt 0] Parser 'parser' entering state 'start'
[09:12:55.033] [bmv2] [D] [thread 11337] [88.0] [cxt 0] Extracting header 'ethernet'
[09:12:55.033] [bmv2] [D] [thread 11337] [88.0] [cxt 0] Parser state 'start': key is 86dd
[09:12:55.033] [bmv2] [T] [thread 11337] [88.0] [cxt 0] Bytes parsed: 14
[09:12:55.033] [bmv2] [D] [thread 11337] [88.0] [cxt 0] Parser 'parser': end
[09:12:55.033] [bmv2] [D] [thread 11337] [88.0] [cxt 0] Pipeline 'ingress': start
[09:12:55.033] [bmv2] [T] [thread 11337] [88.0] [cxt 0] Applying table 'MyIngress.ipv4_forward'
[09:12:55.033] [bmv2] [D] [thread 11337] [88.0] [cxt 0] Looking up key:
* hdr.ipv4.dstAddr    : 00000000

[09:12:55.033] [bmv2] [D] [thread 11337] [88.0] [cxt 0] Table 'MyIngress.ipv4_forward': miss
[09:12:55.033] [bmv2] [D] [thread 11337] [88.0] [cxt 0] Action entry is MyIngress.drop - 
[09:12:55.033] [bmv2] [T] [thread 11337] [88.0] [cxt 0] Action MyIngress.drop
[09:12:55.033] [bmv2] [T] [thread 11337] [88.0] [cxt 0] straggler.p4(155) Primitive mark_to_drop(standard_metadata)
[09:12:55.033] [bmv2] [T] [thread 11337] [88.0] [cxt 0] straggler.p4(284) Condition "hdr.collective.isValid()" (node_3) is false
[09:12:55.033] [bmv2] [D] [thread 11337] [88.0] [cxt 0] Pipeline 'ingress': end
[09:12:55.033] [bmv2] [D] [thread 11337] [88.0] [cxt 0] Egress port is 511
[09:12:55.034] [bmv2] [D] [thread 11337] [88.0] [cxt 0] Dropping packet at the end of ingress
[09:12:55.235] [bmv2] [D] [thread 11337] [89.0] [cxt 0] Processing packet received on port 2
[09:12:55.235] [bmv2] [D] [thread 11337] [89.0] [cxt 0] Parser 'parser': start
[09:12:55.235] [bmv2] [D] [thread 11337] [89.0] [cxt 0] Parser 'parser' entering state 'start'
[09:12:55.235] [bmv2] [D] [thread 11337] [89.0] [cxt 0] Extracting header 'ethernet'
[09:12:55.235] [bmv2] [D] [thread 11337] [89.0] [cxt 0] Parser state 'start': key is 86dd
[09:12:55.235] [bmv2] [T] [thread 11337] [89.0] [cxt 0] Bytes parsed: 14
[09:12:55.235] [bmv2] [D] [thread 11337] [89.0] [cxt 0] Parser 'parser': end
[09:12:55.235] [bmv2] [D] [thread 11337] [89.0] [cxt 0] Pipeline 'ingress': start
[09:12:55.235] [bmv2] [T] [thread 11337] [89.0] [cxt 0] Applying table 'MyIngress.ipv4_forward'
[09:12:55.235] [bmv2] [D] [thread 11337] [89.0] [cxt 0] Looking up key:
* hdr.ipv4.dstAddr    : 00000000

[09:12:55.235] [bmv2] [D] [thread 11337] [89.0] [cxt 0] Table 'MyIngress.ipv4_forward': miss
[09:12:55.235] [bmv2] [D] [thread 11337] [89.0] [cxt 0] Action entry is MyIngress.drop - 
[09:12:55.235] [bmv2] [T] [thread 11337] [89.0] [cxt 0] Action MyIngress.drop
[09:12:55.235] [bmv2] [T] [thread 11337] [89.0] [cxt 0] straggler.p4(155) Primitive mark_to_drop(standard_metadata)
[09:12:55.235] [bmv2] [T] [thread 11337] [89.0] [cxt 0] straggler.p4(284) Condition "hdr.collective.isValid()" (node_3) is false
[09:12:55.235] [bmv2] [D] [thread 11337] [89.0] [cxt 0] Pipeline 'ingress': end
[09:12:55.235] [bmv2] [D] [thread 11337] [89.0] [cxt 0] Egress port is 511
[09:12:55.235] [bmv2] [D] [thread 11337] [89.0] [cxt 0] Dropping packet at the end of ingress
[09:12:55.235] [bmv2] [D] [thread 11337] [90.0] [cxt 0] Processing packet received on port 3
[09:12:55.235] [bmv2] [D] [thread 11337] [90.0] [cxt 0] Parser 'parser': start
[09:12:55.235] [bmv2] [D] [thread 11337] [90.0] [cxt 0] Parser 'parser' entering state 'start'
[09:12:55.235] [bmv2] [D] [thread 11337] [90.0] [cxt 0] Extracting header 'ethernet'
[09:12:55.235] [bmv2] [D] [thread 11337] [90.0] [cxt 0] Parser state 'start': key is 86dd
[09:12:55.235] [bmv2] [T] [thread 11337] [90.0] [cxt 0] Bytes parsed: 14
[09:12:55.235] [bmv2] [D] [thread 11337] [90.0] [cxt 0] Parser 'parser': end
[09:12:55.235] [bmv2] [D] [thread 11337] [90.0] [cxt 0] Pipeline 'ingress': start
[09:12:55.235] [bmv2] [T] [thread 11337] [90.0] [cxt 0] Applying table 'MyIngress.ipv4_forward'
[09:12:55.235] [bmv2] [D] [thread 11337] [90.0] [cxt 0] Looking up key:
* hdr.ipv4.dstAddr    : 00000000

[09:12:55.235] [bmv2] [D] [thread 11337] [90.0] [cxt 0] Table 'MyIngress.ipv4_forward': miss
[09:12:55.235] [bmv2] [D] [thread 11337] [90.0] [cxt 0] Action entry is MyIngress.drop - 
[09:12:55.235] [bmv2] [T] [thread 11337] [90.0] [cxt 0] Action MyIngress.drop
[09:12:55.235] [bmv2] [T] [thread 11337] [90.0] [cxt 0] straggler.p4(155) Primitive mark_to_drop(standard_metadata)
[09:12:55.235] [bmv2] [T] [thread 11337] [90.0] [cxt 0] straggler.p4(284) Condition "hdr.collective.isValid()" (node_3) is false
[09:12:55.235] [bmv2] [D] [thread 11337] [90.0] [cxt 0] Pipeline 'ingress': end
[09:12:55.235] [bmv2] [D] [thread 11337] [90.0] [cxt 0] Egress port is 511
[09:12:55.235] [bmv2] [D] [thread 11337] [90.0] [cxt 0] Dropping packet at the end of ingress
[09:12:55.235] [bmv2] [D] [thread 11337] [91.0] [cxt 0] Processing packet received on port 4
[09:12:55.235] [bmv2] [D] [thread 11337] [91.0] [cxt 0] Parser 'parser': start
[09:12:55.235] [bmv2] [D] [thread 11337] [91.0] [cxt 0] Parser 'parser' entering state 'start'
[09:12:55.235] [bmv2] [D] [thread 11337] [91.0] [cxt 0] Extracting header 'ethernet'
[09:12:55.235] [bmv2] [D] [thread 11337] [91.0] [cxt 0] Parser state 'start': key is 86dd
[09:12:55.235] [bmv2] [T] [thread 11337] [91.0] [cxt 0] Bytes parsed: 14
[09:12:55.235] [bmv2] [D] [thread 11337] [91.0] [cxt 0] Parser 'parser': end
[09:12:55.235] [bmv2] [D] [thread 11337] [91.0] [cxt 0] Pipeline 'ingress': start
[09:12:55.235] [bmv2] [T] [thread 11337] [91.0] [cxt 0] Applying table 'MyIngress.ipv4_forward'
[09:12:55.235] [bmv2] [D] [thread 11337] [91.0] [cxt 0] Looking up key:
* hdr.ipv4.dstAddr    : 00000000

[09:12:55.235] [bmv2] [D] [thread 11337] [91.0] [cxt 0] Table 'MyIngress.ipv4_forward': miss
[09:12:55.235] [bmv2] [D] [thread 11337] [91.0] [cxt 0] Action entry is MyIngress.drop - 
[09:12:55.235] [bmv2] [T] [thread 11337] [91.0] [cxt 0] Action MyIngress.drop
[09:12:55.235] [bmv2] [T] [thread 11337] [91.0] [cxt 0] straggler.p4(155) Primitive mark_to_drop(standard_metadata)
[09:12:55.235] [bmv2] [T] [thread 11337] [91.0] [cxt 0] straggler.p4(284) Condition "hdr.collective.isValid()" (node_3) is false
[09:12:55.235] [bmv2] [D] [thread 11337] [91.0] [cxt 0] Pipeline 'ingress': end
[09:12:55.235] [bmv2] [D] [thread 11337] [91.0] [cxt 0] Egress port is 511
[09:12:55.235] [bmv2] [D] [thread 11337] [91.0] [cxt 0] Dropping packet at the end of ingress
[09:12:57.415] [bmv2] [D] [thread 11337] [92.0] [cxt 0] Processing packet received on port 3
[09:12:57.415] [bmv2] [D] [thread 11337] [92.0] [cxt 0] Parser 'parser': start
[09:12:57.415] [bmv2] [D] [thread 11337] [92.0] [cxt 0] Parser 'parser' entering state 'start'
[09:12:57.415] [bmv2] [D] [thread 11337] [92.0] [cxt 0] Extracting header 'ethernet'
[09:12:57.415] [bmv2] [D] [thread 11337] [92.0] [cxt 0] Parser state 'start': key is 86dd
[09:12:57.415] [bmv2] [T] [thread 11337] [92.0] [cxt 0] Bytes parsed: 14
[09:12:57.415] [bmv2] [D] [thread 11337] [92.0] [cxt 0] Parser 'parser': end
[09:12:57.415] [bmv2] [D] [thread 11337] [92.0] [cxt 0] Pipeline 'ingress': start
[09:12:57.415] [bmv2] [T] [thread 11337] [92.0] [cxt 0] Applying table 'MyIngress.ipv4_forward'
[09:12:57.415] [bmv2] [D] [thread 11337] [92.0] [cxt 0] Looking up key:
* hdr.ipv4.dstAddr    : 00000000

[09:12:57.415] [bmv2] [D] [thread 11337] [92.0] [cxt 0] Table 'MyIngress.ipv4_forward': miss
[09:12:57.415] [bmv2] [D] [thread 11337] [92.0] [cxt 0] Action entry is MyIngress.drop - 
[09:12:57.415] [bmv2] [T] [thread 11337] [92.0] [cxt 0] Action MyIngress.drop
[09:12:57.415] [bmv2] [T] [thread 11337] [92.0] [cxt 0] straggler.p4(155) Primitive mark_to_drop(standard_metadata)
[09:12:57.416] [bmv2] [T] [thread 11337] [92.0] [cxt 0] straggler.p4(284) Condition "hdr.collective.isValid()" (node_3) is false
[09:12:57.416] [bmv2] [D] [thread 11337] [92.0] [cxt 0] Pipeline 'ingress': end
[09:12:57.416] [bmv2] [D] [thread 11337] [92.0] [cxt 0] Egress port is 511
[09:12:57.416] [bmv2] [D] [thread 11337] [92.0] [cxt 0] Dropping packet at the end of ingress
[09:12:57.546] [bmv2] [D] [thread 11337] [93.0] [cxt 0] Processing packet received on port 4
[09:12:57.546] [bmv2] [D] [thread 11337] [93.0] [cxt 0] Parser 'parser': start
[09:12:57.546] [bmv2] [D] [thread 11337] [93.0] [cxt 0] Parser 'parser' entering state 'start'
[09:12:57.546] [bmv2] [D] [thread 11337] [93.0] [cxt 0] Extracting header 'ethernet'
[09:12:57.546] [bmv2] [D] [thread 11337] [93.0] [cxt 0] Parser state 'start': key is 86dd
[09:12:57.546] [bmv2] [T] [thread 11337] [93.0] [cxt 0] Bytes parsed: 14
[09:12:57.546] [bmv2] [D] [thread 11337] [93.0] [cxt 0] Parser 'parser': end
[09:12:57.546] [bmv2] [D] [thread 11337] [93.0] [cxt 0] Pipeline 'ingress': start
[09:12:57.546] [bmv2] [T] [thread 11337] [93.0] [cxt 0] Applying table 'MyIngress.ipv4_forward'
[09:12:57.546] [bmv2] [D] [thread 11337] [93.0] [cxt 0] Looking up key:
* hdr.ipv4.dstAddr    : 00000000

[09:12:57.546] [bmv2] [D] [thread 11337] [93.0] [cxt 0] Table 'MyIngress.ipv4_forward': miss
[09:12:57.546] [bmv2] [D] [thread 11337] [93.0] [cxt 0] Action entry is MyIngress.drop - 
[09:12:57.546] [bmv2] [T] [thread 11337] [93.0] [cxt 0] Action MyIngress.drop
[09:12:57.546] [bmv2] [T] [thread 11337] [93.0] [cxt 0] straggler.p4(155) Primitive mark_to_drop(standard_metadata)
[09:12:57.546] [bmv2] [T] [thread 11337] [93.0] [cxt 0] straggler.p4(284) Condition "hdr.collective.isValid()" (node_3) is false
[09:12:57.546] [bmv2] [D] [thread 11337] [93.0] [cxt 0] Pipeline 'ingress': end
[09:12:57.546] [bmv2] [D] [thread 11337] [93.0] [cxt 0] Egress port is 511
[09:12:57.546] [bmv2] [D] [thread 11337] [93.0] [cxt 0] Dropping packet at the end of ingress
[09:12:57.713] [bmv2] [D] [thread 11337] [94.0] [cxt 0] Processing packet received on port 1
[09:12:57.713] [bmv2] [D] [thread 11337] [94.0] [cxt 0] Parser 'parser': start
[09:12:57.713] [bmv2] [D] [thread 11337] [94.0] [cxt 0] Parser 'parser' entering state 'start'
[09:12:57.713] [bmv2] [D] [thread 11337] [94.0] [cxt 0] Extracting header 'ethernet'
[09:12:57.713] [bmv2] [D] [thread 11337] [94.0] [cxt 0] Parser state 'start': key is 86dd
[09:12:57.713] [bmv2] [T] [thread 11337] [94.0] [cxt 0] Bytes parsed: 14
[09:12:57.713] [bmv2] [D] [thread 11337] [94.0] [cxt 0] Parser 'parser': end
[09:12:57.713] [bmv2] [D] [thread 11337] [94.0] [cxt 0] Pipeline 'ingress': start
[09:12:57.713] [bmv2] [T] [thread 11337] [94.0] [cxt 0] Applying table 'MyIngress.ipv4_forward'
[09:12:57.713] [bmv2] [D] [thread 11337] [94.0] [cxt 0] Looking up key:
* hdr.ipv4.dstAddr    : 00000000

[09:12:57.713] [bmv2] [D] [thread 11337] [94.0] [cxt 0] Table 'MyIngress.ipv4_forward': miss
[09:12:57.713] [bmv2] [D] [thread 11337] [94.0] [cxt 0] Action entry is MyIngress.drop - 
[09:12:57.713] [bmv2] [T] [thread 11337] [94.0] [cxt 0] Action MyIngress.drop
[09:12:57.713] [bmv2] [T] [thread 11337] [94.0] [cxt 0] straggler.p4(155) Primitive mark_to_drop(standard_metadata)
[09:12:57.713] [bmv2] [T] [thread 11337] [94.0] [cxt 0] straggler.p4(284) Condition "hdr.collective.isValid()" (node_3) is false
[09:12:57.713] [bmv2] [D] [thread 11337] [94.0] [cxt 0] Pipeline 'ingress': end
[09:12:57.714] [bmv2] [D] [thread 11337] [94.0] [cxt 0] Egress port is 511
[09:12:57.714] [bmv2] [D] [thread 11337] [94.0] [cxt 0] Dropping packet at the end of ingress
[09:12:57.754] [bmv2] [D] [thread 11337] [95.0] [cxt 0] Processing packet received on port 3
[09:12:57.754] [bmv2] [D] [thread 11337] [95.0] [cxt 0] Parser 'parser': start
[09:12:57.754] [bmv2] [D] [thread 11337] [95.0] [cxt 0] Parser 'parser' entering state 'start'
[09:12:57.754] [bmv2] [D] [thread 11337] [95.0] [cxt 0] Extracting header 'ethernet'
[09:12:57.754] [bmv2] [D] [thread 11337] [95.0] [cxt 0] Parser state 'start': key is 86dd
[09:12:57.754] [bmv2] [T] [thread 11337] [95.0] [cxt 0] Bytes parsed: 14
[09:12:57.754] [bmv2] [D] [thread 11337] [95.0] [cxt 0] Parser 'parser': end
[09:12:57.754] [bmv2] [D] [thread 11337] [95.0] [cxt 0] Pipeline 'ingress': start
[09:12:57.754] [bmv2] [T] [thread 11337] [95.0] [cxt 0] Applying table 'MyIngress.ipv4_forward'
[09:12:57.754] [bmv2] [D] [thread 11337] [95.0] [cxt 0] Looking up key:
* hdr.ipv4.dstAddr    : 00000000

[09:12:57.754] [bmv2] [D] [thread 11337] [95.0] [cxt 0] Table 'MyIngress.ipv4_forward': miss
[09:12:57.754] [bmv2] [D] [thread 11337] [95.0] [cxt 0] Action entry is MyIngress.drop - 
[09:12:57.754] [bmv2] [T] [thread 11337] [95.0] [cxt 0] Action MyIngress.drop
[09:12:57.754] [bmv2] [T] [thread 11337] [95.0] [cxt 0] straggler.p4(155) Primitive mark_to_drop(standard_metadata)
[09:12:57.754] [bmv2] [T] [thread 11337] [95.0] [cxt 0] straggler.p4(284) Condition "hdr.collective.isValid()" (node_3) is false
[09:12:57.755] [bmv2] [D] [thread 11337] [95.0] [cxt 0] Pipeline 'ingress': end
[09:12:57.755] [bmv2] [D] [thread 11337] [95.0] [cxt 0] Egress port is 511
[09:12:57.755] [bmv2] [D] [thread 11337] [95.0] [cxt 0] Dropping packet at the end of ingress
[09:12:57.795] [bmv2] [D] [thread 11337] [96.0] [cxt 0] Processing packet received on port 2
[09:12:57.795] [bmv2] [D] [thread 11337] [96.0] [cxt 0] Parser 'parser': start
[09:12:57.796] [bmv2] [D] [thread 11337] [96.0] [cxt 0] Parser 'parser' entering state 'start'
[09:12:57.796] [bmv2] [D] [thread 11337] [96.0] [cxt 0] Extracting header 'ethernet'
[09:12:57.796] [bmv2] [D] [thread 11337] [96.0] [cxt 0] Parser state 'start': key is 86dd
[09:12:57.796] [bmv2] [T] [thread 11337] [96.0] [cxt 0] Bytes parsed: 14
[09:12:57.796] [bmv2] [D] [thread 11337] [96.0] [cxt 0] Parser 'parser': end
[09:12:57.796] [bmv2] [D] [thread 11337] [96.0] [cxt 0] Pipeline 'ingress': start
[09:12:57.796] [bmv2] [T] [thread 11337] [96.0] [cxt 0] Applying table 'MyIngress.ipv4_forward'
[09:12:57.796] [bmv2] [D] [thread 11337] [96.0] [cxt 0] Looking up key:
* hdr.ipv4.dstAddr    : 00000000

[09:12:57.796] [bmv2] [D] [thread 11337] [96.0] [cxt 0] Table 'MyIngress.ipv4_forward': miss
[09:12:57.796] [bmv2] [D] [thread 11337] [96.0] [cxt 0] Action entry is MyIngress.drop - 
[09:12:57.796] [bmv2] [T] [thread 11337] [96.0] [cxt 0] Action MyIngress.drop
[09:12:57.796] [bmv2] [T] [thread 11337] [96.0] [cxt 0] straggler.p4(155) Primitive mark_to_drop(standard_metadata)
[09:12:57.796] [bmv2] [T] [thread 11337] [96.0] [cxt 0] straggler.p4(284) Condition "hdr.collective.isValid()" (node_3) is false
[09:12:57.796] [bmv2] [D] [thread 11337] [96.0] [cxt 0] Pipeline 'ingress': end
[09:12:57.796] [bmv2] [D] [thread 11337] [96.0] [cxt 0] Egress port is 511
[09:12:57.796] [bmv2] [D] [thread 11337] [96.0] [cxt 0] Dropping packet at the end of ingress
[09:12:58.118] [bmv2] [D] [thread 11337] [97.0] [cxt 0] Processing packet received on port 4
[09:12:58.118] [bmv2] [D] [thread 11337] [97.0] [cxt 0] Parser 'parser': start
[09:12:58.118] [bmv2] [D] [thread 11337] [97.0] [cxt 0] Parser 'parser' entering state 'start'
[09:12:58.118] [bmv2] [D] [thread 11337] [97.0] [cxt 0] Extracting header 'ethernet'
[09:12:58.118] [bmv2] [D] [thread 11337] [97.0] [cxt 0] Parser state 'start': key is 86dd
[09:12:58.118] [bmv2] [T] [thread 11337] [97.0] [cxt 0] Bytes parsed: 14
[09:12:58.118] [bmv2] [D] [thread 11337] [97.0] [cxt 0] Parser 'parser': end
[09:12:58.118] [bmv2] [D] [thread 11337] [97.0] [cxt 0] Pipeline 'ingress': start
[09:12:58.118] [bmv2] [T] [thread 11337] [97.0] [cxt 0] Applying table 'MyIngress.ipv4_forward'
[09:12:58.118] [bmv2] [D] [thread 11337] [97.0] [cxt 0] Looking up key:
* hdr.ipv4.dstAddr    : 00000000

[09:12:58.118] [bmv2] [D] [thread 11337] [97.0] [cxt 0] Table 'MyIngress.ipv4_forward': miss
[09:12:58.118] [bmv2] [D] [thread 11337] [97.0] [cxt 0] Action entry is MyIngress.drop - 
[09:12:58.118] [bmv2] [T] [thread 11337] [97.0] [cxt 0] Action MyIngress.drop
[09:12:58.118] [bmv2] [T] [thread 11337] [97.0] [cxt 0] straggler.p4(155) Primitive mark_to_drop(standard_metadata)
[09:12:58.118] [bmv2] [T] [thread 11337] [97.0] [cxt 0] straggler.p4(284) Condition "hdr.collective.isValid()" (node_3) is false
[09:12:58.118] [bmv2] [D] [thread 11337] [97.0] [cxt 0] Pipeline 'ingress': end
[09:12:58.118] [bmv2] [D] [thread 11337] [97.0] [cxt 0] Egress port is 511
[09:12:58.118] [bmv2] [D] [thread 11337] [97.0] [cxt 0] Dropping packet at the end of ingress
[09:13:01.892] [bmv2] [D] [thread 11337] [98.0] [cxt 0] Processing packet received on port 3
[09:13:01.892] [bmv2] [D] [thread 11337] [98.0] [cxt 0] Parser 'parser': start
[09:13:01.892] [bmv2] [D] [thread 11337] [98.0] [cxt 0] Parser 'parser' entering state 'start'
[09:13:01.892] [bmv2] [D] [thread 11337] [98.0] [cxt 0] Extracting header 'ethernet'
[09:13:01.892] [bmv2] [D] [thread 11337] [98.0] [cxt 0] Parser state 'start': key is 86dd
[09:13:01.892] [bmv2] [T] [thread 11337] [98.0] [cxt 0] Bytes parsed: 14
[09:13:01.892] [bmv2] [D] [thread 11337] [98.0] [cxt 0] Parser 'parser': end
[09:13:01.892] [bmv2] [D] [thread 11337] [98.0] [cxt 0] Pipeline 'ingress': start
[09:13:01.892] [bmv2] [T] [thread 11337] [98.0] [cxt 0] Applying table 'MyIngress.ipv4_forward'
[09:13:01.892] [bmv2] [D] [thread 11337] [98.0] [cxt 0] Looking up key:
* hdr.ipv4.dstAddr    : 00000000

[09:13:01.892] [bmv2] [D] [thread 11337] [98.0] [cxt 0] Table 'MyIngress.ipv4_forward': miss
[09:13:01.892] [bmv2] [D] [thread 11337] [98.0] [cxt 0] Action entry is MyIngress.drop - 
[09:13:01.892] [bmv2] [T] [thread 11337] [98.0] [cxt 0] Action MyIngress.drop
[09:13:01.892] [bmv2] [T] [thread 11337] [98.0] [cxt 0] straggler.p4(155) Primitive mark_to_drop(standard_metadata)
[09:13:01.892] [bmv2] [T] [thread 11337] [98.0] [cxt 0] straggler.p4(284) Condition "hdr.collective.isValid()" (node_3) is false
[09:13:01.892] [bmv2] [D] [thread 11337] [98.0] [cxt 0] Pipeline 'ingress': end
[09:13:01.892] [bmv2] [D] [thread 11337] [98.0] [cxt 0] Egress port is 511
[09:13:01.892] [bmv2] [D] [thread 11337] [98.0] [cxt 0] Dropping packet at the end of ingress
[09:13:02.424] [bmv2] [D] [thread 11337] [99.0] [cxt 0] Processing packet received on port 1
[09:13:02.424] [bmv2] [D] [thread 11337] [99.0] [cxt 0] Parser 'parser': start
[09:13:02.424] [bmv2] [D] [thread 11337] [99.0] [cxt 0] Parser 'parser' entering state 'start'
[09:13:02.424] [bmv2] [D] [thread 11337] [99.0] [cxt 0] Extracting header 'ethernet'
[09:13:02.424] [bmv2] [D] [thread 11337] [99.0] [cxt 0] Parser state 'start': key is 86dd
[09:13:02.424] [bmv2] [T] [thread 11337] [99.0] [cxt 0] Bytes parsed: 14
[09:13:02.424] [bmv2] [D] [thread 11337] [99.0] [cxt 0] Parser 'parser': end
[09:13:02.424] [bmv2] [D] [thread 11337] [99.0] [cxt 0] Pipeline 'ingress': start
[09:13:02.425] [bmv2] [T] [thread 11337] [99.0] [cxt 0] Applying table 'MyIngress.ipv4_forward'
[09:13:02.425] [bmv2] [D] [thread 11337] [99.0] [cxt 0] Looking up key:
* hdr.ipv4.dstAddr    : 00000000

[09:13:02.425] [bmv2] [D] [thread 11337] [99.0] [cxt 0] Table 'MyIngress.ipv4_forward': miss
[09:13:02.425] [bmv2] [D] [thread 11337] [99.0] [cxt 0] Action entry is MyIngress.drop - 
[09:13:02.425] [bmv2] [T] [thread 11337] [99.0] [cxt 0] Action MyIngress.drop
[09:13:02.425] [bmv2] [T] [thread 11337] [99.0] [cxt 0] straggler.p4(155) Primitive mark_to_drop(standard_metadata)
[09:13:02.425] [bmv2] [T] [thread 11337] [99.0] [cxt 0] straggler.p4(284) Condition "hdr.collective.isValid()" (node_3) is false
[09:13:02.425] [bmv2] [D] [thread 11337] [99.0] [cxt 0] Pipeline 'ingress': end
[09:13:02.425] [bmv2] [D] [thread 11337] [99.0] [cxt 0] Egress port is 511
[09:13:02.425] [bmv2] [D] [thread 11337] [99.0] [cxt 0] Dropping packet at the end of ingress
[09:13:02.917] [bmv2] [D] [thread 11337] [100.0] [cxt 0] Processing packet received on port 4
[09:13:02.917] [bmv2] [D] [thread 11337] [100.0] [cxt 0] Parser 'parser': start
[09:13:02.917] [bmv2] [D] [thread 11337] [100.0] [cxt 0] Parser 'parser' entering state 'start'
[09:13:02.917] [bmv2] [D] [thread 11337] [100.0] [cxt 0] Extracting header 'ethernet'
[09:13:02.918] [bmv2] [D] [thread 11337] [100.0] [cxt 0] Parser state 'start': key is 86dd
[09:13:02.918] [bmv2] [T] [thread 11337] [100.0] [cxt 0] Bytes parsed: 14
[09:13:02.918] [bmv2] [D] [thread 11337] [100.0] [cxt 0] Parser 'parser': end
[09:13:02.918] [bmv2] [D] [thread 11337] [100.0] [cxt 0] Pipeline 'ingress': start
[09:13:02.918] [bmv2] [T] [thread 11337] [100.0] [cxt 0] Applying table 'MyIngress.ipv4_forward'
[09:13:02.918] [bmv2] [D] [thread 11337] [100.0] [cxt 0] Looking up key:
* hdr.ipv4.dstAddr    : 00000000

[09:13:02.918] [bmv2] [D] [thread 11337] [100.0] [cxt 0] Table 'MyIngress.ipv4_forward': miss
[09:13:02.918] [bmv2] [D] [thread 11337] [100.0] [cxt 0] Action entry is MyIngress.drop - 
[09:13:02.918] [bmv2] [T] [thread 11337] [100.0] [cxt 0] Action MyIngress.drop
[09:13:02.918] [bmv2] [T] [thread 11337] [100.0] [cxt 0] straggler.p4(155) Primitive mark_to_drop(standard_metadata)
[09:13:02.918] [bmv2] [T] [thread 11337] [100.0] [cxt 0] straggler.p4(284) Condition "hdr.collective.isValid()" (node_3) is false
[09:13:02.918] [bmv2] [D] [thread 11337] [100.0] [cxt 0] Pipeline 'ingress': end
[09:13:02.918] [bmv2] [D] [thread 11337] [100.0] [cxt 0] Egress port is 511
[09:13:02.918] [bmv2] [D] [thread 11337] [100.0] [cxt 0] Dropping packet at the end of ingress
[09:13:03.429] [bmv2] [D] [thread 11337] [101.0] [cxt 0] Processing packet received on port 4
[09:13:03.429] [bmv2] [D] [thread 11337] [101.0] [cxt 0] Parser 'parser': start
[09:13:03.429] [bmv2] [D] [thread 11337] [101.0] [cxt 0] Parser 'parser' entering state 'start'
[09:13:03.429] [bmv2] [D] [thread 11337] [101.0] [cxt 0] Extracting header 'ethernet'
[09:13:03.429] [bmv2] [D] [thread 11337] [101.0] [cxt 0] Parser state 'start': key is 86dd
[09:13:03.429] [bmv2] [T] [thread 11337] [101.0] [cxt 0] Bytes parsed: 14
[09:13:03.429] [bmv2] [D] [thread 11337] [101.0] [cxt 0] Parser 'parser': end
[09:13:03.429] [bmv2] [D] [thread 11337] [101.0] [cxt 0] Pipeline 'ingress': start
[09:13:03.429] [bmv2] [T] [thread 11337] [101.0] [cxt 0] Applying table 'MyIngress.ipv4_forward'
[09:13:03.429] [bmv2] [D] [thread 11337] [101.0] [cxt 0] Looking up key:
* hdr.ipv4.dstAddr    : 00000000

[09:13:03.429] [bmv2] [D] [thread 11337] [101.0] [cxt 0] Table 'MyIngress.ipv4_forward': miss
[09:13:03.429] [bmv2] [D] [thread 11337] [101.0] [cxt 0] Action entry is MyIngress.drop - 
[09:13:03.429] [bmv2] [T] [thread 11337] [101.0] [cxt 0] Action MyIngress.drop
[09:13:03.429] [bmv2] [T] [thread 11337] [101.0] [cxt 0] straggler.p4(155) Primitive mark_to_drop(standard_metadata)
[09:13:03.429] [bmv2] [T] [thread 11337] [101.0] [cxt 0] straggler.p4(284) Condition "hdr.collective.isValid()" (node_3) is false
[09:13:03.429] [bmv2] [D] [thread 11337] [101.0] [cxt 0] Pipeline 'ingress': end
[09:13:03.429] [bmv2] [D] [thread 11337] [101.0] [cxt 0] Egress port is 511
[09:13:03.429] [bmv2] [D] [thread 11337] [101.0] [cxt 0] Dropping packet at the end of ingress
[09:13:03.940] [bmv2] [D] [thread 11337] [102.0] [cxt 0] Processing packet received on port 3
[09:13:03.940] [bmv2] [D] [thread 11337] [102.0] [cxt 0] Parser 'parser': start
[09:13:03.940] [bmv2] [D] [thread 11337] [102.0] [cxt 0] Parser 'parser' entering state 'start'
[09:13:03.940] [bmv2] [D] [thread 11337] [102.0] [cxt 0] Extracting header 'ethernet'
[09:13:03.940] [bmv2] [D] [thread 11337] [102.0] [cxt 0] Parser state 'start': key is 86dd
[09:13:03.940] [bmv2] [T] [thread 11337] [102.0] [cxt 0] Bytes parsed: 14
[09:13:03.940] [bmv2] [D] [thread 11337] [102.0] [cxt 0] Parser 'parser': end
[09:13:03.940] [bmv2] [D] [thread 11337] [102.0] [cxt 0] Pipeline 'ingress': start
[09:13:03.941] [bmv2] [T] [thread 11337] [102.0] [cxt 0] Applying table 'MyIngress.ipv4_forward'
[09:13:03.941] [bmv2] [D] [thread 11337] [102.0] [cxt 0] Looking up key:
* hdr.ipv4.dstAddr    : 00000000

[09:13:03.941] [bmv2] [D] [thread 11337] [102.0] [cxt 0] Table 'MyIngress.ipv4_forward': miss
[09:13:03.941] [bmv2] [D] [thread 11337] [102.0] [cxt 0] Action entry is MyIngress.drop - 
[09:13:03.941] [bmv2] [T] [thread 11337] [102.0] [cxt 0] Action MyIngress.drop
[09:13:03.941] [bmv2] [T] [thread 11337] [102.0] [cxt 0] straggler.p4(155) Primitive mark_to_drop(standard_metadata)
[09:13:03.941] [bmv2] [T] [thread 11337] [102.0] [cxt 0] straggler.p4(284) Condition "hdr.collective.isValid()" (node_3) is false
[09:13:03.941] [bmv2] [D] [thread 11337] [102.0] [cxt 0] Pipeline 'ingress': end
[09:13:03.941] [bmv2] [D] [thread 11337] [102.0] [cxt 0] Egress port is 511
[09:13:03.941] [bmv2] [D] [thread 11337] [102.0] [cxt 0] Dropping packet at the end of ingress
[09:13:04.453] [bmv2] [D] [thread 11337] [103.0] [cxt 0] Processing packet received on port 2
[09:13:04.454] [bmv2] [D] [thread 11337] [103.0] [cxt 0] Parser 'parser': start
[09:13:04.454] [bmv2] [D] [thread 11337] [103.0] [cxt 0] Parser 'parser' entering state 'start'
[09:13:04.454] [bmv2] [D] [thread 11337] [103.0] [cxt 0] Extracting header 'ethernet'
[09:13:04.454] [bmv2] [D] [thread 11337] [103.0] [cxt 0] Parser state 'start': key is 86dd
[09:13:04.455] [bmv2] [T] [thread 11337] [103.0] [cxt 0] Bytes parsed: 14
[09:13:04.455] [bmv2] [D] [thread 11337] [103.0] [cxt 0] Parser 'parser': end
[09:13:04.455] [bmv2] [D] [thread 11337] [103.0] [cxt 0] Pipeline 'ingress': start
[09:13:04.456] [bmv2] [T] [thread 11337] [103.0] [cxt 0] Applying table 'MyIngress.ipv4_forward'
[09:13:04.456] [bmv2] [D] [thread 11337] [103.0] [cxt 0] Looking up key:
* hdr.ipv4.dstAddr    : 00000000

[09:13:04.456] [bmv2] [D] [thread 11337] [103.0] [cxt 0] Table 'MyIngress.ipv4_forward': miss
[09:13:04.456] [bmv2] [D] [thread 11337] [103.0] [cxt 0] Action entry is MyIngress.drop - 
[09:13:04.456] [bmv2] [T] [thread 11337] [103.0] [cxt 0] Action MyIngress.drop
[09:13:04.456] [bmv2] [T] [thread 11337] [103.0] [cxt 0] straggler.p4(155) Primitive mark_to_drop(standard_metadata)
[09:13:04.456] [bmv2] [T] [thread 11337] [103.0] [cxt 0] straggler.p4(284) Condition "hdr.collective.isValid()" (node_3) is false
[09:13:04.456] [bmv2] [D] [thread 11337] [103.0] [cxt 0] Pipeline 'ingress': end
[09:13:04.456] [bmv2] [D] [thread 11337] [103.0] [cxt 0] Egress port is 511
[09:13:04.456] [bmv2] [D] [thread 11337] [103.0] [cxt 0] Dropping packet at the end of ingress
[09:13:05.417] [bmv2] [D] [thread 11337] [104.0] [cxt 0] Processing packet received on port 3
[09:13:05.417] [bmv2] [D] [thread 11337] [104.0] [cxt 0] Parser 'parser': start
[09:13:05.417] [bmv2] [D] [thread 11337] [104.0] [cxt 0] Parser 'parser' entering state 'start'
[09:13:05.417] [bmv2] [D] [thread 11337] [104.0] [cxt 0] Extracting header 'ethernet'
[09:13:05.417] [bmv2] [D] [thread 11337] [104.0] [cxt 0] Parser state 'start': key is 86dd
[09:13:05.417] [bmv2] [T] [thread 11337] [104.0] [cxt 0] Bytes parsed: 14
[09:13:05.417] [bmv2] [D] [thread 11337] [104.0] [cxt 0] Parser 'parser': end
[09:13:05.417] [bmv2] [D] [thread 11337] [104.0] [cxt 0] Pipeline 'ingress': start
[09:13:05.417] [bmv2] [T] [thread 11337] [104.0] [cxt 0] Applying table 'MyIngress.ipv4_forward'
[09:13:05.417] [bmv2] [D] [thread 11337] [104.0] [cxt 0] Looking up key:
* hdr.ipv4.dstAddr    : 00000000

[09:13:05.417] [bmv2] [D] [thread 11337] [104.0] [cxt 0] Table 'MyIngress.ipv4_forward': miss
[09:13:05.417] [bmv2] [D] [thread 11337] [104.0] [cxt 0] Action entry is MyIngress.drop - 
[09:13:05.417] [bmv2] [T] [thread 11337] [104.0] [cxt 0] Action MyIngress.drop
[09:13:05.417] [bmv2] [T] [thread 11337] [104.0] [cxt 0] straggler.p4(155) Primitive mark_to_drop(standard_metadata)
[09:13:05.417] [bmv2] [T] [thread 11337] [104.0] [cxt 0] straggler.p4(284) Condition "hdr.collective.isValid()" (node_3) is false
[09:13:05.417] [bmv2] [D] [thread 11337] [104.0] [cxt 0] Pipeline 'ingress': end
[09:13:05.417] [bmv2] [D] [thread 11337] [104.0] [cxt 0] Egress port is 511
[09:13:05.417] [bmv2] [D] [thread 11337] [104.0] [cxt 0] Dropping packet at the end of ingress
[09:13:05.545] [bmv2] [D] [thread 11337] [105.0] [cxt 0] Processing packet received on port 4
[09:13:05.546] [bmv2] [D] [thread 11337] [105.0] [cxt 0] Parser 'parser': start
[09:13:05.546] [bmv2] [D] [thread 11337] [105.0] [cxt 0] Parser 'parser' entering state 'start'
[09:13:05.546] [bmv2] [D] [thread 11337] [105.0] [cxt 0] Extracting header 'ethernet'
[09:13:05.546] [bmv2] [D] [thread 11337] [105.0] [cxt 0] Parser state 'start': key is 86dd
[09:13:05.546] [bmv2] [T] [thread 11337] [105.0] [cxt 0] Bytes parsed: 14
[09:13:05.546] [bmv2] [D] [thread 11337] [105.0] [cxt 0] Parser 'parser': end
[09:13:05.546] [bmv2] [D] [thread 11337] [105.0] [cxt 0] Pipeline 'ingress': start
[09:13:05.546] [bmv2] [T] [thread 11337] [105.0] [cxt 0] Applying table 'MyIngress.ipv4_forward'
[09:13:05.546] [bmv2] [D] [thread 11337] [105.0] [cxt 0] Looking up key:
* hdr.ipv4.dstAddr    : 00000000

[09:13:05.546] [bmv2] [D] [thread 11337] [105.0] [cxt 0] Table 'MyIngress.ipv4_forward': miss
[09:13:05.546] [bmv2] [D] [thread 11337] [105.0] [cxt 0] Action entry is MyIngress.drop - 
[09:13:05.546] [bmv2] [T] [thread 11337] [105.0] [cxt 0] Action MyIngress.drop
[09:13:05.546] [bmv2] [T] [thread 11337] [105.0] [cxt 0] straggler.p4(155) Primitive mark_to_drop(standard_metadata)
[09:13:05.546] [bmv2] [T] [thread 11337] [105.0] [cxt 0] straggler.p4(284) Condition "hdr.collective.isValid()" (node_3) is false
[09:13:05.546] [bmv2] [D] [thread 11337] [105.0] [cxt 0] Pipeline 'ingress': end
[09:13:05.546] [bmv2] [D] [thread 11337] [105.0] [cxt 0] Egress port is 511
[09:13:05.546] [bmv2] [D] [thread 11337] [105.0] [cxt 0] Dropping packet at the end of ingress
[09:13:05.696] [bmv2] [D] [thread 11337] [106.0] [cxt 0] Processing packet received on port 1
[09:13:05.696] [bmv2] [D] [thread 11337] [106.0] [cxt 0] Parser 'parser': start
[09:13:05.696] [bmv2] [D] [thread 11337] [106.0] [cxt 0] Parser 'parser' entering state 'start'
[09:13:05.696] [bmv2] [D] [thread 11337] [106.0] [cxt 0] Extracting header 'ethernet'
[09:13:05.696] [bmv2] [D] [thread 11337] [106.0] [cxt 0] Parser state 'start': key is 86dd
[09:13:05.696] [bmv2] [T] [thread 11337] [106.0] [cxt 0] Bytes parsed: 14
[09:13:05.696] [bmv2] [D] [thread 11337] [106.0] [cxt 0] Parser 'parser': end
[09:13:05.696] [bmv2] [D] [thread 11337] [106.0] [cxt 0] Pipeline 'ingress': start
[09:13:05.696] [bmv2] [T] [thread 11337] [106.0] [cxt 0] Applying table 'MyIngress.ipv4_forward'
[09:13:05.696] [bmv2] [D] [thread 11337] [106.0] [cxt 0] Looking up key:
* hdr.ipv4.dstAddr    : 00000000

[09:13:05.696] [bmv2] [D] [thread 11337] [106.0] [cxt 0] Table 'MyIngress.ipv4_forward': miss
[09:13:05.696] [bmv2] [D] [thread 11337] [106.0] [cxt 0] Action entry is MyIngress.drop - 
[09:13:05.696] [bmv2] [T] [thread 11337] [106.0] [cxt 0] Action MyIngress.drop
[09:13:05.696] [bmv2] [T] [thread 11337] [106.0] [cxt 0] straggler.p4(155) Primitive mark_to_drop(standard_metadata)
[09:13:05.696] [bmv2] [T] [thread 11337] [106.0] [cxt 0] straggler.p4(284) Condition "hdr.collective.isValid()" (node_3) is false
[09:13:05.696] [bmv2] [D] [thread 11337] [106.0] [cxt 0] Pipeline 'ingress': end
[09:13:05.696] [bmv2] [D] [thread 11337] [106.0] [cxt 0] Egress port is 511
[09:13:05.696] [bmv2] [D] [thread 11337] [106.0] [cxt 0] Dropping packet at the end of ingress
[09:13:05.740] [bmv2] [D] [thread 11337] [107.0] [cxt 0] Processing packet received on port 3
[09:13:05.740] [bmv2] [D] [thread 11337] [107.0] [cxt 0] Parser 'parser': start
[09:13:05.740] [bmv2] [D] [thread 11337] [107.0] [cxt 0] Parser 'parser' entering state 'start'
[09:13:05.740] [bmv2] [D] [thread 11337] [107.0] [cxt 0] Extracting header 'ethernet'
[09:13:05.740] [bmv2] [D] [thread 11337] [107.0] [cxt 0] Parser state 'start': key is 86dd
[09:13:05.740] [bmv2] [T] [thread 11337] [107.0] [cxt 0] Bytes parsed: 14
[09:13:05.740] [bmv2] [D] [thread 11337] [107.0] [cxt 0] Parser 'parser': end
[09:13:05.740] [bmv2] [D] [thread 11337] [107.0] [cxt 0] Pipeline 'ingress': start
[09:13:05.740] [bmv2] [T] [thread 11337] [107.0] [cxt 0] Applying table 'MyIngress.ipv4_forward'
[09:13:05.740] [bmv2] [D] [thread 11337] [107.0] [cxt 0] Looking up key:
* hdr.ipv4.dstAddr    : 00000000

[09:13:05.740] [bmv2] [D] [thread 11337] [107.0] [cxt 0] Table 'MyIngress.ipv4_forward': miss
[09:13:05.740] [bmv2] [D] [thread 11337] [107.0] [cxt 0] Action entry is MyIngress.drop - 
[09:13:05.740] [bmv2] [T] [thread 11337] [107.0] [cxt 0] Action MyIngress.drop
[09:13:05.740] [bmv2] [T] [thread 11337] [107.0] [cxt 0] straggler.p4(155) Primitive mark_to_drop(standard_metadata)
[09:13:05.740] [bmv2] [T] [thread 11337] [107.0] [cxt 0] straggler.p4(284) Condition "hdr.collective.isValid()" (node_3) is false
[09:13:05.740] [bmv2] [D] [thread 11337] [107.0] [cxt 0] Pipeline 'ingress': end
[09:13:05.740] [bmv2] [D] [thread 11337] [107.0] [cxt 0] Egress port is 511
[09:13:05.740] [bmv2] [D] [thread 11337] [107.0] [cxt 0] Dropping packet at the end of ingress
[09:13:05.796] [bmv2] [D] [thread 11337] [108.0] [cxt 0] Processing packet received on port 2
[09:13:05.796] [bmv2] [D] [thread 11337] [108.0] [cxt 0] Parser 'parser': start
[09:13:05.796] [bmv2] [D] [thread 11337] [108.0] [cxt 0] Parser 'parser' entering state 'start'
[09:13:05.796] [bmv2] [D] [thread 11337] [108.0] [cxt 0] Extracting header 'ethernet'
[09:13:05.796] [bmv2] [D] [thread 11337] [108.0] [cxt 0] Parser state 'start': key is 86dd
[09:13:05.796] [bmv2] [T] [thread 11337] [108.0] [cxt 0] Bytes parsed: 14
[09:13:05.796] [bmv2] [D] [thread 11337] [108.0] [cxt 0] Parser 'parser': end
[09:13:05.796] [bmv2] [D] [thread 11337] [108.0] [cxt 0] Pipeline 'ingress': start
[09:13:05.796] [bmv2] [T] [thread 11337] [108.0] [cxt 0] Applying table 'MyIngress.ipv4_forward'
[09:13:05.796] [bmv2] [D] [thread 11337] [108.0] [cxt 0] Looking up key:
* hdr.ipv4.dstAddr    : 00000000

[09:13:05.796] [bmv2] [D] [thread 11337] [108.0] [cxt 0] Table 'MyIngress.ipv4_forward': miss
[09:13:05.796] [bmv2] [D] [thread 11337] [108.0] [cxt 0] Action entry is MyIngress.drop - 
[09:13:05.796] [bmv2] [T] [thread 11337] [108.0] [cxt 0] Action MyIngress.drop
[09:13:05.796] [bmv2] [T] [thread 11337] [108.0] [cxt 0] straggler.p4(155) Primitive mark_to_drop(standard_metadata)
[09:13:05.796] [bmv2] [T] [thread 11337] [108.0] [cxt 0] straggler.p4(284) Condition "hdr.collective.isValid()" (node_3) is false
[09:13:05.796] [bmv2] [D] [thread 11337] [108.0] [cxt 0] Pipeline 'ingress': end
[09:13:05.796] [bmv2] [D] [thread 11337] [108.0] [cxt 0] Egress port is 511
[09:13:05.796] [bmv2] [D] [thread 11337] [108.0] [cxt 0] Dropping packet at the end of ingress
[09:13:06.119] [bmv2] [D] [thread 11337] [109.0] [cxt 0] Processing packet received on port 4
[09:13:06.119] [bmv2] [D] [thread 11337] [109.0] [cxt 0] Parser 'parser': start
[09:13:06.119] [bmv2] [D] [thread 11337] [109.0] [cxt 0] Parser 'parser' entering state 'start'
[09:13:06.119] [bmv2] [D] [thread 11337] [109.0] [cxt 0] Extracting header 'ethernet'
[09:13:06.119] [bmv2] [D] [thread 11337] [109.0] [cxt 0] Parser state 'start': key is 86dd
[09:13:06.119] [bmv2] [T] [thread 11337] [109.0] [cxt 0] Bytes parsed: 14
[09:13:06.119] [bmv2] [D] [thread 11337] [109.0] [cxt 0] Parser 'parser': end
[09:13:06.119] [bmv2] [D] [thread 11337] [109.0] [cxt 0] Pipeline 'ingress': start
[09:13:06.119] [bmv2] [T] [thread 11337] [109.0] [cxt 0] Applying table 'MyIngress.ipv4_forward'
[09:13:06.119] [bmv2] [D] [thread 11337] [109.0] [cxt 0] Looking up key:
* hdr.ipv4.dstAddr    : 00000000

[09:13:06.119] [bmv2] [D] [thread 11337] [109.0] [cxt 0] Table 'MyIngress.ipv4_forward': miss
[09:13:06.119] [bmv2] [D] [thread 11337] [109.0] [cxt 0] Action entry is MyIngress.drop - 
[09:13:06.119] [bmv2] [T] [thread 11337] [109.0] [cxt 0] Action MyIngress.drop
[09:13:06.119] [bmv2] [T] [thread 11337] [109.0] [cxt 0] straggler.p4(155) Primitive mark_to_drop(standard_metadata)
[09:13:06.119] [bmv2] [T] [thread 11337] [109.0] [cxt 0] straggler.p4(284) Condition "hdr.collective.isValid()" (node_3) is false
[09:13:06.119] [bmv2] [D] [thread 11337] [109.0] [cxt 0] Pipeline 'ingress': end
[09:13:06.119] [bmv2] [D] [thread 11337] [109.0] [cxt 0] Egress port is 511
[09:13:06.119] [bmv2] [D] [thread 11337] [109.0] [cxt 0] Dropping packet at the end of ingress
[09:13:17.274] [bmv2] [D] [thread 11337] [110.0] [cxt 0] Processing packet received on port 1
[09:13:17.274] [bmv2] [D] [thread 11337] [110.0] [cxt 0] Parser 'parser': start
[09:13:17.274] [bmv2] [D] [thread 11337] [110.0] [cxt 0] Parser 'parser' entering state 'start'
[09:13:17.274] [bmv2] [D] [thread 11337] [110.0] [cxt 0] Extracting header 'ethernet'
[09:13:17.274] [bmv2] [D] [thread 11337] [110.0] [cxt 0] Parser state 'start': key is 86dd
[09:13:17.275] [bmv2] [T] [thread 11337] [110.0] [cxt 0] Bytes parsed: 14
[09:13:17.275] [bmv2] [D] [thread 11337] [110.0] [cxt 0] Parser 'parser': end
[09:13:17.275] [bmv2] [D] [thread 11337] [110.0] [cxt 0] Pipeline 'ingress': start
[09:13:17.275] [bmv2] [T] [thread 11337] [110.0] [cxt 0] Applying table 'MyIngress.ipv4_forward'
[09:13:17.275] [bmv2] [D] [thread 11337] [110.0] [cxt 0] Looking up key:
* hdr.ipv4.dstAddr    : 00000000

[09:13:17.275] [bmv2] [D] [thread 11337] [110.0] [cxt 0] Table 'MyIngress.ipv4_forward': miss
[09:13:17.275] [bmv2] [D] [thread 11337] [110.0] [cxt 0] Action entry is MyIngress.drop - 
[09:13:17.275] [bmv2] [T] [thread 11337] [110.0] [cxt 0] Action MyIngress.drop
[09:13:17.275] [bmv2] [T] [thread 11337] [110.0] [cxt 0] straggler.p4(155) Primitive mark_to_drop(standard_metadata)
[09:13:17.275] [bmv2] [T] [thread 11337] [110.0] [cxt 0] straggler.p4(284) Condition "hdr.collective.isValid()" (node_3) is false
[09:13:17.275] [bmv2] [D] [thread 11337] [110.0] [cxt 0] Pipeline 'ingress': end
[09:13:17.275] [bmv2] [D] [thread 11337] [110.0] [cxt 0] Egress port is 511
[09:13:17.275] [bmv2] [D] [thread 11337] [110.0] [cxt 0] Dropping packet at the end of ingress
[09:13:17.763] [bmv2] [D] [thread 11337] [111.0] [cxt 0] Processing packet received on port 3
[09:13:17.763] [bmv2] [D] [thread 11337] [111.0] [cxt 0] Parser 'parser': start
[09:13:17.763] [bmv2] [D] [thread 11337] [111.0] [cxt 0] Parser 'parser' entering state 'start'
[09:13:17.763] [bmv2] [D] [thread 11337] [111.0] [cxt 0] Extracting header 'ethernet'
[09:13:17.763] [bmv2] [D] [thread 11337] [111.0] [cxt 0] Parser state 'start': key is 86dd
[09:13:17.763] [bmv2] [T] [thread 11337] [111.0] [cxt 0] Bytes parsed: 14
[09:13:17.763] [bmv2] [D] [thread 11337] [111.0] [cxt 0] Parser 'parser': end
[09:13:17.763] [bmv2] [D] [thread 11337] [111.0] [cxt 0] Pipeline 'ingress': start
[09:13:17.763] [bmv2] [T] [thread 11337] [111.0] [cxt 0] Applying table 'MyIngress.ipv4_forward'
[09:13:17.763] [bmv2] [D] [thread 11337] [111.0] [cxt 0] Looking up key:
* hdr.ipv4.dstAddr    : 00000000

[09:13:17.763] [bmv2] [D] [thread 11337] [111.0] [cxt 0] Table 'MyIngress.ipv4_forward': miss
[09:13:17.763] [bmv2] [D] [thread 11337] [111.0] [cxt 0] Action entry is MyIngress.drop - 
[09:13:17.763] [bmv2] [T] [thread 11337] [111.0] [cxt 0] Action MyIngress.drop
[09:13:17.763] [bmv2] [T] [thread 11337] [111.0] [cxt 0] straggler.p4(155) Primitive mark_to_drop(standard_metadata)
[09:13:17.763] [bmv2] [T] [thread 11337] [111.0] [cxt 0] straggler.p4(284) Condition "hdr.collective.isValid()" (node_3) is false
[09:13:17.763] [bmv2] [D] [thread 11337] [111.0] [cxt 0] Pipeline 'ingress': end
[09:13:17.763] [bmv2] [D] [thread 11337] [111.0] [cxt 0] Egress port is 511
[09:13:17.763] [bmv2] [D] [thread 11337] [111.0] [cxt 0] Dropping packet at the end of ingress
[09:13:19.300] [bmv2] [D] [thread 11337] [112.0] [cxt 0] Processing packet received on port 4
[09:13:19.300] [bmv2] [D] [thread 11337] [112.0] [cxt 0] Parser 'parser': start
[09:13:19.300] [bmv2] [D] [thread 11337] [112.0] [cxt 0] Parser 'parser' entering state 'start'
[09:13:19.300] [bmv2] [D] [thread 11337] [112.0] [cxt 0] Extracting header 'ethernet'
[09:13:19.300] [bmv2] [D] [thread 11337] [112.0] [cxt 0] Parser state 'start': key is 86dd
[09:13:19.300] [bmv2] [T] [thread 11337] [112.0] [cxt 0] Bytes parsed: 14
[09:13:19.300] [bmv2] [D] [thread 11337] [112.0] [cxt 0] Parser 'parser': end
[09:13:19.300] [bmv2] [D] [thread 11337] [112.0] [cxt 0] Pipeline 'ingress': start
[09:13:19.300] [bmv2] [T] [thread 11337] [112.0] [cxt 0] Applying table 'MyIngress.ipv4_forward'
[09:13:19.300] [bmv2] [D] [thread 11337] [112.0] [cxt 0] Looking up key:
* hdr.ipv4.dstAddr    : 00000000

[09:13:19.300] [bmv2] [D] [thread 11337] [112.0] [cxt 0] Table 'MyIngress.ipv4_forward': miss
[09:13:19.300] [bmv2] [D] [thread 11337] [112.0] [cxt 0] Action entry is MyIngress.drop - 
[09:13:19.300] [bmv2] [T] [thread 11337] [112.0] [cxt 0] Action MyIngress.drop
[09:13:19.300] [bmv2] [T] [thread 11337] [112.0] [cxt 0] straggler.p4(155) Primitive mark_to_drop(standard_metadata)
[09:13:19.300] [bmv2] [T] [thread 11337] [112.0] [cxt 0] straggler.p4(284) Condition "hdr.collective.isValid()" (node_3) is false
[09:13:19.300] [bmv2] [D] [thread 11337] [112.0] [cxt 0] Pipeline 'ingress': end
[09:13:19.300] [bmv2] [D] [thread 11337] [112.0] [cxt 0] Egress port is 511
[09:13:19.300] [bmv2] [D] [thread 11337] [112.0] [cxt 0] Dropping packet at the end of ingress
[09:13:19.811] [bmv2] [D] [thread 11337] [113.0] [cxt 0] Processing packet received on port 4
[09:13:19.811] [bmv2] [D] [thread 11337] [113.0] [cxt 0] Parser 'parser': start
[09:13:19.811] [bmv2] [D] [thread 11337] [113.0] [cxt 0] Parser 'parser' entering state 'start'
[09:13:19.811] [bmv2] [D] [thread 11337] [113.0] [cxt 0] Extracting header 'ethernet'
[09:13:19.811] [bmv2] [D] [thread 11337] [113.0] [cxt 0] Parser state 'start': key is 86dd
[09:13:19.811] [bmv2] [T] [thread 11337] [113.0] [cxt 0] Bytes parsed: 14
[09:13:19.811] [bmv2] [D] [thread 11337] [113.0] [cxt 0] Parser 'parser': end
[09:13:19.812] [bmv2] [D] [thread 11337] [113.0] [cxt 0] Pipeline 'ingress': start
[09:13:19.812] [bmv2] [T] [thread 11337] [113.0] [cxt 0] Applying table 'MyIngress.ipv4_forward'
[09:13:19.812] [bmv2] [D] [thread 11337] [113.0] [cxt 0] Looking up key:
* hdr.ipv4.dstAddr    : 00000000

[09:13:19.812] [bmv2] [D] [thread 11337] [113.0] [cxt 0] Table 'MyIngress.ipv4_forward': miss
[09:13:19.812] [bmv2] [D] [thread 11337] [113.0] [cxt 0] Action entry is MyIngress.drop - 
[09:13:19.812] [bmv2] [T] [thread 11337] [113.0] [cxt 0] Action MyIngress.drop
[09:13:19.812] [bmv2] [T] [thread 11337] [113.0] [cxt 0] straggler.p4(155) Primitive mark_to_drop(standard_metadata)
[09:13:19.812] [bmv2] [T] [thread 11337] [113.0] [cxt 0] straggler.p4(284) Condition "hdr.collective.isValid()" (node_3) is false
[09:13:19.812] [bmv2] [D] [thread 11337] [113.0] [cxt 0] Pipeline 'ingress': end
[09:13:19.812] [bmv2] [D] [thread 11337] [113.0] [cxt 0] Egress port is 511
[09:13:19.812] [bmv2] [D] [thread 11337] [113.0] [cxt 0] Dropping packet at the end of ingress
[09:13:20.324] [bmv2] [D] [thread 11337] [114.0] [cxt 0] Processing packet received on port 3
[09:13:20.324] [bmv2] [D] [thread 11337] [114.0] [cxt 0] Parser 'parser': start
[09:13:20.324] [bmv2] [D] [thread 11337] [114.0] [cxt 0] Parser 'parser' entering state 'start'
[09:13:20.324] [bmv2] [D] [thread 11337] [114.0] [cxt 0] Extracting header 'ethernet'
[09:13:20.324] [bmv2] [D] [thread 11337] [114.0] [cxt 0] Parser state 'start': key is 86dd
[09:13:20.324] [bmv2] [T] [thread 11337] [114.0] [cxt 0] Bytes parsed: 14
[09:13:20.324] [bmv2] [D] [thread 11337] [114.0] [cxt 0] Parser 'parser': end
[09:13:20.324] [bmv2] [D] [thread 11337] [114.0] [cxt 0] Pipeline 'ingress': start
[09:13:20.324] [bmv2] [T] [thread 11337] [114.0] [cxt 0] Applying table 'MyIngress.ipv4_forward'
[09:13:20.324] [bmv2] [D] [thread 11337] [114.0] [cxt 0] Looking up key:
* hdr.ipv4.dstAddr    : 00000000

[09:13:20.324] [bmv2] [D] [thread 11337] [114.0] [cxt 0] Table 'MyIngress.ipv4_forward': miss
[09:13:20.324] [bmv2] [D] [thread 11337] [114.0] [cxt 0] Action entry is MyIngress.drop - 
[09:13:20.324] [bmv2] [T] [thread 11337] [114.0] [cxt 0] Action MyIngress.drop
[09:13:20.324] [bmv2] [T] [thread 11337] [114.0] [cxt 0] straggler.p4(155) Primitive mark_to_drop(standard_metadata)
[09:13:20.324] [bmv2] [T] [thread 11337] [114.0] [cxt 0] straggler.p4(284) Condition "hdr.collective.isValid()" (node_3) is false
[09:13:20.324] [bmv2] [D] [thread 11337] [114.0] [cxt 0] Pipeline 'ingress': end
[09:13:20.324] [bmv2] [D] [thread 11337] [114.0] [cxt 0] Egress port is 511
[09:13:20.324] [bmv2] [D] [thread 11337] [114.0] [cxt 0] Dropping packet at the end of ingress
[09:13:21.416] [bmv2] [D] [thread 11337] [115.0] [cxt 0] Processing packet received on port 3
[09:13:21.416] [bmv2] [D] [thread 11337] [115.0] [cxt 0] Parser 'parser': start
[09:13:21.416] [bmv2] [D] [thread 11337] [115.0] [cxt 0] Parser 'parser' entering state 'start'
[09:13:21.416] [bmv2] [D] [thread 11337] [115.0] [cxt 0] Extracting header 'ethernet'
[09:13:21.416] [bmv2] [D] [thread 11337] [115.0] [cxt 0] Parser state 'start': key is 86dd
[09:13:21.416] [bmv2] [T] [thread 11337] [115.0] [cxt 0] Bytes parsed: 14
[09:13:21.416] [bmv2] [D] [thread 11337] [115.0] [cxt 0] Parser 'parser': end
[09:13:21.416] [bmv2] [D] [thread 11337] [115.0] [cxt 0] Pipeline 'ingress': start
[09:13:21.416] [bmv2] [T] [thread 11337] [115.0] [cxt 0] Applying table 'MyIngress.ipv4_forward'
[09:13:21.416] [bmv2] [D] [thread 11337] [115.0] [cxt 0] Looking up key:
* hdr.ipv4.dstAddr    : 00000000

[09:13:21.416] [bmv2] [D] [thread 11337] [115.0] [cxt 0] Table 'MyIngress.ipv4_forward': miss
[09:13:21.416] [bmv2] [D] [thread 11337] [115.0] [cxt 0] Action entry is MyIngress.drop - 
[09:13:21.416] [bmv2] [T] [thread 11337] [115.0] [cxt 0] Action MyIngress.drop
[09:13:21.416] [bmv2] [T] [thread 11337] [115.0] [cxt 0] straggler.p4(155) Primitive mark_to_drop(standard_metadata)
[09:13:21.416] [bmv2] [T] [thread 11337] [115.0] [cxt 0] straggler.p4(284) Condition "hdr.collective.isValid()" (node_3) is false
[09:13:21.416] [bmv2] [D] [thread 11337] [115.0] [cxt 0] Pipeline 'ingress': end
[09:13:21.416] [bmv2] [D] [thread 11337] [115.0] [cxt 0] Egress port is 511
[09:13:21.416] [bmv2] [D] [thread 11337] [115.0] [cxt 0] Dropping packet at the end of ingress
[09:13:21.545] [bmv2] [D] [thread 11337] [116.0] [cxt 0] Processing packet received on port 4
[09:13:21.545] [bmv2] [D] [thread 11337] [116.0] [cxt 0] Parser 'parser': start
[09:13:21.545] [bmv2] [D] [thread 11337] [116.0] [cxt 0] Parser 'parser' entering state 'start'
[09:13:21.545] [bmv2] [D] [thread 11337] [116.0] [cxt 0] Extracting header 'ethernet'
[09:13:21.545] [bmv2] [D] [thread 11337] [116.0] [cxt 0] Parser state 'start': key is 86dd
[09:13:21.545] [bmv2] [T] [thread 11337] [116.0] [cxt 0] Bytes parsed: 14
[09:13:21.545] [bmv2] [D] [thread 11337] [116.0] [cxt 0] Parser 'parser': end
[09:13:21.545] [bmv2] [D] [thread 11337] [116.0] [cxt 0] Pipeline 'ingress': start
[09:13:21.545] [bmv2] [T] [thread 11337] [116.0] [cxt 0] Applying table 'MyIngress.ipv4_forward'
[09:13:21.545] [bmv2] [D] [thread 11337] [116.0] [cxt 0] Looking up key:
* hdr.ipv4.dstAddr    : 00000000

[09:13:21.545] [bmv2] [D] [thread 11337] [116.0] [cxt 0] Table 'MyIngress.ipv4_forward': miss
[09:13:21.545] [bmv2] [D] [thread 11337] [116.0] [cxt 0] Action entry is MyIngress.drop - 
[09:13:21.545] [bmv2] [T] [thread 11337] [116.0] [cxt 0] Action MyIngress.drop
[09:13:21.545] [bmv2] [T] [thread 11337] [116.0] [cxt 0] straggler.p4(155) Primitive mark_to_drop(standard_metadata)
[09:13:21.545] [bmv2] [T] [thread 11337] [116.0] [cxt 0] straggler.p4(284) Condition "hdr.collective.isValid()" (node_3) is false
[09:13:21.545] [bmv2] [D] [thread 11337] [116.0] [cxt 0] Pipeline 'ingress': end
[09:13:21.545] [bmv2] [D] [thread 11337] [116.0] [cxt 0] Egress port is 511
[09:13:21.545] [bmv2] [D] [thread 11337] [116.0] [cxt 0] Dropping packet at the end of ingress
[09:13:21.696] [bmv2] [D] [thread 11337] [117.0] [cxt 0] Processing packet received on port 1
[09:13:21.696] [bmv2] [D] [thread 11337] [117.0] [cxt 0] Parser 'parser': start
[09:13:21.696] [bmv2] [D] [thread 11337] [117.0] [cxt 0] Parser 'parser' entering state 'start'
[09:13:21.696] [bmv2] [D] [thread 11337] [117.0] [cxt 0] Extracting header 'ethernet'
[09:13:21.696] [bmv2] [D] [thread 11337] [117.0] [cxt 0] Parser state 'start': key is 86dd
[09:13:21.696] [bmv2] [T] [thread 11337] [117.0] [cxt 0] Bytes parsed: 14
[09:13:21.696] [bmv2] [D] [thread 11337] [117.0] [cxt 0] Parser 'parser': end
[09:13:21.696] [bmv2] [D] [thread 11337] [117.0] [cxt 0] Pipeline 'ingress': start
[09:13:21.696] [bmv2] [T] [thread 11337] [117.0] [cxt 0] Applying table 'MyIngress.ipv4_forward'
[09:13:21.696] [bmv2] [D] [thread 11337] [117.0] [cxt 0] Looking up key:
* hdr.ipv4.dstAddr    : 00000000

[09:13:21.696] [bmv2] [D] [thread 11337] [117.0] [cxt 0] Table 'MyIngress.ipv4_forward': miss
[09:13:21.696] [bmv2] [D] [thread 11337] [117.0] [cxt 0] Action entry is MyIngress.drop - 
[09:13:21.696] [bmv2] [T] [thread 11337] [117.0] [cxt 0] Action MyIngress.drop
[09:13:21.696] [bmv2] [T] [thread 11337] [117.0] [cxt 0] straggler.p4(155) Primitive mark_to_drop(standard_metadata)
[09:13:21.696] [bmv2] [T] [thread 11337] [117.0] [cxt 0] straggler.p4(284) Condition "hdr.collective.isValid()" (node_3) is false
[09:13:21.696] [bmv2] [D] [thread 11337] [117.0] [cxt 0] Pipeline 'ingress': end
[09:13:21.696] [bmv2] [D] [thread 11337] [117.0] [cxt 0] Egress port is 511
[09:13:21.696] [bmv2] [D] [thread 11337] [117.0] [cxt 0] Dropping packet at the end of ingress
[09:13:21.741] [bmv2] [D] [thread 11337] [118.0] [cxt 0] Processing packet received on port 3
[09:13:21.741] [bmv2] [D] [thread 11337] [118.0] [cxt 0] Parser 'parser': start
[09:13:21.741] [bmv2] [D] [thread 11337] [118.0] [cxt 0] Parser 'parser' entering state 'start'
[09:13:21.741] [bmv2] [D] [thread 11337] [118.0] [cxt 0] Extracting header 'ethernet'
[09:13:21.741] [bmv2] [D] [thread 11337] [118.0] [cxt 0] Parser state 'start': key is 86dd
[09:13:21.741] [bmv2] [T] [thread 11337] [118.0] [cxt 0] Bytes parsed: 14
[09:13:21.741] [bmv2] [D] [thread 11337] [118.0] [cxt 0] Parser 'parser': end
[09:13:21.741] [bmv2] [D] [thread 11337] [118.0] [cxt 0] Pipeline 'ingress': start
[09:13:21.741] [bmv2] [T] [thread 11337] [118.0] [cxt 0] Applying table 'MyIngress.ipv4_forward'
[09:13:21.741] [bmv2] [D] [thread 11337] [118.0] [cxt 0] Looking up key:
* hdr.ipv4.dstAddr    : 00000000

[09:13:21.742] [bmv2] [D] [thread 11337] [118.0] [cxt 0] Table 'MyIngress.ipv4_forward': miss
[09:13:21.742] [bmv2] [D] [thread 11337] [118.0] [cxt 0] Action entry is MyIngress.drop - 
[09:13:21.742] [bmv2] [T] [thread 11337] [118.0] [cxt 0] Action MyIngress.drop
[09:13:21.742] [bmv2] [T] [thread 11337] [118.0] [cxt 0] straggler.p4(155) Primitive mark_to_drop(standard_metadata)
[09:13:21.742] [bmv2] [T] [thread 11337] [118.0] [cxt 0] straggler.p4(284) Condition "hdr.collective.isValid()" (node_3) is false
[09:13:21.742] [bmv2] [D] [thread 11337] [118.0] [cxt 0] Pipeline 'ingress': end
[09:13:21.742] [bmv2] [D] [thread 11337] [118.0] [cxt 0] Egress port is 511
[09:13:21.742] [bmv2] [D] [thread 11337] [118.0] [cxt 0] Dropping packet at the end of ingress
[09:13:21.798] [bmv2] [D] [thread 11337] [119.0] [cxt 0] Processing packet received on port 2
[09:13:21.798] [bmv2] [D] [thread 11337] [119.0] [cxt 0] Parser 'parser': start
[09:13:21.798] [bmv2] [D] [thread 11337] [119.0] [cxt 0] Parser 'parser' entering state 'start'
[09:13:21.798] [bmv2] [D] [thread 11337] [119.0] [cxt 0] Extracting header 'ethernet'
[09:13:21.798] [bmv2] [D] [thread 11337] [119.0] [cxt 0] Parser state 'start': key is 86dd
[09:13:21.798] [bmv2] [T] [thread 11337] [119.0] [cxt 0] Bytes parsed: 14
[09:13:21.798] [bmv2] [D] [thread 11337] [119.0] [cxt 0] Parser 'parser': end
[09:13:21.798] [bmv2] [D] [thread 11337] [119.0] [cxt 0] Pipeline 'ingress': start
[09:13:21.798] [bmv2] [T] [thread 11337] [119.0] [cxt 0] Applying table 'MyIngress.ipv4_forward'
[09:13:21.798] [bmv2] [D] [thread 11337] [119.0] [cxt 0] Looking up key:
* hdr.ipv4.dstAddr    : 00000000

[09:13:21.798] [bmv2] [D] [thread 11337] [119.0] [cxt 0] Table 'MyIngress.ipv4_forward': miss
[09:13:21.798] [bmv2] [D] [thread 11337] [119.0] [cxt 0] Action entry is MyIngress.drop - 
[09:13:21.798] [bmv2] [T] [thread 11337] [119.0] [cxt 0] Action MyIngress.drop
[09:13:21.798] [bmv2] [T] [thread 11337] [119.0] [cxt 0] straggler.p4(155) Primitive mark_to_drop(standard_metadata)
[09:13:21.798] [bmv2] [T] [thread 11337] [119.0] [cxt 0] straggler.p4(284) Condition "hdr.collective.isValid()" (node_3) is false
[09:13:21.798] [bmv2] [D] [thread 11337] [119.0] [cxt 0] Pipeline 'ingress': end
[09:13:21.798] [bmv2] [D] [thread 11337] [119.0] [cxt 0] Egress port is 511
[09:13:21.798] [bmv2] [D] [thread 11337] [119.0] [cxt 0] Dropping packet at the end of ingress
[09:13:21.859] [bmv2] [D] [thread 11337] [120.0] [cxt 0] Processing packet received on port 2
[09:13:21.859] [bmv2] [D] [thread 11337] [120.0] [cxt 0] Parser 'parser': start
[09:13:21.859] [bmv2] [D] [thread 11337] [120.0] [cxt 0] Parser 'parser' entering state 'start'
[09:13:21.859] [bmv2] [D] [thread 11337] [120.0] [cxt 0] Extracting header 'ethernet'
[09:13:21.860] [bmv2] [D] [thread 11337] [120.0] [cxt 0] Parser state 'start': key is 86dd
[09:13:21.860] [bmv2] [T] [thread 11337] [120.0] [cxt 0] Bytes parsed: 14
[09:13:21.860] [bmv2] [D] [thread 11337] [120.0] [cxt 0] Parser 'parser': end
[09:13:21.860] [bmv2] [D] [thread 11337] [120.0] [cxt 0] Pipeline 'ingress': start
[09:13:21.860] [bmv2] [T] [thread 11337] [120.0] [cxt 0] Applying table 'MyIngress.ipv4_forward'
[09:13:21.860] [bmv2] [D] [thread 11337] [120.0] [cxt 0] Looking up key:
* hdr.ipv4.dstAddr    : 00000000

[09:13:21.860] [bmv2] [D] [thread 11337] [120.0] [cxt 0] Table 'MyIngress.ipv4_forward': miss
[09:13:21.860] [bmv2] [D] [thread 11337] [120.0] [cxt 0] Action entry is MyIngress.drop - 
[09:13:21.860] [bmv2] [T] [thread 11337] [120.0] [cxt 0] Action MyIngress.drop
[09:13:21.860] [bmv2] [T] [thread 11337] [120.0] [cxt 0] straggler.p4(155) Primitive mark_to_drop(standard_metadata)
[09:13:21.860] [bmv2] [T] [thread 11337] [120.0] [cxt 0] straggler.p4(284) Condition "hdr.collective.isValid()" (node_3) is false
[09:13:21.860] [bmv2] [D] [thread 11337] [120.0] [cxt 0] Pipeline 'ingress': end
[09:13:21.860] [bmv2] [D] [thread 11337] [120.0] [cxt 0] Egress port is 511
[09:13:21.860] [bmv2] [D] [thread 11337] [120.0] [cxt 0] Dropping packet at the end of ingress
[09:13:22.118] [bmv2] [D] [thread 11337] [121.0] [cxt 0] Processing packet received on port 4
[09:13:22.118] [bmv2] [D] [thread 11337] [121.0] [cxt 0] Parser 'parser': start
[09:13:22.118] [bmv2] [D] [thread 11337] [121.0] [cxt 0] Parser 'parser' entering state 'start'
[09:13:22.118] [bmv2] [D] [thread 11337] [121.0] [cxt 0] Extracting header 'ethernet'
[09:13:22.118] [bmv2] [D] [thread 11337] [121.0] [cxt 0] Parser state 'start': key is 86dd
[09:13:22.118] [bmv2] [T] [thread 11337] [121.0] [cxt 0] Bytes parsed: 14
[09:13:22.118] [bmv2] [D] [thread 11337] [121.0] [cxt 0] Parser 'parser': end
[09:13:22.118] [bmv2] [D] [thread 11337] [121.0] [cxt 0] Pipeline 'ingress': start
[09:13:22.118] [bmv2] [T] [thread 11337] [121.0] [cxt 0] Applying table 'MyIngress.ipv4_forward'
[09:13:22.118] [bmv2] [D] [thread 11337] [121.0] [cxt 0] Looking up key:
* hdr.ipv4.dstAddr    : 00000000

[09:13:22.118] [bmv2] [D] [thread 11337] [121.0] [cxt 0] Table 'MyIngress.ipv4_forward': miss
[09:13:22.118] [bmv2] [D] [thread 11337] [121.0] [cxt 0] Action entry is MyIngress.drop - 
[09:13:22.118] [bmv2] [T] [thread 11337] [121.0] [cxt 0] Action MyIngress.drop
[09:13:22.118] [bmv2] [T] [thread 11337] [121.0] [cxt 0] straggler.p4(155) Primitive mark_to_drop(standard_metadata)
[09:13:22.118] [bmv2] [T] [thread 11337] [121.0] [cxt 0] straggler.p4(284) Condition "hdr.collective.isValid()" (node_3) is false
[09:13:22.118] [bmv2] [D] [thread 11337] [121.0] [cxt 0] Pipeline 'ingress': end
[09:13:22.118] [bmv2] [D] [thread 11337] [121.0] [cxt 0] Egress port is 511
[09:13:22.118] [bmv2] [D] [thread 11337] [121.0] [cxt 0] Dropping packet at the end of ingress
[09:13:27.021] [bmv2] [D] [thread 11337] [122.0] [cxt 0] Processing packet received on port 3
[09:13:27.021] [bmv2] [D] [thread 11337] [122.0] [cxt 0] Parser 'parser': start
[09:13:27.021] [bmv2] [D] [thread 11337] [122.0] [cxt 0] Parser 'parser' entering state 'start'
[09:13:27.021] [bmv2] [D] [thread 11337] [122.0] [cxt 0] Extracting header 'ethernet'
[09:13:27.021] [bmv2] [D] [thread 11337] [122.0] [cxt 0] Parser state 'start': key is 0800
[09:13:27.021] [bmv2] [T] [thread 11337] [122.0] [cxt 0] Bytes parsed: 14
[09:13:27.021] [bmv2] [D] [thread 11337] [122.0] [cxt 0] Parser 'parser' entering state 'parse_ipv4'
[09:13:27.021] [bmv2] [D] [thread 11337] [122.0] [cxt 0] Extracting header 'ipv4'
[09:13:27.021] [bmv2] [D] [thread 11337] [122.0] [cxt 0] Parser state 'parse_ipv4': key is 11
[09:13:27.021] [bmv2] [T] [thread 11337] [122.0] [cxt 0] Bytes parsed: 34
[09:13:27.021] [bmv2] [D] [thread 11337] [122.0] [cxt 0] Parser 'parser' entering state 'parse_udp'
[09:13:27.021] [bmv2] [D] [thread 11337] [122.0] [cxt 0] Extracting header 'udp'
[09:13:27.021] [bmv2] [D] [thread 11337] [122.0] [cxt 0] Extracting header 'collective'
[09:13:27.021] [bmv2] [D] [thread 11337] [122.0] [cxt 0] Parser state 'parse_udp' has no switch, going to default next state
[09:13:27.021] [bmv2] [T] [thread 11337] [122.0] [cxt 0] Bytes parsed: 47
[09:13:27.021] [bmv2] [D] [thread 11337] [122.0] [cxt 0] Parser 'parser': end
[09:13:27.021] [bmv2] [D] [thread 11337] [122.0] [cxt 0] Pipeline 'ingress': start
[09:13:27.021] [bmv2] [T] [thread 11337] [122.0] [cxt 0] Applying table 'MyIngress.ipv4_forward'
[09:13:27.021] [bmv2] [D] [thread 11337] [122.0] [cxt 0] Looking up key:
* hdr.ipv4.dstAddr    : 0a000404

[09:13:27.021] [bmv2] [D] [thread 11337] [122.0] [cxt 0] Table 'MyIngress.ipv4_forward': hit with handle 3
[09:13:27.021] [bmv2] [D] [thread 11337] [122.0] [cxt 0] Dumping entry 3
Match key:
* hdr.ipv4.dstAddr    : EXACT     0a000404
Action entry: MyIngress.forward - 2,

[09:13:27.021] [bmv2] [D] [thread 11337] [122.0] [cxt 0] Action entry is MyIngress.forward - 2,
[09:13:27.021] [bmv2] [T] [thread 11337] [122.0] [cxt 0] Action MyIngress.forward
[09:13:27.021] [bmv2] [T] [thread 11337] [122.0] [cxt 0] straggler.p4(159) Primitive standard_metadata.egress_spec = port
[09:13:27.021] [bmv2] [T] [thread 11337] [122.0] [cxt 0] straggler.p4(284) Condition "hdr.collective.isValid()" (node_3) is true
[09:13:27.021] [bmv2] [T] [thread 11337] [122.0] [cxt 0] Applying table 'tbl_detect_straggler'
[09:13:27.021] [bmv2] [D] [thread 11337] [122.0] [cxt 0] Looking up key:

[09:13:27.021] [bmv2] [D] [thread 11337] [122.0] [cxt 0] Table 'tbl_detect_straggler': miss
[09:13:27.021] [bmv2] [D] [thread 11337] [122.0] [cxt 0] Action entry is MyIngress.detect_straggler - 
[09:13:27.021] [bmv2] [T] [thread 11337] [122.0] [cxt 0] Action MyIngress.detect_straggler
[09:13:27.021] [bmv2] [T] [thread 11337] [122.0] [cxt 0] straggler.p4(225) Primitive hdr.collective.context_id
[09:13:27.021] [bmv2] [T] [thread 11337] [122.0] [cxt 0] straggler.p4(226) Primitive hdr.collective.flow_id
[09:13:27.021] [bmv2] [T] [thread 11337] [122.0] [cxt 0] straggler.p4(224) Primitive hash(index, HashAlgorithm.crc16, (bit<32>) 0, { ...
[09:13:27.021] [bmv2] [T] [thread 11337] [122.0] [cxt 0] hash(base=0, max=65536) = 21056
[09:13:27.021] [bmv2] [T] [thread 11337] [122.0] [cxt 0] straggler.p4(230) Primitive min_timestamp_reg.read(old_min, index)
[09:13:27.021] [bmv2] [T] [thread 11337] [122.0] [cxt 0] Read register 'min_timestamp_reg' at index 21056 read value 0
[09:13:27.021] [bmv2] [T] [thread 11337] [122.0] [cxt 0] straggler.p4(231) Primitive max_timestamp_reg.read(old_max, index)
[09:13:27.021] [bmv2] [T] [thread 11337] [122.0] [cxt 0] Read register 'max_timestamp_reg' at index 21056 read value 0
[09:13:27.021] [bmv2] [T] [thread 11337] [122.0] [cxt 0] straggler.p4(232) Primitive min_participant_reg.read(old_min_participant, index)
[09:13:27.021] [bmv2] [T] [thread 11337] [122.0] [cxt 0] Read register 'min_participant_reg' at index 21056 read value 0
[09:13:27.021] [bmv2] [T] [thread 11337] [122.0] [cxt 0] straggler.p4(233) Primitive max_participant_reg.read(old_max_participant, index)
[09:13:27.021] [bmv2] [T] [thread 11337] [122.0] [cxt 0] Read register 'max_participant_reg' at index 21056 read value 0
[09:13:27.021] [bmv2] [T] [thread 11337] [122.0] [cxt 0] straggler.p4(240) Primitive if
[09:13:27.021] [bmv2] [T] [thread 11337] [122.0] [cxt 0] straggler.p4(241) Primitive old_min = now
[09:13:27.021] [bmv2] [T] [thread 11337] [122.0] [cxt 0] straggler.p4(242) Primitive old_max = now
[09:13:27.021] [bmv2] [T] [thread 11337] [122.0] [cxt 0] straggler.p4(243) Primitive old_min_participant = 1
[09:13:27.021] [bmv2] [T] [thread 11337] [122.0] [cxt 0] straggler.p4(244) Primitive old_max_participant = 1
[09:13:27.021] [bmv2] [T] [thread 11337] [122.0] [cxt 0] straggler.p4(240) Primitive if
[09:13:27.021] [bmv2] [T] [thread 11337] [122.0] [cxt 0] straggler.p4(275) Primitive min_timestamp_reg.write(index, old_min)
[09:13:27.021] [bmv2] [T] [thread 11337] [122.0] [cxt 0] Wrote register 'min_timestamp_reg' at index 21056 with value 37397453
[09:13:27.022] [bmv2] [T] [thread 11337] [122.0] [cxt 0] straggler.p4(276) Primitive max_timestamp_reg.write(index, old_max)
[09:13:27.022] [bmv2] [T] [thread 11337] [122.0] [cxt 0] Wrote register 'max_timestamp_reg' at index 21056 with value 37397453
[09:13:27.022] [bmv2] [T] [thread 11337] [122.0] [cxt 0] straggler.p4(277) Primitive min_participant_reg.write(index, old_min_participant)
[09:13:27.022] [bmv2] [T] [thread 11337] [122.0] [cxt 0] Wrote register 'min_participant_reg' at index 21056 with value 1
[09:13:27.022] [bmv2] [T] [thread 11337] [122.0] [cxt 0] straggler.p4(278) Primitive max_participant_reg.write(index, old_max_participant)
[09:13:27.022] [bmv2] [T] [thread 11337] [122.0] [cxt 0] Wrote register 'max_participant_reg' at index 21056 with value 1
[09:13:27.022] [bmv2] [D] [thread 11337] [122.0] [cxt 0] Pipeline 'ingress': end
[09:13:27.022] [bmv2] [D] [thread 11337] [122.0] [cxt 0] Egress port is 2
[09:13:27.022] [bmv2] [D] [thread 11340] [122.0] [cxt 0] Pipeline 'egress': start
[09:13:27.022] [bmv2] [D] [thread 11340] [122.0] [cxt 0] Pipeline 'egress': end
[09:13:27.022] [bmv2] [D] [thread 11340] [122.0] [cxt 0] Deparser 'deparser': start
[09:13:27.022] [bmv2] [D] [thread 11340] [122.0] [cxt 0] Deparsing header 'ethernet'
[09:13:27.022] [bmv2] [D] [thread 11340] [122.0] [cxt 0] Deparsing header 'ipv4'
[09:13:27.022] [bmv2] [D] [thread 11340] [122.0] [cxt 0] Deparsing header 'udp'
[09:13:27.022] [bmv2] [D] [thread 11340] [122.0] [cxt 0] Deparsing header 'collective'
[09:13:27.022] [bmv2] [D] [thread 11340] [122.0] [cxt 0] Deparser 'deparser': end
[09:13:27.022] [bmv2] [D] [thread 11342] [122.0] [cxt 0] Transmitting packet of size 64 out of port 2
[09:13:41.387] [bmv2] [D] [thread 11337] [123.0] [cxt 0] Processing packet received on port 3
[09:13:41.387] [bmv2] [D] [thread 11337] [123.0] [cxt 0] Parser 'parser': start
[09:13:41.387] [bmv2] [D] [thread 11337] [123.0] [cxt 0] Parser 'parser' entering state 'start'
[09:13:41.387] [bmv2] [D] [thread 11337] [123.0] [cxt 0] Extracting header 'ethernet'
[09:13:41.388] [bmv2] [D] [thread 11337] [123.0] [cxt 0] Parser state 'start': key is 0800
[09:13:41.388] [bmv2] [T] [thread 11337] [123.0] [cxt 0] Bytes parsed: 14
[09:13:41.388] [bmv2] [D] [thread 11337] [123.0] [cxt 0] Parser 'parser' entering state 'parse_ipv4'
[09:13:41.388] [bmv2] [D] [thread 11337] [123.0] [cxt 0] Extracting header 'ipv4'
[09:13:41.388] [bmv2] [D] [thread 11337] [123.0] [cxt 0] Parser state 'parse_ipv4': key is 11
[09:13:41.388] [bmv2] [T] [thread 11337] [123.0] [cxt 0] Bytes parsed: 34
[09:13:41.388] [bmv2] [D] [thread 11337] [123.0] [cxt 0] Parser 'parser' entering state 'parse_udp'
[09:13:41.388] [bmv2] [D] [thread 11337] [123.0] [cxt 0] Extracting header 'udp'
[09:13:41.388] [bmv2] [D] [thread 11337] [123.0] [cxt 0] Extracting header 'collective'
[09:13:41.388] [bmv2] [D] [thread 11337] [123.0] [cxt 0] Parser state 'parse_udp' has no switch, going to default next state
[09:13:41.388] [bmv2] [T] [thread 11337] [123.0] [cxt 0] Bytes parsed: 47
[09:13:41.388] [bmv2] [D] [thread 11337] [123.0] [cxt 0] Parser 'parser': end
[09:13:41.388] [bmv2] [D] [thread 11337] [123.0] [cxt 0] Pipeline 'ingress': start
[09:13:41.388] [bmv2] [T] [thread 11337] [123.0] [cxt 0] Applying table 'MyIngress.ipv4_forward'
[09:13:41.388] [bmv2] [D] [thread 11337] [123.0] [cxt 0] Looking up key:
* hdr.ipv4.dstAddr    : 0a000404

[09:13:41.388] [bmv2] [D] [thread 11337] [123.0] [cxt 0] Table 'MyIngress.ipv4_forward': hit with handle 3
[09:13:41.388] [bmv2] [D] [thread 11337] [123.0] [cxt 0] Dumping entry 3
Match key:
* hdr.ipv4.dstAddr    : EXACT     0a000404
Action entry: MyIngress.forward - 2,

[09:13:41.388] [bmv2] [D] [thread 11337] [123.0] [cxt 0] Action entry is MyIngress.forward - 2,
[09:13:41.388] [bmv2] [T] [thread 11337] [123.0] [cxt 0] Action MyIngress.forward
[09:13:41.388] [bmv2] [T] [thread 11337] [123.0] [cxt 0] straggler.p4(159) Primitive standard_metadata.egress_spec = port
[09:13:41.388] [bmv2] [T] [thread 11337] [123.0] [cxt 0] straggler.p4(284) Condition "hdr.collective.isValid()" (node_3) is true
[09:13:41.388] [bmv2] [T] [thread 11337] [123.0] [cxt 0] Applying table 'tbl_detect_straggler'
[09:13:41.388] [bmv2] [D] [thread 11337] [123.0] [cxt 0] Looking up key:

[09:13:41.388] [bmv2] [D] [thread 11337] [123.0] [cxt 0] Table 'tbl_detect_straggler': miss
[09:13:41.388] [bmv2] [D] [thread 11337] [123.0] [cxt 0] Action entry is MyIngress.detect_straggler - 
[09:13:41.388] [bmv2] [T] [thread 11337] [123.0] [cxt 0] Action MyIngress.detect_straggler
[09:13:41.388] [bmv2] [T] [thread 11337] [123.0] [cxt 0] straggler.p4(225) Primitive hdr.collective.context_id
[09:13:41.388] [bmv2] [T] [thread 11337] [123.0] [cxt 0] straggler.p4(226) Primitive hdr.collective.flow_id
[09:13:41.388] [bmv2] [T] [thread 11337] [123.0] [cxt 0] straggler.p4(224) Primitive hash(index, HashAlgorithm.crc16, (bit<32>) 0, { ...
[09:13:41.388] [bmv2] [T] [thread 11337] [123.0] [cxt 0] hash(base=0, max=65536) = 21056
[09:13:41.388] [bmv2] [T] [thread 11337] [123.0] [cxt 0] straggler.p4(230) Primitive min_timestamp_reg.read(old_min, index)
[09:13:41.389] [bmv2] [T] [thread 11337] [123.0] [cxt 0] Read register 'min_timestamp_reg' at index 21056 read value 37397453
[09:13:41.389] [bmv2] [T] [thread 11337] [123.0] [cxt 0] straggler.p4(231) Primitive max_timestamp_reg.read(old_max, index)
[09:13:41.389] [bmv2] [T] [thread 11337] [123.0] [cxt 0] Read register 'max_timestamp_reg' at index 21056 read value 37397453
[09:13:41.389] [bmv2] [T] [thread 11337] [123.0] [cxt 0] straggler.p4(232) Primitive min_participant_reg.read(old_min_participant, index)
[09:13:41.389] [bmv2] [T] [thread 11337] [123.0] [cxt 0] Read register 'min_participant_reg' at index 21056 read value 1
[09:13:41.389] [bmv2] [T] [thread 11337] [123.0] [cxt 0] straggler.p4(233) Primitive max_participant_reg.read(old_max_participant, index)
[09:13:41.389] [bmv2] [T] [thread 11337] [123.0] [cxt 0] Read register 'max_participant_reg' at index 21056 read value 1
[09:13:41.389] [bmv2] [T] [thread 11337] [123.0] [cxt 0] straggler.p4(240) Primitive if
[09:13:41.389] [bmv2] [T] [thread 11337] [123.0] [cxt 0] straggler.p4(247) Primitive if
[09:13:41.389] [bmv2] [T] [thread 11337] [123.0] [cxt 0] straggler.p4(252) Primitive if
[09:13:41.389] [bmv2] [T] [thread 11337] [123.0] [cxt 0] straggler.p4(253) Primitive old_max = now
[09:13:41.389] [bmv2] [T] [thread 11337] [123.0] [cxt 0] straggler.p4(254) Primitive old_max_participant = hdr.collective.participant_id
[09:13:41.389] [bmv2] [T] [thread 11337] [123.0] [cxt 0] straggler.p4(259) Primitive if
[09:13:41.389] [bmv2] [T] [thread 11337] [123.0] [cxt 0] straggler.p4(38) Primitive 2
[09:13:41.389] [bmv2] [T] [thread 11337] [123.0] [cxt 0] straggler.p4(264) Primitive hdr.collective.context_id
[09:13:41.389] [bmv2] [T] [thread 11337] [123.0] [cxt 0] straggler.p4(265) Primitive hdr.collective.flow_id
[09:13:41.389] [bmv2] [T] [thread 11337] [123.0] [cxt 0] straggler.p4(266) Primitive hdr.collective.participant_id
[09:13:41.389] [bmv2] [T] [thread 11337] [123.0] [cxt 0] straggler.p4(267) Primitive skew
[09:13:41.389] [bmv2] [T] [thread 11337] [123.0] [cxt 0] straggler.p4(268) Primitive old_min_participant
[09:13:41.389] [bmv2] [T] [thread 11337] [123.0] [cxt 0] straggler.p4(269) Primitive old_max_participant
[09:13:41.389] [bmv2] [T] [thread 11337] [123.0] [cxt 0] straggler.p4(260) Primitive log_msg( ...
[09:13:41.389] [bmv2] [I] [thread 11337] STRAGGLER switch=2 context=1 flow=7 participant=2 skew_us=14368080 min_participant=1 max_participant=2
[09:13:41.390] [bmv2] [T] [thread 11337] [123.0] [cxt 0] straggler.p4(275) Primitive min_timestamp_reg.write(index, old_min)
[09:13:41.390] [bmv2] [T] [thread 11337] [123.0] [cxt 0] Wrote register 'min_timestamp_reg' at index 21056 with value 37397453
[09:13:41.390] [bmv2] [T] [thread 11337] [123.0] [cxt 0] straggler.p4(276) Primitive max_timestamp_reg.write(index, old_max)
[09:13:41.390] [bmv2] [T] [thread 11337] [123.0] [cxt 0] Wrote register 'max_timestamp_reg' at index 21056 with value 51765533
[09:13:41.390] [bmv2] [T] [thread 11337] [123.0] [cxt 0] straggler.p4(277) Primitive min_participant_reg.write(index, old_min_participant)
[09:13:41.390] [bmv2] [T] [thread 11337] [123.0] [cxt 0] Wrote register 'min_participant_reg' at index 21056 with value 1
[09:13:41.390] [bmv2] [T] [thread 11337] [123.0] [cxt 0] straggler.p4(278) Primitive max_participant_reg.write(index, old_max_participant)
[09:13:41.390] [bmv2] [T] [thread 11337] [123.0] [cxt 0] Wrote register 'max_participant_reg' at index 21056 with value 2
[09:13:41.390] [bmv2] [D] [thread 11337] [123.0] [cxt 0] Pipeline 'ingress': end
[09:13:41.390] [bmv2] [D] [thread 11337] [123.0] [cxt 0] Egress port is 2
[09:13:41.392] [bmv2] [D] [thread 11340] [123.0] [cxt 0] Pipeline 'egress': start
[09:13:41.392] [bmv2] [D] [thread 11340] [123.0] [cxt 0] Pipeline 'egress': end
[09:13:41.392] [bmv2] [D] [thread 11340] [123.0] [cxt 0] Deparser 'deparser': start
[09:13:41.392] [bmv2] [D] [thread 11340] [123.0] [cxt 0] Deparsing header 'ethernet'
[09:13:41.392] [bmv2] [D] [thread 11340] [123.0] [cxt 0] Deparsing header 'ipv4'
[09:13:41.392] [bmv2] [D] [thread 11340] [123.0] [cxt 0] Deparsing header 'udp'
[09:13:41.392] [bmv2] [D] [thread 11340] [123.0] [cxt 0] Deparsing header 'collective'
[09:13:41.392] [bmv2] [D] [thread 11340] [123.0] [cxt 0] Deparser 'deparser': end
[09:13:41.392] [bmv2] [D] [thread 11342] [123.0] [cxt 0] Transmitting packet of size 64 out of port 2
[09:13:46.970] [bmv2] [D] [thread 11337] [124.0] [cxt 0] Processing packet received on port 1
[09:13:46.970] [bmv2] [D] [thread 11337] [124.0] [cxt 0] Parser 'parser': start
[09:13:46.970] [bmv2] [D] [thread 11337] [124.0] [cxt 0] Parser 'parser' entering state 'start'
[09:13:46.970] [bmv2] [D] [thread 11337] [124.0] [cxt 0] Extracting header 'ethernet'
[09:13:46.970] [bmv2] [D] [thread 11337] [124.0] [cxt 0] Parser state 'start': key is 86dd
[09:13:46.970] [bmv2] [T] [thread 11337] [124.0] [cxt 0] Bytes parsed: 14
[09:13:46.970] [bmv2] [D] [thread 11337] [124.0] [cxt 0] Parser 'parser': end
[09:13:46.970] [bmv2] [D] [thread 11337] [124.0] [cxt 0] Pipeline 'ingress': start
[09:13:46.970] [bmv2] [T] [thread 11337] [124.0] [cxt 0] Applying table 'MyIngress.ipv4_forward'
[09:13:46.970] [bmv2] [D] [thread 11337] [124.0] [cxt 0] Looking up key:
* hdr.ipv4.dstAddr    : 00000000

[09:13:46.971] [bmv2] [D] [thread 11337] [124.0] [cxt 0] Table 'MyIngress.ipv4_forward': miss
[09:13:46.971] [bmv2] [D] [thread 11337] [124.0] [cxt 0] Action entry is MyIngress.drop - 
[09:13:46.971] [bmv2] [T] [thread 11337] [124.0] [cxt 0] Action MyIngress.drop
[09:13:46.971] [bmv2] [T] [thread 11337] [124.0] [cxt 0] straggler.p4(155) Primitive mark_to_drop(standard_metadata)
[09:13:46.971] [bmv2] [T] [thread 11337] [124.0] [cxt 0] straggler.p4(284) Condition "hdr.collective.isValid()" (node_3) is false
[09:13:46.971] [bmv2] [D] [thread 11337] [124.0] [cxt 0] Pipeline 'ingress': end
[09:13:46.971] [bmv2] [D] [thread 11337] [124.0] [cxt 0] Egress port is 511
[09:13:46.971] [bmv2] [D] [thread 11337] [124.0] [cxt 0] Dropping packet at the end of ingress
[09:13:50.022] [bmv2] [D] [thread 11337] [125.0] [cxt 0] Processing packet received on port 3
[09:13:50.023] [bmv2] [D] [thread 11337] [125.0] [cxt 0] Parser 'parser': start
[09:13:50.023] [bmv2] [D] [thread 11337] [125.0] [cxt 0] Parser 'parser' entering state 'start'
[09:13:50.023] [bmv2] [D] [thread 11337] [125.0] [cxt 0] Extracting header 'ethernet'
[09:13:50.023] [bmv2] [D] [thread 11337] [125.0] [cxt 0] Parser state 'start': key is 86dd
[09:13:50.023] [bmv2] [T] [thread 11337] [125.0] [cxt 0] Bytes parsed: 14
[09:13:50.023] [bmv2] [D] [thread 11337] [125.0] [cxt 0] Parser 'parser': end
[09:13:50.024] [bmv2] [D] [thread 11337] [125.0] [cxt 0] Pipeline 'ingress': start
[09:13:50.024] [bmv2] [T] [thread 11337] [125.0] [cxt 0] Applying table 'MyIngress.ipv4_forward'
[09:13:50.024] [bmv2] [D] [thread 11337] [125.0] [cxt 0] Looking up key:
* hdr.ipv4.dstAddr    : 00000000

[09:13:50.025] [bmv2] [D] [thread 11337] [125.0] [cxt 0] Table 'MyIngress.ipv4_forward': miss
[09:13:50.025] [bmv2] [D] [thread 11337] [125.0] [cxt 0] Action entry is MyIngress.drop - 
[09:13:50.025] [bmv2] [T] [thread 11337] [125.0] [cxt 0] Action MyIngress.drop
[09:13:50.025] [bmv2] [T] [thread 11337] [125.0] [cxt 0] straggler.p4(155) Primitive mark_to_drop(standard_metadata)
[09:13:50.025] [bmv2] [T] [thread 11337] [125.0] [cxt 0] straggler.p4(284) Condition "hdr.collective.isValid()" (node_3) is false
[09:13:50.025] [bmv2] [D] [thread 11337] [125.0] [cxt 0] Pipeline 'ingress': end
[09:13:50.025] [bmv2] [D] [thread 11337] [125.0] [cxt 0] Egress port is 511
[09:13:50.025] [bmv2] [D] [thread 11337] [125.0] [cxt 0] Dropping packet at the end of ingress
[09:13:51.043] [bmv2] [D] [thread 11337] [126.0] [cxt 0] Processing packet received on port 4
[09:13:51.044] [bmv2] [D] [thread 11337] [126.0] [cxt 0] Parser 'parser': start
[09:13:51.044] [bmv2] [D] [thread 11337] [126.0] [cxt 0] Parser 'parser' entering state 'start'
[09:13:51.044] [bmv2] [D] [thread 11337] [126.0] [cxt 0] Extracting header 'ethernet'
[09:13:51.044] [bmv2] [D] [thread 11337] [126.0] [cxt 0] Parser state 'start': key is 86dd
[09:13:51.044] [bmv2] [T] [thread 11337] [126.0] [cxt 0] Bytes parsed: 14
[09:13:51.044] [bmv2] [D] [thread 11337] [126.0] [cxt 0] Parser 'parser': end
[09:13:51.044] [bmv2] [D] [thread 11337] [126.0] [cxt 0] Pipeline 'ingress': start
[09:13:51.044] [bmv2] [T] [thread 11337] [126.0] [cxt 0] Applying table 'MyIngress.ipv4_forward'
[09:13:51.044] [bmv2] [D] [thread 11337] [126.0] [cxt 0] Looking up key:
* hdr.ipv4.dstAddr    : 00000000

[09:13:51.044] [bmv2] [D] [thread 11337] [126.0] [cxt 0] Table 'MyIngress.ipv4_forward': miss
[09:13:51.044] [bmv2] [D] [thread 11337] [126.0] [cxt 0] Action entry is MyIngress.drop - 
[09:13:51.044] [bmv2] [T] [thread 11337] [126.0] [cxt 0] Action MyIngress.drop
[09:13:51.044] [bmv2] [T] [thread 11337] [126.0] [cxt 0] straggler.p4(155) Primitive mark_to_drop(standard_metadata)
[09:13:51.044] [bmv2] [T] [thread 11337] [126.0] [cxt 0] straggler.p4(284) Condition "hdr.collective.isValid()" (node_3) is false
[09:13:51.044] [bmv2] [D] [thread 11337] [126.0] [cxt 0] Pipeline 'ingress': end
[09:13:51.044] [bmv2] [D] [thread 11337] [126.0] [cxt 0] Egress port is 511
[09:13:51.044] [bmv2] [D] [thread 11337] [126.0] [cxt 0] Dropping packet at the end of ingress
[09:13:51.044] [bmv2] [D] [thread 11337] [127.0] [cxt 0] Processing packet received on port 4
[09:13:51.044] [bmv2] [D] [thread 11337] [127.0] [cxt 0] Parser 'parser': start
[09:13:51.044] [bmv2] [D] [thread 11337] [127.0] [cxt 0] Parser 'parser' entering state 'start'
[09:13:51.044] [bmv2] [D] [thread 11337] [127.0] [cxt 0] Extracting header 'ethernet'
[09:13:51.044] [bmv2] [D] [thread 11337] [127.0] [cxt 0] Parser state 'start': key is 86dd
[09:13:51.044] [bmv2] [T] [thread 11337] [127.0] [cxt 0] Bytes parsed: 14
[09:13:51.044] [bmv2] [D] [thread 11337] [127.0] [cxt 0] Parser 'parser': end
[09:13:51.044] [bmv2] [D] [thread 11337] [127.0] [cxt 0] Pipeline 'ingress': start
[09:13:51.044] [bmv2] [T] [thread 11337] [127.0] [cxt 0] Applying table 'MyIngress.ipv4_forward'
[09:13:51.044] [bmv2] [D] [thread 11337] [127.0] [cxt 0] Looking up key:
* hdr.ipv4.dstAddr    : 00000000

[09:13:51.044] [bmv2] [D] [thread 11337] [127.0] [cxt 0] Table 'MyIngress.ipv4_forward': miss
[09:13:51.044] [bmv2] [D] [thread 11337] [127.0] [cxt 0] Action entry is MyIngress.drop - 
[09:13:51.044] [bmv2] [T] [thread 11337] [127.0] [cxt 0] Action MyIngress.drop
[09:13:51.044] [bmv2] [T] [thread 11337] [127.0] [cxt 0] straggler.p4(155) Primitive mark_to_drop(standard_metadata)
[09:13:51.044] [bmv2] [T] [thread 11337] [127.0] [cxt 0] straggler.p4(284) Condition "hdr.collective.isValid()" (node_3) is false
[09:13:51.044] [bmv2] [D] [thread 11337] [127.0] [cxt 0] Pipeline 'ingress': end
[09:13:51.044] [bmv2] [D] [thread 11337] [127.0] [cxt 0] Egress port is 511
[09:13:51.044] [bmv2] [D] [thread 11337] [127.0] [cxt 0] Dropping packet at the end of ingress
[09:13:51.556] [bmv2] [D] [thread 11337] [128.0] [cxt 0] Processing packet received on port 3
[09:13:51.556] [bmv2] [D] [thread 11337] [128.0] [cxt 0] Parser 'parser': start
[09:13:51.556] [bmv2] [D] [thread 11337] [128.0] [cxt 0] Parser 'parser' entering state 'start'
[09:13:51.556] [bmv2] [D] [thread 11337] [128.0] [cxt 0] Extracting header 'ethernet'
[09:13:51.556] [bmv2] [D] [thread 11337] [128.0] [cxt 0] Parser state 'start': key is 86dd
[09:13:51.556] [bmv2] [T] [thread 11337] [128.0] [cxt 0] Bytes parsed: 14
[09:13:51.556] [bmv2] [D] [thread 11337] [128.0] [cxt 0] Parser 'parser': end
[09:13:51.556] [bmv2] [D] [thread 11337] [128.0] [cxt 0] Pipeline 'ingress': start
[09:13:51.556] [bmv2] [T] [thread 11337] [128.0] [cxt 0] Applying table 'MyIngress.ipv4_forward'
[09:13:51.556] [bmv2] [D] [thread 11337] [128.0] [cxt 0] Looking up key:
* hdr.ipv4.dstAddr    : 00000000

[09:13:51.556] [bmv2] [D] [thread 11337] [128.0] [cxt 0] Table 'MyIngress.ipv4_forward': miss
[09:13:51.556] [bmv2] [D] [thread 11337] [128.0] [cxt 0] Action entry is MyIngress.drop - 
[09:13:51.556] [bmv2] [T] [thread 11337] [128.0] [cxt 0] Action MyIngress.drop
[09:13:51.556] [bmv2] [T] [thread 11337] [128.0] [cxt 0] straggler.p4(155) Primitive mark_to_drop(standard_metadata)
[09:13:51.556] [bmv2] [T] [thread 11337] [128.0] [cxt 0] straggler.p4(284) Condition "hdr.collective.isValid()" (node_3) is false
[09:13:51.556] [bmv2] [D] [thread 11337] [128.0] [cxt 0] Pipeline 'ingress': end
[09:13:51.556] [bmv2] [D] [thread 11337] [128.0] [cxt 0] Egress port is 511
[09:13:51.556] [bmv2] [D] [thread 11337] [128.0] [cxt 0] Dropping packet at the end of ingress
[09:13:53.415] [bmv2] [D] [thread 11337] [129.0] [cxt 0] Processing packet received on port 3
[09:13:53.416] [bmv2] [D] [thread 11337] [129.0] [cxt 0] Parser 'parser': start
[09:13:53.416] [bmv2] [D] [thread 11337] [129.0] [cxt 0] Parser 'parser' entering state 'start'
[09:13:53.416] [bmv2] [D] [thread 11337] [129.0] [cxt 0] Extracting header 'ethernet'
[09:13:53.416] [bmv2] [D] [thread 11337] [129.0] [cxt 0] Parser state 'start': key is 86dd
[09:13:53.416] [bmv2] [T] [thread 11337] [129.0] [cxt 0] Bytes parsed: 14
[09:13:53.416] [bmv2] [D] [thread 11337] [129.0] [cxt 0] Parser 'parser': end
[09:13:53.416] [bmv2] [D] [thread 11337] [129.0] [cxt 0] Pipeline 'ingress': start
[09:13:53.416] [bmv2] [T] [thread 11337] [129.0] [cxt 0] Applying table 'MyIngress.ipv4_forward'
[09:13:53.416] [bmv2] [D] [thread 11337] [129.0] [cxt 0] Looking up key:
* hdr.ipv4.dstAddr    : 00000000

[09:13:53.416] [bmv2] [D] [thread 11337] [129.0] [cxt 0] Table 'MyIngress.ipv4_forward': miss
[09:13:53.416] [bmv2] [D] [thread 11337] [129.0] [cxt 0] Action entry is MyIngress.drop - 
[09:13:53.416] [bmv2] [T] [thread 11337] [129.0] [cxt 0] Action MyIngress.drop
[09:13:53.416] [bmv2] [T] [thread 11337] [129.0] [cxt 0] straggler.p4(155) Primitive mark_to_drop(standard_metadata)
[09:13:53.416] [bmv2] [T] [thread 11337] [129.0] [cxt 0] straggler.p4(284) Condition "hdr.collective.isValid()" (node_3) is false
[09:13:53.416] [bmv2] [D] [thread 11337] [129.0] [cxt 0] Pipeline 'ingress': end
[09:13:53.416] [bmv2] [D] [thread 11337] [129.0] [cxt 0] Egress port is 511
[09:13:53.416] [bmv2] [D] [thread 11337] [129.0] [cxt 0] Dropping packet at the end of ingress
[09:13:53.547] [bmv2] [D] [thread 11337] [130.0] [cxt 0] Processing packet received on port 4
[09:13:53.547] [bmv2] [D] [thread 11337] [130.0] [cxt 0] Parser 'parser': start
[09:13:53.547] [bmv2] [D] [thread 11337] [130.0] [cxt 0] Parser 'parser' entering state 'start'
[09:13:53.547] [bmv2] [D] [thread 11337] [130.0] [cxt 0] Extracting header 'ethernet'
[09:13:53.547] [bmv2] [D] [thread 11337] [130.0] [cxt 0] Parser state 'start': key is 86dd
[09:13:53.547] [bmv2] [T] [thread 11337] [130.0] [cxt 0] Bytes parsed: 14
[09:13:53.547] [bmv2] [D] [thread 11337] [130.0] [cxt 0] Parser 'parser': end
[09:13:53.547] [bmv2] [D] [thread 11337] [130.0] [cxt 0] Pipeline 'ingress': start
[09:13:53.547] [bmv2] [T] [thread 11337] [130.0] [cxt 0] Applying table 'MyIngress.ipv4_forward'
[09:13:53.547] [bmv2] [D] [thread 11337] [130.0] [cxt 0] Looking up key:
* hdr.ipv4.dstAddr    : 00000000

[09:13:53.547] [bmv2] [D] [thread 11337] [130.0] [cxt 0] Table 'MyIngress.ipv4_forward': miss
[09:13:53.547] [bmv2] [D] [thread 11337] [130.0] [cxt 0] Action entry is MyIngress.drop - 
[09:13:53.547] [bmv2] [T] [thread 11337] [130.0] [cxt 0] Action MyIngress.drop
[09:13:53.547] [bmv2] [T] [thread 11337] [130.0] [cxt 0] straggler.p4(155) Primitive mark_to_drop(standard_metadata)
[09:13:53.547] [bmv2] [T] [thread 11337] [130.0] [cxt 0] straggler.p4(284) Condition "hdr.collective.isValid()" (node_3) is false
[09:13:53.547] [bmv2] [D] [thread 11337] [130.0] [cxt 0] Pipeline 'ingress': end
[09:13:53.547] [bmv2] [D] [thread 11337] [130.0] [cxt 0] Egress port is 511
[09:13:53.547] [bmv2] [D] [thread 11337] [130.0] [cxt 0] Dropping packet at the end of ingress
[09:13:53.697] [bmv2] [D] [thread 11337] [131.0] [cxt 0] Processing packet received on port 1
[09:13:53.697] [bmv2] [D] [thread 11337] [131.0] [cxt 0] Parser 'parser': start
[09:13:53.697] [bmv2] [D] [thread 11337] [131.0] [cxt 0] Parser 'parser' entering state 'start'
[09:13:53.697] [bmv2] [D] [thread 11337] [131.0] [cxt 0] Extracting header 'ethernet'
[09:13:53.697] [bmv2] [D] [thread 11337] [131.0] [cxt 0] Parser state 'start': key is 86dd
[09:13:53.697] [bmv2] [T] [thread 11337] [131.0] [cxt 0] Bytes parsed: 14
[09:13:53.697] [bmv2] [D] [thread 11337] [131.0] [cxt 0] Parser 'parser': end
[09:13:53.697] [bmv2] [D] [thread 11337] [131.0] [cxt 0] Pipeline 'ingress': start
[09:13:53.697] [bmv2] [T] [thread 11337] [131.0] [cxt 0] Applying table 'MyIngress.ipv4_forward'
[09:13:53.697] [bmv2] [D] [thread 11337] [131.0] [cxt 0] Looking up key:
* hdr.ipv4.dstAddr    : 00000000

[09:13:53.697] [bmv2] [D] [thread 11337] [131.0] [cxt 0] Table 'MyIngress.ipv4_forward': miss
[09:13:53.697] [bmv2] [D] [thread 11337] [131.0] [cxt 0] Action entry is MyIngress.drop - 
[09:13:53.697] [bmv2] [T] [thread 11337] [131.0] [cxt 0] Action MyIngress.drop
[09:13:53.697] [bmv2] [T] [thread 11337] [131.0] [cxt 0] straggler.p4(155) Primitive mark_to_drop(standard_metadata)
[09:13:53.697] [bmv2] [T] [thread 11337] [131.0] [cxt 0] straggler.p4(284) Condition "hdr.collective.isValid()" (node_3) is false
[09:13:53.697] [bmv2] [D] [thread 11337] [131.0] [cxt 0] Pipeline 'ingress': end
[09:13:53.697] [bmv2] [D] [thread 11337] [131.0] [cxt 0] Egress port is 511
[09:13:53.697] [bmv2] [D] [thread 11337] [131.0] [cxt 0] Dropping packet at the end of ingress
[09:13:53.740] [bmv2] [D] [thread 11337] [132.0] [cxt 0] Processing packet received on port 3
[09:13:53.740] [bmv2] [D] [thread 11337] [132.0] [cxt 0] Parser 'parser': start
[09:13:53.740] [bmv2] [D] [thread 11337] [132.0] [cxt 0] Parser 'parser' entering state 'start'
[09:13:53.740] [bmv2] [D] [thread 11337] [132.0] [cxt 0] Extracting header 'ethernet'
[09:13:53.740] [bmv2] [D] [thread 11337] [132.0] [cxt 0] Parser state 'start': key is 86dd
[09:13:53.740] [bmv2] [T] [thread 11337] [132.0] [cxt 0] Bytes parsed: 14
[09:13:53.740] [bmv2] [D] [thread 11337] [132.0] [cxt 0] Parser 'parser': end
[09:13:53.740] [bmv2] [D] [thread 11337] [132.0] [cxt 0] Pipeline 'ingress': start
[09:13:53.740] [bmv2] [T] [thread 11337] [132.0] [cxt 0] Applying table 'MyIngress.ipv4_forward'
[09:13:53.740] [bmv2] [D] [thread 11337] [132.0] [cxt 0] Looking up key:
* hdr.ipv4.dstAddr    : 00000000

[09:13:53.740] [bmv2] [D] [thread 11337] [132.0] [cxt 0] Table 'MyIngress.ipv4_forward': miss
[09:13:53.740] [bmv2] [D] [thread 11337] [132.0] [cxt 0] Action entry is MyIngress.drop - 
[09:13:53.740] [bmv2] [T] [thread 11337] [132.0] [cxt 0] Action MyIngress.drop
[09:13:53.740] [bmv2] [T] [thread 11337] [132.0] [cxt 0] straggler.p4(155) Primitive mark_to_drop(standard_metadata)
[09:13:53.740] [bmv2] [T] [thread 11337] [132.0] [cxt 0] straggler.p4(284) Condition "hdr.collective.isValid()" (node_3) is false
[09:13:53.740] [bmv2] [D] [thread 11337] [132.0] [cxt 0] Pipeline 'ingress': end
[09:13:53.740] [bmv2] [D] [thread 11337] [132.0] [cxt 0] Egress port is 511
[09:13:53.740] [bmv2] [D] [thread 11337] [132.0] [cxt 0] Dropping packet at the end of ingress
[09:13:53.798] [bmv2] [D] [thread 11337] [133.0] [cxt 0] Processing packet received on port 2
[09:13:53.798] [bmv2] [D] [thread 11337] [133.0] [cxt 0] Parser 'parser': start
[09:13:53.798] [bmv2] [D] [thread 11337] [133.0] [cxt 0] Parser 'parser' entering state 'start'
[09:13:53.798] [bmv2] [D] [thread 11337] [133.0] [cxt 0] Extracting header 'ethernet'
[09:13:53.798] [bmv2] [D] [thread 11337] [133.0] [cxt 0] Parser state 'start': key is 86dd
[09:13:53.798] [bmv2] [T] [thread 11337] [133.0] [cxt 0] Bytes parsed: 14
[09:13:53.798] [bmv2] [D] [thread 11337] [133.0] [cxt 0] Parser 'parser': end
[09:13:53.798] [bmv2] [D] [thread 11337] [133.0] [cxt 0] Pipeline 'ingress': start
[09:13:53.798] [bmv2] [T] [thread 11337] [133.0] [cxt 0] Applying table 'MyIngress.ipv4_forward'
[09:13:53.798] [bmv2] [D] [thread 11337] [133.0] [cxt 0] Looking up key:
* hdr.ipv4.dstAddr    : 00000000

[09:13:53.798] [bmv2] [D] [thread 11337] [133.0] [cxt 0] Table 'MyIngress.ipv4_forward': miss
[09:13:53.798] [bmv2] [D] [thread 11337] [133.0] [cxt 0] Action entry is MyIngress.drop - 
[09:13:53.798] [bmv2] [T] [thread 11337] [133.0] [cxt 0] Action MyIngress.drop
[09:13:53.798] [bmv2] [T] [thread 11337] [133.0] [cxt 0] straggler.p4(155) Primitive mark_to_drop(standard_metadata)
[09:13:53.798] [bmv2] [T] [thread 11337] [133.0] [cxt 0] straggler.p4(284) Condition "hdr.collective.isValid()" (node_3) is false
[09:13:53.798] [bmv2] [D] [thread 11337] [133.0] [cxt 0] Pipeline 'ingress': end
[09:13:53.798] [bmv2] [D] [thread 11337] [133.0] [cxt 0] Egress port is 511
[09:13:53.798] [bmv2] [D] [thread 11337] [133.0] [cxt 0] Dropping packet at the end of ingress
[09:13:54.119] [bmv2] [D] [thread 11337] [134.0] [cxt 0] Processing packet received on port 4
[09:13:54.119] [bmv2] [D] [thread 11337] [134.0] [cxt 0] Parser 'parser': start
[09:13:54.119] [bmv2] [D] [thread 11337] [134.0] [cxt 0] Parser 'parser' entering state 'start'
[09:13:54.119] [bmv2] [D] [thread 11337] [134.0] [cxt 0] Extracting header 'ethernet'
[09:13:54.119] [bmv2] [D] [thread 11337] [134.0] [cxt 0] Parser state 'start': key is 86dd
[09:13:54.119] [bmv2] [T] [thread 11337] [134.0] [cxt 0] Bytes parsed: 14
[09:13:54.119] [bmv2] [D] [thread 11337] [134.0] [cxt 0] Parser 'parser': end
[09:13:54.119] [bmv2] [D] [thread 11337] [134.0] [cxt 0] Pipeline 'ingress': start
[09:13:54.119] [bmv2] [T] [thread 11337] [134.0] [cxt 0] Applying table 'MyIngress.ipv4_forward'
[09:13:54.119] [bmv2] [D] [thread 11337] [134.0] [cxt 0] Looking up key:
* hdr.ipv4.dstAddr    : 00000000

[09:13:54.119] [bmv2] [D] [thread 11337] [134.0] [cxt 0] Table 'MyIngress.ipv4_forward': miss
[09:13:54.119] [bmv2] [D] [thread 11337] [134.0] [cxt 0] Action entry is MyIngress.drop - 
[09:13:54.119] [bmv2] [T] [thread 11337] [134.0] [cxt 0] Action MyIngress.drop
[09:13:54.119] [bmv2] [T] [thread 11337] [134.0] [cxt 0] straggler.p4(155) Primitive mark_to_drop(standard_metadata)
[09:13:54.119] [bmv2] [T] [thread 11337] [134.0] [cxt 0] straggler.p4(284) Condition "hdr.collective.isValid()" (node_3) is false
[09:13:54.119] [bmv2] [D] [thread 11337] [134.0] [cxt 0] Pipeline 'ingress': end
[09:13:54.119] [bmv2] [D] [thread 11337] [134.0] [cxt 0] Egress port is 511
[09:13:54.119] [bmv2] [D] [thread 11337] [134.0] [cxt 0] Dropping packet at the end of ingress
[09:13:59.748] [bmv2] [D] [thread 11337] [135.0] [cxt 0] Processing packet received on port 2
[09:13:59.748] [bmv2] [D] [thread 11337] [135.0] [cxt 0] Parser 'parser': start
[09:13:59.748] [bmv2] [D] [thread 11337] [135.0] [cxt 0] Parser 'parser' entering state 'start'
[09:13:59.748] [bmv2] [D] [thread 11337] [135.0] [cxt 0] Extracting header 'ethernet'
[09:13:59.748] [bmv2] [D] [thread 11337] [135.0] [cxt 0] Parser state 'start': key is 86dd
[09:13:59.748] [bmv2] [T] [thread 11337] [135.0] [cxt 0] Bytes parsed: 14
[09:13:59.748] [bmv2] [D] [thread 11337] [135.0] [cxt 0] Parser 'parser': end
[09:13:59.748] [bmv2] [D] [thread 11337] [135.0] [cxt 0] Pipeline 'ingress': start
[09:13:59.748] [bmv2] [T] [thread 11337] [135.0] [cxt 0] Applying table 'MyIngress.ipv4_forward'
[09:13:59.748] [bmv2] [D] [thread 11337] [135.0] [cxt 0] Looking up key:
* hdr.ipv4.dstAddr    : 00000000

[09:13:59.748] [bmv2] [D] [thread 11337] [135.0] [cxt 0] Table 'MyIngress.ipv4_forward': miss
[09:13:59.748] [bmv2] [D] [thread 11337] [135.0] [cxt 0] Action entry is MyIngress.drop - 
[09:13:59.748] [bmv2] [T] [thread 11337] [135.0] [cxt 0] Action MyIngress.drop
[09:13:59.748] [bmv2] [T] [thread 11337] [135.0] [cxt 0] straggler.p4(155) Primitive mark_to_drop(standard_metadata)
[09:13:59.748] [bmv2] [T] [thread 11337] [135.0] [cxt 0] straggler.p4(284) Condition "hdr.collective.isValid()" (node_3) is false
[09:13:59.748] [bmv2] [D] [thread 11337] [135.0] [cxt 0] Pipeline 'ingress': end
[09:13:59.748] [bmv2] [D] [thread 11337] [135.0] [cxt 0] Egress port is 511
[09:13:59.748] [bmv2] [D] [thread 11337] [135.0] [cxt 0] Dropping packet at the end of ingress
[09:14:02.231] [bmv2] [D] [thread 11337] [136.0] [cxt 0] Processing packet received on port 1
[09:14:02.231] [bmv2] [D] [thread 11337] [136.0] [cxt 0] Parser 'parser': start
[09:14:02.231] [bmv2] [D] [thread 11337] [136.0] [cxt 0] Parser 'parser' entering state 'start'
[09:14:02.231] [bmv2] [D] [thread 11337] [136.0] [cxt 0] Extracting header 'ethernet'
[09:14:02.231] [bmv2] [D] [thread 11337] [136.0] [cxt 0] Parser state 'start': key is 0800
[09:14:02.231] [bmv2] [T] [thread 11337] [136.0] [cxt 0] Bytes parsed: 14
[09:14:02.231] [bmv2] [D] [thread 11337] [136.0] [cxt 0] Parser 'parser' entering state 'parse_ipv4'
[09:14:02.232] [bmv2] [D] [thread 11337] [136.0] [cxt 0] Extracting header 'ipv4'
[09:14:02.232] [bmv2] [D] [thread 11337] [136.0] [cxt 0] Parser state 'parse_ipv4': key is 11
[09:14:02.232] [bmv2] [T] [thread 11337] [136.0] [cxt 0] Bytes parsed: 34
[09:14:02.232] [bmv2] [D] [thread 11337] [136.0] [cxt 0] Parser 'parser' entering state 'parse_udp'
[09:14:02.232] [bmv2] [D] [thread 11337] [136.0] [cxt 0] Extracting header 'udp'
[09:14:02.232] [bmv2] [D] [thread 11337] [136.0] [cxt 0] Extracting header 'collective'
[09:14:02.232] [bmv2] [D] [thread 11337] [136.0] [cxt 0] Parser state 'parse_udp' has no switch, going to default next state
[09:14:02.232] [bmv2] [T] [thread 11337] [136.0] [cxt 0] Bytes parsed: 47
[09:14:02.232] [bmv2] [D] [thread 11337] [136.0] [cxt 0] Parser 'parser': end
[09:14:02.232] [bmv2] [D] [thread 11337] [136.0] [cxt 0] Pipeline 'ingress': start
[09:14:02.232] [bmv2] [T] [thread 11337] [136.0] [cxt 0] Applying table 'MyIngress.ipv4_forward'
[09:14:02.232] [bmv2] [D] [thread 11337] [136.0] [cxt 0] Looking up key:
* hdr.ipv4.dstAddr    : 0a000404

[09:14:02.232] [bmv2] [D] [thread 11337] [136.0] [cxt 0] Table 'MyIngress.ipv4_forward': hit with handle 3
[09:14:02.232] [bmv2] [D] [thread 11337] [136.0] [cxt 0] Dumping entry 3
Match key:
* hdr.ipv4.dstAddr    : EXACT     0a000404
Action entry: MyIngress.forward - 2,

[09:14:02.232] [bmv2] [D] [thread 11337] [136.0] [cxt 0] Action entry is MyIngress.forward - 2,
[09:14:02.232] [bmv2] [T] [thread 11337] [136.0] [cxt 0] Action MyIngress.forward
[09:14:02.232] [bmv2] [T] [thread 11337] [136.0] [cxt 0] straggler.p4(159) Primitive standard_metadata.egress_spec = port
[09:14:02.232] [bmv2] [T] [thread 11337] [136.0] [cxt 0] straggler.p4(284) Condition "hdr.collective.isValid()" (node_3) is true
[09:14:02.232] [bmv2] [T] [thread 11337] [136.0] [cxt 0] Applying table 'tbl_detect_straggler'
[09:14:02.232] [bmv2] [D] [thread 11337] [136.0] [cxt 0] Looking up key:

[09:14:02.232] [bmv2] [D] [thread 11337] [136.0] [cxt 0] Table 'tbl_detect_straggler': miss
[09:14:02.232] [bmv2] [D] [thread 11337] [136.0] [cxt 0] Action entry is MyIngress.detect_straggler - 
[09:14:02.232] [bmv2] [T] [thread 11337] [136.0] [cxt 0] Action MyIngress.detect_straggler
[09:14:02.232] [bmv2] [T] [thread 11337] [136.0] [cxt 0] straggler.p4(225) Primitive hdr.collective.context_id
[09:14:02.232] [bmv2] [T] [thread 11337] [136.0] [cxt 0] straggler.p4(226) Primitive hdr.collective.flow_id
[09:14:02.232] [bmv2] [T] [thread 11337] [136.0] [cxt 0] straggler.p4(224) Primitive hash(index, HashAlgorithm.crc16, (bit<32>) 0, { ...
[09:14:02.232] [bmv2] [T] [thread 11337] [136.0] [cxt 0] hash(base=0, max=65536) = 21056
[09:14:02.232] [bmv2] [T] [thread 11337] [136.0] [cxt 0] straggler.p4(230) Primitive min_timestamp_reg.read(old_min, index)
[09:14:02.232] [bmv2] [T] [thread 11337] [136.0] [cxt 0] Read register 'min_timestamp_reg' at index 21056 read value 37397453
[09:14:02.232] [bmv2] [T] [thread 11337] [136.0] [cxt 0] straggler.p4(231) Primitive max_timestamp_reg.read(old_max, index)
[09:14:02.232] [bmv2] [T] [thread 11337] [136.0] [cxt 0] Read register 'max_timestamp_reg' at index 21056 read value 51765533
[09:14:02.232] [bmv2] [T] [thread 11337] [136.0] [cxt 0] straggler.p4(232) Primitive min_participant_reg.read(old_min_participant, index)
[09:14:02.232] [bmv2] [T] [thread 11337] [136.0] [cxt 0] Read register 'min_participant_reg' at index 21056 read value 1
[09:14:02.232] [bmv2] [T] [thread 11337] [136.0] [cxt 0] straggler.p4(233) Primitive max_participant_reg.read(old_max_participant, index)
[09:14:02.232] [bmv2] [T] [thread 11337] [136.0] [cxt 0] Read register 'max_participant_reg' at index 21056 read value 2
[09:14:02.232] [bmv2] [T] [thread 11337] [136.0] [cxt 0] straggler.p4(240) Primitive if
[09:14:02.232] [bmv2] [T] [thread 11337] [136.0] [cxt 0] straggler.p4(247) Primitive if
[09:14:02.232] [bmv2] [T] [thread 11337] [136.0] [cxt 0] straggler.p4(252) Primitive if
[09:14:02.232] [bmv2] [T] [thread 11337] [136.0] [cxt 0] straggler.p4(253) Primitive old_max = now
[09:14:02.232] [bmv2] [T] [thread 11337] [136.0] [cxt 0] straggler.p4(254) Primitive old_max_participant = hdr.collective.participant_id
[09:14:02.232] [bmv2] [T] [thread 11337] [136.0] [cxt 0] straggler.p4(259) Primitive if
[09:14:02.232] [bmv2] [T] [thread 11337] [136.0] [cxt 0] straggler.p4(38) Primitive 2
[09:14:02.232] [bmv2] [T] [thread 11337] [136.0] [cxt 0] straggler.p4(264) Primitive hdr.collective.context_id
[09:14:02.232] [bmv2] [T] [thread 11337] [136.0] [cxt 0] straggler.p4(265) Primitive hdr.collective.flow_id
[09:14:02.232] [bmv2] [T] [thread 11337] [136.0] [cxt 0] straggler.p4(266) Primitive hdr.collective.participant_id
[09:14:02.232] [bmv2] [T] [thread 11337] [136.0] [cxt 0] straggler.p4(267) Primitive skew
[09:14:02.232] [bmv2] [T] [thread 11337] [136.0] [cxt 0] straggler.p4(268) Primitive old_min_participant
[09:14:02.232] [bmv2] [T] [thread 11337] [136.0] [cxt 0] straggler.p4(269) Primitive old_max_participant
[09:14:02.232] [bmv2] [T] [thread 11337] [136.0] [cxt 0] straggler.p4(260) Primitive log_msg( ...
[09:14:02.233] [bmv2] [I] [thread 11337] STRAGGLER switch=2 context=1 flow=7 participant=3 skew_us=35211819 min_participant=1 max_participant=3
[09:14:02.233] [bmv2] [T] [thread 11337] [136.0] [cxt 0] straggler.p4(275) Primitive min_timestamp_reg.write(index, old_min)
[09:14:02.233] [bmv2] [T] [thread 11337] [136.0] [cxt 0] Wrote register 'min_timestamp_reg' at index 21056 with value 37397453
[09:14:02.233] [bmv2] [T] [thread 11337] [136.0] [cxt 0] straggler.p4(276) Primitive max_timestamp_reg.write(index, old_max)
[09:14:02.233] [bmv2] [T] [thread 11337] [136.0] [cxt 0] Wrote register 'max_timestamp_reg' at index 21056 with value 72609272
[09:14:02.233] [bmv2] [T] [thread 11337] [136.0] [cxt 0] straggler.p4(277) Primitive min_participant_reg.write(index, old_min_participant)
[09:14:02.233] [bmv2] [T] [thread 11337] [136.0] [cxt 0] Wrote register 'min_participant_reg' at index 21056 with value 1
[09:14:02.233] [bmv2] [T] [thread 11337] [136.0] [cxt 0] straggler.p4(278) Primitive max_participant_reg.write(index, old_max_participant)
[09:14:02.233] [bmv2] [T] [thread 11337] [136.0] [cxt 0] Wrote register 'max_participant_reg' at index 21056 with value 3
[09:14:02.233] [bmv2] [D] [thread 11337] [136.0] [cxt 0] Pipeline 'ingress': end
[09:14:02.233] [bmv2] [D] [thread 11337] [136.0] [cxt 0] Egress port is 2
[09:14:02.233] [bmv2] [D] [thread 11340] [136.0] [cxt 0] Pipeline 'egress': start
[09:14:02.233] [bmv2] [D] [thread 11340] [136.0] [cxt 0] Pipeline 'egress': end
[09:14:02.233] [bmv2] [D] [thread 11340] [136.0] [cxt 0] Deparser 'deparser': start
[09:14:02.233] [bmv2] [D] [thread 11340] [136.0] [cxt 0] Deparsing header 'ethernet'
[09:14:02.233] [bmv2] [D] [thread 11340] [136.0] [cxt 0] Deparsing header 'ipv4'
[09:14:02.233] [bmv2] [D] [thread 11340] [136.0] [cxt 0] Deparsing header 'udp'
[09:14:02.233] [bmv2] [D] [thread 11340] [136.0] [cxt 0] Deparsing header 'collective'
[09:14:02.233] [bmv2] [D] [thread 11340] [136.0] [cxt 0] Deparser 'deparser': end
[09:14:02.233] [bmv2] [D] [thread 11342] [136.0] [cxt 0] Transmitting packet of size 64 out of port 2
[09:14:27.804] [bmv2] [D] [thread 11337] [137.0] [cxt 0] Processing packet received on port 3
[09:14:27.804] [bmv2] [D] [thread 11337] [137.0] [cxt 0] Parser 'parser': start
[09:14:27.804] [bmv2] [D] [thread 11337] [137.0] [cxt 0] Parser 'parser' entering state 'start'
[09:14:27.804] [bmv2] [D] [thread 11337] [137.0] [cxt 0] Extracting header 'ethernet'
[09:14:27.804] [bmv2] [D] [thread 11337] [137.0] [cxt 0] Parser state 'start': key is 0800
[09:14:27.804] [bmv2] [T] [thread 11337] [137.0] [cxt 0] Bytes parsed: 14
[09:14:27.804] [bmv2] [D] [thread 11337] [137.0] [cxt 0] Parser 'parser' entering state 'parse_ipv4'
[09:14:27.804] [bmv2] [D] [thread 11337] [137.0] [cxt 0] Extracting header 'ipv4'
[09:14:27.805] [bmv2] [D] [thread 11337] [137.0] [cxt 0] Parser state 'parse_ipv4': key is 11
[09:14:27.805] [bmv2] [T] [thread 11337] [137.0] [cxt 0] Bytes parsed: 34
[09:14:27.805] [bmv2] [D] [thread 11337] [137.0] [cxt 0] Parser 'parser' entering state 'parse_udp'
[09:14:27.805] [bmv2] [D] [thread 11337] [137.0] [cxt 0] Extracting header 'udp'
[09:14:27.805] [bmv2] [D] [thread 11337] [137.0] [cxt 0] Extracting header 'collective'
[09:14:27.805] [bmv2] [D] [thread 11337] [137.0] [cxt 0] Parser state 'parse_udp' has no switch, going to default next state
[09:14:27.805] [bmv2] [T] [thread 11337] [137.0] [cxt 0] Bytes parsed: 47
[09:14:27.805] [bmv2] [D] [thread 11337] [137.0] [cxt 0] Parser 'parser': end
[09:14:27.805] [bmv2] [D] [thread 11337] [137.0] [cxt 0] Pipeline 'ingress': start
[09:14:27.805] [bmv2] [T] [thread 11337] [137.0] [cxt 0] Applying table 'MyIngress.ipv4_forward'
[09:14:27.805] [bmv2] [D] [thread 11337] [137.0] [cxt 0] Looking up key:
* hdr.ipv4.dstAddr    : 0a000404

[09:14:27.805] [bmv2] [D] [thread 11337] [137.0] [cxt 0] Table 'MyIngress.ipv4_forward': hit with handle 3
[09:14:27.805] [bmv2] [D] [thread 11337] [137.0] [cxt 0] Dumping entry 3
Match key:
* hdr.ipv4.dstAddr    : EXACT     0a000404
Action entry: MyIngress.forward - 2,

[09:14:27.805] [bmv2] [D] [thread 11337] [137.0] [cxt 0] Action entry is MyIngress.forward - 2,
[09:14:27.805] [bmv2] [T] [thread 11337] [137.0] [cxt 0] Action MyIngress.forward
[09:14:27.805] [bmv2] [T] [thread 11337] [137.0] [cxt 0] straggler.p4(159) Primitive standard_metadata.egress_spec = port
[09:14:27.805] [bmv2] [T] [thread 11337] [137.0] [cxt 0] straggler.p4(284) Condition "hdr.collective.isValid()" (node_3) is true
[09:14:27.805] [bmv2] [T] [thread 11337] [137.0] [cxt 0] Applying table 'tbl_detect_straggler'
[09:14:27.806] [bmv2] [D] [thread 11337] [137.0] [cxt 0] Looking up key:

[09:14:27.806] [bmv2] [D] [thread 11337] [137.0] [cxt 0] Table 'tbl_detect_straggler': miss
[09:14:27.806] [bmv2] [D] [thread 11337] [137.0] [cxt 0] Action entry is MyIngress.detect_straggler - 
[09:14:27.806] [bmv2] [T] [thread 11337] [137.0] [cxt 0] Action MyIngress.detect_straggler
[09:14:27.806] [bmv2] [T] [thread 11337] [137.0] [cxt 0] straggler.p4(225) Primitive hdr.collective.context_id
[09:14:27.806] [bmv2] [T] [thread 11337] [137.0] [cxt 0] straggler.p4(226) Primitive hdr.collective.flow_id
[09:14:27.806] [bmv2] [T] [thread 11337] [137.0] [cxt 0] straggler.p4(224) Primitive hash(index, HashAlgorithm.crc16, (bit<32>) 0, { ...
[09:14:27.806] [bmv2] [T] [thread 11337] [137.0] [cxt 0] hash(base=0, max=65536) = 21056
[09:14:27.806] [bmv2] [T] [thread 11337] [137.0] [cxt 0] straggler.p4(230) Primitive min_timestamp_reg.read(old_min, index)
[09:14:27.807] [bmv2] [T] [thread 11337] [137.0] [cxt 0] Read register 'min_timestamp_reg' at index 21056 read value 37397453
[09:14:27.807] [bmv2] [T] [thread 11337] [137.0] [cxt 0] straggler.p4(231) Primitive max_timestamp_reg.read(old_max, index)
[09:14:27.807] [bmv2] [T] [thread 11337] [137.0] [cxt 0] Read register 'max_timestamp_reg' at index 21056 read value 72609272
[09:14:27.807] [bmv2] [T] [thread 11337] [137.0] [cxt 0] straggler.p4(232) Primitive min_participant_reg.read(old_min_participant, index)
[09:14:27.807] [bmv2] [T] [thread 11337] [137.0] [cxt 0] Read register 'min_participant_reg' at index 21056 read value 1
[09:14:27.807] [bmv2] [T] [thread 11337] [137.0] [cxt 0] straggler.p4(233) Primitive max_participant_reg.read(old_max_participant, index)
[09:14:27.807] [bmv2] [T] [thread 11337] [137.0] [cxt 0] Read register 'max_participant_reg' at index 21056 read value 3
[09:14:27.807] [bmv2] [T] [thread 11337] [137.0] [cxt 0] straggler.p4(240) Primitive if
[09:14:27.807] [bmv2] [T] [thread 11337] [137.0] [cxt 0] straggler.p4(241) Primitive old_min = now
[09:14:27.808] [bmv2] [T] [thread 11337] [137.0] [cxt 0] straggler.p4(242) Primitive old_max = now
[09:14:27.808] [bmv2] [T] [thread 11337] [137.0] [cxt 0] straggler.p4(243) Primitive old_min_participant = 1
[09:14:27.808] [bmv2] [T] [thread 11337] [137.0] [cxt 0] straggler.p4(244) Primitive old_max_participant = 1
[09:14:27.808] [bmv2] [T] [thread 11337] [137.0] [cxt 0] straggler.p4(240) Primitive if
[09:14:27.808] [bmv2] [T] [thread 11337] [137.0] [cxt 0] straggler.p4(275) Primitive min_timestamp_reg.write(index, old_min)
[09:14:27.808] [bmv2] [T] [thread 11337] [137.0] [cxt 0] Wrote register 'min_timestamp_reg' at index 21056 with value 98181677
[09:14:27.808] [bmv2] [T] [thread 11337] [137.0] [cxt 0] straggler.p4(276) Primitive max_timestamp_reg.write(index, old_max)
[09:14:27.808] [bmv2] [T] [thread 11337] [137.0] [cxt 0] Wrote register 'max_timestamp_reg' at index 21056 with value 98181677
[09:14:27.808] [bmv2] [T] [thread 11337] [137.0] [cxt 0] straggler.p4(277) Primitive min_participant_reg.write(index, old_min_participant)
[09:14:27.808] [bmv2] [T] [thread 11337] [137.0] [cxt 0] Wrote register 'min_participant_reg' at index 21056 with value 1
[09:14:27.808] [bmv2] [T] [thread 11337] [137.0] [cxt 0] straggler.p4(278) Primitive max_participant_reg.write(index, old_max_participant)
[09:14:27.808] [bmv2] [T] [thread 11337] [137.0] [cxt 0] Wrote register 'max_participant_reg' at index 21056 with value 1
[09:14:27.808] [bmv2] [D] [thread 11337] [137.0] [cxt 0] Pipeline 'ingress': end
[09:14:27.808] [bmv2] [D] [thread 11337] [137.0] [cxt 0] Egress port is 2
[09:14:27.809] [bmv2] [D] [thread 11340] [137.0] [cxt 0] Pipeline 'egress': start
[09:14:27.809] [bmv2] [D] [thread 11340] [137.0] [cxt 0] Pipeline 'egress': end
[09:14:27.809] [bmv2] [D] [thread 11340] [137.0] [cxt 0] Deparser 'deparser': start
[09:14:27.809] [bmv2] [D] [thread 11340] [137.0] [cxt 0] Deparsing header 'ethernet'
[09:14:27.809] [bmv2] [D] [thread 11340] [137.0] [cxt 0] Deparsing header 'ipv4'
[09:14:27.809] [bmv2] [D] [thread 11340] [137.0] [cxt 0] Deparsing header 'udp'
[09:14:27.809] [bmv2] [D] [thread 11340] [137.0] [cxt 0] Deparsing header 'collective'
[09:14:27.809] [bmv2] [D] [thread 11340] [137.0] [cxt 0] Deparser 'deparser': end
[09:14:27.811] [bmv2] [D] [thread 11342] [137.0] [cxt 0] Transmitting packet of size 64 out of port 2
[09:14:44.826] [bmv2] [D] [thread 11337] [138.0] [cxt 0] Processing packet received on port 1
[09:14:44.826] [bmv2] [D] [thread 11337] [138.0] [cxt 0] Parser 'parser': start
[09:14:44.826] [bmv2] [D] [thread 11337] [138.0] [cxt 0] Parser 'parser' entering state 'start'
[09:14:44.826] [bmv2] [D] [thread 11337] [138.0] [cxt 0] Extracting header 'ethernet'
[09:14:44.826] [bmv2] [D] [thread 11337] [138.0] [cxt 0] Parser state 'start': key is 86dd
[09:14:44.826] [bmv2] [T] [thread 11337] [138.0] [cxt 0] Bytes parsed: 14
[09:14:44.826] [bmv2] [D] [thread 11337] [138.0] [cxt 0] Parser 'parser': end
[09:14:44.826] [bmv2] [D] [thread 11337] [138.0] [cxt 0] Pipeline 'ingress': start
[09:14:44.826] [bmv2] [T] [thread 11337] [138.0] [cxt 0] Applying table 'MyIngress.ipv4_forward'
[09:14:44.826] [bmv2] [D] [thread 11337] [138.0] [cxt 0] Looking up key:
* hdr.ipv4.dstAddr    : 00000000

[09:14:44.826] [bmv2] [D] [thread 11337] [138.0] [cxt 0] Table 'MyIngress.ipv4_forward': miss
[09:14:44.827] [bmv2] [D] [thread 11337] [138.0] [cxt 0] Action entry is MyIngress.drop - 
[09:14:44.827] [bmv2] [T] [thread 11337] [138.0] [cxt 0] Action MyIngress.drop
[09:14:44.827] [bmv2] [T] [thread 11337] [138.0] [cxt 0] straggler.p4(155) Primitive mark_to_drop(standard_metadata)
[09:14:44.827] [bmv2] [T] [thread 11337] [138.0] [cxt 0] straggler.p4(284) Condition "hdr.collective.isValid()" (node_3) is false
[09:14:44.827] [bmv2] [D] [thread 11337] [138.0] [cxt 0] Pipeline 'ingress': end
[09:14:44.827] [bmv2] [D] [thread 11337] [138.0] [cxt 0] Egress port is 511
[09:14:44.827] [bmv2] [D] [thread 11337] [138.0] [cxt 0] Dropping packet at the end of ingress
[09:14:52.995] [bmv2] [D] [thread 11337] [139.0] [cxt 0] Processing packet received on port 3
[09:14:52.995] [bmv2] [D] [thread 11337] [139.0] [cxt 0] Parser 'parser': start
[09:14:52.995] [bmv2] [D] [thread 11337] [139.0] [cxt 0] Parser 'parser' entering state 'start'
[09:14:52.995] [bmv2] [D] [thread 11337] [139.0] [cxt 0] Extracting header 'ethernet'
[09:14:52.995] [bmv2] [D] [thread 11337] [139.0] [cxt 0] Parser state 'start': key is 86dd
[09:14:52.995] [bmv2] [T] [thread 11337] [139.0] [cxt 0] Bytes parsed: 14
[09:14:52.995] [bmv2] [D] [thread 11337] [139.0] [cxt 0] Parser 'parser': end
[09:14:52.995] [bmv2] [D] [thread 11337] [139.0] [cxt 0] Pipeline 'ingress': start
[09:14:52.995] [bmv2] [T] [thread 11337] [139.0] [cxt 0] Applying table 'MyIngress.ipv4_forward'
[09:14:52.995] [bmv2] [D] [thread 11337] [139.0] [cxt 0] Looking up key:
* hdr.ipv4.dstAddr    : 00000000

[09:14:52.995] [bmv2] [D] [thread 11337] [139.0] [cxt 0] Table 'MyIngress.ipv4_forward': miss
[09:14:52.995] [bmv2] [D] [thread 11337] [139.0] [cxt 0] Action entry is MyIngress.drop - 
[09:14:52.995] [bmv2] [T] [thread 11337] [139.0] [cxt 0] Action MyIngress.drop
[09:14:52.995] [bmv2] [T] [thread 11337] [139.0] [cxt 0] straggler.p4(155) Primitive mark_to_drop(standard_metadata)
[09:14:52.995] [bmv2] [T] [thread 11337] [139.0] [cxt 0] straggler.p4(284) Condition "hdr.collective.isValid()" (node_3) is false
[09:14:52.995] [bmv2] [D] [thread 11337] [139.0] [cxt 0] Pipeline 'ingress': end
[09:14:52.995] [bmv2] [D] [thread 11337] [139.0] [cxt 0] Egress port is 511
[09:14:52.995] [bmv2] [D] [thread 11337] [139.0] [cxt 0] Dropping packet at the end of ingress
[09:14:57.094] [bmv2] [D] [thread 11337] [140.0] [cxt 0] Processing packet received on port 3
[09:14:57.094] [bmv2] [D] [thread 11337] [140.0] [cxt 0] Parser 'parser': start
[09:14:57.094] [bmv2] [D] [thread 11337] [140.0] [cxt 0] Parser 'parser' entering state 'start'
[09:14:57.094] [bmv2] [D] [thread 11337] [140.0] [cxt 0] Extracting header 'ethernet'
[09:14:57.094] [bmv2] [D] [thread 11337] [140.0] [cxt 0] Parser state 'start': key is 86dd
[09:14:57.094] [bmv2] [T] [thread 11337] [140.0] [cxt 0] Bytes parsed: 14
[09:14:57.094] [bmv2] [D] [thread 11337] [140.0] [cxt 0] Parser 'parser': end
[09:14:57.095] [bmv2] [D] [thread 11337] [140.0] [cxt 0] Pipeline 'ingress': start
[09:14:57.095] [bmv2] [T] [thread 11337] [140.0] [cxt 0] Applying table 'MyIngress.ipv4_forward'
[09:14:57.095] [bmv2] [D] [thread 11337] [140.0] [cxt 0] Looking up key:
* hdr.ipv4.dstAddr    : 00000000

[09:14:57.095] [bmv2] [D] [thread 11337] [140.0] [cxt 0] Table 'MyIngress.ipv4_forward': miss
[09:14:57.095] [bmv2] [D] [thread 11337] [140.0] [cxt 0] Action entry is MyIngress.drop - 
[09:14:57.095] [bmv2] [T] [thread 11337] [140.0] [cxt 0] Action MyIngress.drop
[09:14:57.095] [bmv2] [T] [thread 11337] [140.0] [cxt 0] straggler.p4(155) Primitive mark_to_drop(standard_metadata)
[09:14:57.095] [bmv2] [T] [thread 11337] [140.0] [cxt 0] straggler.p4(284) Condition "hdr.collective.isValid()" (node_3) is false
[09:14:57.095] [bmv2] [D] [thread 11337] [140.0] [cxt 0] Pipeline 'ingress': end
[09:14:57.095] [bmv2] [D] [thread 11337] [140.0] [cxt 0] Egress port is 511
[09:14:57.095] [bmv2] [D] [thread 11337] [140.0] [cxt 0] Dropping packet at the end of ingress
[09:14:57.095] [bmv2] [D] [thread 11337] [141.0] [cxt 0] Processing packet received on port 4
[09:14:57.095] [bmv2] [D] [thread 11337] [141.0] [cxt 0] Parser 'parser': start
[09:14:57.096] [bmv2] [D] [thread 11337] [141.0] [cxt 0] Parser 'parser' entering state 'start'
[09:14:57.096] [bmv2] [D] [thread 11337] [141.0] [cxt 0] Extracting header 'ethernet'
[09:14:57.096] [bmv2] [D] [thread 11337] [141.0] [cxt 0] Parser state 'start': key is 86dd
[09:14:57.096] [bmv2] [T] [thread 11337] [141.0] [cxt 0] Bytes parsed: 14
[09:14:57.096] [bmv2] [D] [thread 11337] [141.0] [cxt 0] Parser 'parser': end
[09:14:57.096] [bmv2] [D] [thread 11337] [141.0] [cxt 0] Pipeline 'ingress': start
[09:14:57.096] [bmv2] [T] [thread 11337] [141.0] [cxt 0] Applying table 'MyIngress.ipv4_forward'
[09:14:57.096] [bmv2] [D] [thread 11337] [141.0] [cxt 0] Looking up key:
* hdr.ipv4.dstAddr    : 00000000

[09:14:57.096] [bmv2] [D] [thread 11337] [141.0] [cxt 0] Table 'MyIngress.ipv4_forward': miss
[09:14:57.096] [bmv2] [D] [thread 11337] [141.0] [cxt 0] Action entry is MyIngress.drop - 
[09:14:57.096] [bmv2] [T] [thread 11337] [141.0] [cxt 0] Action MyIngress.drop
[09:14:57.096] [bmv2] [T] [thread 11337] [141.0] [cxt 0] straggler.p4(155) Primitive mark_to_drop(standard_metadata)
[09:14:57.096] [bmv2] [T] [thread 11337] [141.0] [cxt 0] straggler.p4(284) Condition "hdr.collective.isValid()" (node_3) is false
[09:14:57.096] [bmv2] [D] [thread 11337] [141.0] [cxt 0] Pipeline 'ingress': end
[09:14:57.096] [bmv2] [D] [thread 11337] [141.0] [cxt 0] Egress port is 511
[09:14:57.096] [bmv2] [D] [thread 11337] [141.0] [cxt 0] Dropping packet at the end of ingress
[09:14:57.096] [bmv2] [D] [thread 11337] [142.0] [cxt 0] Processing packet received on port 4
[09:14:57.096] [bmv2] [D] [thread 11337] [142.0] [cxt 0] Parser 'parser': start
[09:14:57.096] [bmv2] [D] [thread 11337] [142.0] [cxt 0] Parser 'parser' entering state 'start'
[09:14:57.096] [bmv2] [D] [thread 11337] [142.0] [cxt 0] Extracting header 'ethernet'
[09:14:57.097] [bmv2] [D] [thread 11337] [142.0] [cxt 0] Parser state 'start': key is 86dd
[09:14:57.097] [bmv2] [T] [thread 11337] [142.0] [cxt 0] Bytes parsed: 14
[09:14:57.097] [bmv2] [D] [thread 11337] [142.0] [cxt 0] Parser 'parser': end
[09:14:57.097] [bmv2] [D] [thread 11337] [142.0] [cxt 0] Pipeline 'ingress': start
[09:14:57.097] [bmv2] [T] [thread 11337] [142.0] [cxt 0] Applying table 'MyIngress.ipv4_forward'
[09:14:57.097] [bmv2] [D] [thread 11337] [142.0] [cxt 0] Looking up key:
* hdr.ipv4.dstAddr    : 00000000

[09:14:57.097] [bmv2] [D] [thread 11337] [142.0] [cxt 0] Table 'MyIngress.ipv4_forward': miss
[09:14:57.097] [bmv2] [D] [thread 11337] [142.0] [cxt 0] Action entry is MyIngress.drop - 
[09:14:57.097] [bmv2] [T] [thread 11337] [142.0] [cxt 0] Action MyIngress.drop
[09:14:57.097] [bmv2] [T] [thread 11337] [142.0] [cxt 0] straggler.p4(155) Primitive mark_to_drop(standard_metadata)
[09:14:57.097] [bmv2] [T] [thread 11337] [142.0] [cxt 0] straggler.p4(284) Condition "hdr.collective.isValid()" (node_3) is false
[09:14:57.097] [bmv2] [D] [thread 11337] [142.0] [cxt 0] Pipeline 'ingress': end
[09:14:57.097] [bmv2] [D] [thread 11337] [142.0] [cxt 0] Egress port is 511
[09:14:57.097] [bmv2] [D] [thread 11337] [142.0] [cxt 0] Dropping packet at the end of ingress
[09:14:57.416] [bmv2] [D] [thread 11337] [143.0] [cxt 0] Processing packet received on port 3
[09:14:57.416] [bmv2] [D] [thread 11337] [143.0] [cxt 0] Parser 'parser': start
[09:14:57.416] [bmv2] [D] [thread 11337] [143.0] [cxt 0] Parser 'parser' entering state 'start'
[09:14:57.416] [bmv2] [D] [thread 11337] [143.0] [cxt 0] Extracting header 'ethernet'
[09:14:57.416] [bmv2] [D] [thread 11337] [143.0] [cxt 0] Parser state 'start': key is 86dd
[09:14:57.416] [bmv2] [T] [thread 11337] [143.0] [cxt 0] Bytes parsed: 14
[09:14:57.416] [bmv2] [D] [thread 11337] [143.0] [cxt 0] Parser 'parser': end
[09:14:57.416] [bmv2] [D] [thread 11337] [143.0] [cxt 0] Pipeline 'ingress': start
[09:14:57.416] [bmv2] [T] [thread 11337] [143.0] [cxt 0] Applying table 'MyIngress.ipv4_forward'
[09:14:57.416] [bmv2] [D] [thread 11337] [143.0] [cxt 0] Looking up key:
* hdr.ipv4.dstAddr    : 00000000

[09:14:57.416] [bmv2] [D] [thread 11337] [143.0] [cxt 0] Table 'MyIngress.ipv4_forward': miss
[09:14:57.416] [bmv2] [D] [thread 11337] [143.0] [cxt 0] Action entry is MyIngress.drop - 
[09:14:57.416] [bmv2] [T] [thread 11337] [143.0] [cxt 0] Action MyIngress.drop
[09:14:57.416] [bmv2] [T] [thread 11337] [143.0] [cxt 0] straggler.p4(155) Primitive mark_to_drop(standard_metadata)
[09:14:57.416] [bmv2] [T] [thread 11337] [143.0] [cxt 0] straggler.p4(284) Condition "hdr.collective.isValid()" (node_3) is false
[09:14:57.416] [bmv2] [D] [thread 11337] [143.0] [cxt 0] Pipeline 'ingress': end
[09:14:57.416] [bmv2] [D] [thread 11337] [143.0] [cxt 0] Egress port is 511
[09:14:57.416] [bmv2] [D] [thread 11337] [143.0] [cxt 0] Dropping packet at the end of ingress
[09:14:57.546] [bmv2] [D] [thread 11337] [144.0] [cxt 0] Processing packet received on port 4
[09:14:57.546] [bmv2] [D] [thread 11337] [144.0] [cxt 0] Parser 'parser': start
[09:14:57.546] [bmv2] [D] [thread 11337] [144.0] [cxt 0] Parser 'parser' entering state 'start'
[09:14:57.546] [bmv2] [D] [thread 11337] [144.0] [cxt 0] Extracting header 'ethernet'
[09:14:57.547] [bmv2] [D] [thread 11337] [144.0] [cxt 0] Parser state 'start': key is 86dd
[09:14:57.547] [bmv2] [T] [thread 11337] [144.0] [cxt 0] Bytes parsed: 14
[09:14:57.547] [bmv2] [D] [thread 11337] [144.0] [cxt 0] Parser 'parser': end
[09:14:57.547] [bmv2] [D] [thread 11337] [144.0] [cxt 0] Pipeline 'ingress': start
[09:14:57.547] [bmv2] [T] [thread 11337] [144.0] [cxt 0] Applying table 'MyIngress.ipv4_forward'
[09:14:57.547] [bmv2] [D] [thread 11337] [144.0] [cxt 0] Looking up key:
* hdr.ipv4.dstAddr    : 00000000

[09:14:57.547] [bmv2] [D] [thread 11337] [144.0] [cxt 0] Table 'MyIngress.ipv4_forward': miss
[09:14:57.547] [bmv2] [D] [thread 11337] [144.0] [cxt 0] Action entry is MyIngress.drop - 
[09:14:57.547] [bmv2] [T] [thread 11337] [144.0] [cxt 0] Action MyIngress.drop
[09:14:57.547] [bmv2] [T] [thread 11337] [144.0] [cxt 0] straggler.p4(155) Primitive mark_to_drop(standard_metadata)
[09:14:57.547] [bmv2] [T] [thread 11337] [144.0] [cxt 0] straggler.p4(284) Condition "hdr.collective.isValid()" (node_3) is false
[09:14:57.547] [bmv2] [D] [thread 11337] [144.0] [cxt 0] Pipeline 'ingress': end
[09:14:57.547] [bmv2] [D] [thread 11337] [144.0] [cxt 0] Egress port is 511
[09:14:57.547] [bmv2] [D] [thread 11337] [144.0] [cxt 0] Dropping packet at the end of ingress
[09:14:57.699] [bmv2] [D] [thread 11337] [145.0] [cxt 0] Processing packet received on port 1
[09:14:57.699] [bmv2] [D] [thread 11337] [145.0] [cxt 0] Parser 'parser': start
[09:14:57.699] [bmv2] [D] [thread 11337] [145.0] [cxt 0] Parser 'parser' entering state 'start'
[09:14:57.699] [bmv2] [D] [thread 11337] [145.0] [cxt 0] Extracting header 'ethernet'
[09:14:57.699] [bmv2] [D] [thread 11337] [145.0] [cxt 0] Parser state 'start': key is 86dd
[09:14:57.699] [bmv2] [T] [thread 11337] [145.0] [cxt 0] Bytes parsed: 14
[09:14:57.699] [bmv2] [D] [thread 11337] [145.0] [cxt 0] Parser 'parser': end
[09:14:57.699] [bmv2] [D] [thread 11337] [145.0] [cxt 0] Pipeline 'ingress': start
[09:14:57.699] [bmv2] [T] [thread 11337] [145.0] [cxt 0] Applying table 'MyIngress.ipv4_forward'
[09:14:57.699] [bmv2] [D] [thread 11337] [145.0] [cxt 0] Looking up key:
* hdr.ipv4.dstAddr    : 00000000

[09:14:57.699] [bmv2] [D] [thread 11337] [145.0] [cxt 0] Table 'MyIngress.ipv4_forward': miss
[09:14:57.699] [bmv2] [D] [thread 11337] [145.0] [cxt 0] Action entry is MyIngress.drop - 
[09:14:57.699] [bmv2] [T] [thread 11337] [145.0] [cxt 0] Action MyIngress.drop
[09:14:57.699] [bmv2] [T] [thread 11337] [145.0] [cxt 0] straggler.p4(155) Primitive mark_to_drop(standard_metadata)
[09:14:57.699] [bmv2] [T] [thread 11337] [145.0] [cxt 0] straggler.p4(284) Condition "hdr.collective.isValid()" (node_3) is false
[09:14:57.699] [bmv2] [D] [thread 11337] [145.0] [cxt 0] Pipeline 'ingress': end
[09:14:57.699] [bmv2] [D] [thread 11337] [145.0] [cxt 0] Egress port is 511
[09:14:57.699] [bmv2] [D] [thread 11337] [145.0] [cxt 0] Dropping packet at the end of ingress
[09:14:57.742] [bmv2] [D] [thread 11337] [146.0] [cxt 0] Processing packet received on port 3
[09:14:57.742] [bmv2] [D] [thread 11337] [146.0] [cxt 0] Parser 'parser': start
[09:14:57.742] [bmv2] [D] [thread 11337] [146.0] [cxt 0] Parser 'parser' entering state 'start'
[09:14:57.742] [bmv2] [D] [thread 11337] [146.0] [cxt 0] Extracting header 'ethernet'
[09:14:57.742] [bmv2] [D] [thread 11337] [146.0] [cxt 0] Parser state 'start': key is 86dd
[09:14:57.742] [bmv2] [T] [thread 11337] [146.0] [cxt 0] Bytes parsed: 14
[09:14:57.742] [bmv2] [D] [thread 11337] [146.0] [cxt 0] Parser 'parser': end
[09:14:57.742] [bmv2] [D] [thread 11337] [146.0] [cxt 0] Pipeline 'ingress': start
[09:14:57.742] [bmv2] [T] [thread 11337] [146.0] [cxt 0] Applying table 'MyIngress.ipv4_forward'
[09:14:57.742] [bmv2] [D] [thread 11337] [146.0] [cxt 0] Looking up key:
* hdr.ipv4.dstAddr    : 00000000

[09:14:57.742] [bmv2] [D] [thread 11337] [146.0] [cxt 0] Table 'MyIngress.ipv4_forward': miss
[09:14:57.742] [bmv2] [D] [thread 11337] [146.0] [cxt 0] Action entry is MyIngress.drop - 
[09:14:57.742] [bmv2] [T] [thread 11337] [146.0] [cxt 0] Action MyIngress.drop
[09:14:57.742] [bmv2] [T] [thread 11337] [146.0] [cxt 0] straggler.p4(155) Primitive mark_to_drop(standard_metadata)
[09:14:57.742] [bmv2] [T] [thread 11337] [146.0] [cxt 0] straggler.p4(284) Condition "hdr.collective.isValid()" (node_3) is false
[09:14:57.742] [bmv2] [D] [thread 11337] [146.0] [cxt 0] Pipeline 'ingress': end
[09:14:57.742] [bmv2] [D] [thread 11337] [146.0] [cxt 0] Egress port is 511
[09:14:57.742] [bmv2] [D] [thread 11337] [146.0] [cxt 0] Dropping packet at the end of ingress
[09:14:57.798] [bmv2] [D] [thread 11337] [147.0] [cxt 0] Processing packet received on port 2
[09:14:57.798] [bmv2] [D] [thread 11337] [147.0] [cxt 0] Parser 'parser': start
[09:14:57.798] [bmv2] [D] [thread 11337] [147.0] [cxt 0] Parser 'parser' entering state 'start'
[09:14:57.798] [bmv2] [D] [thread 11337] [147.0] [cxt 0] Extracting header 'ethernet'
[09:14:57.798] [bmv2] [D] [thread 11337] [147.0] [cxt 0] Parser state 'start': key is 86dd
[09:14:57.798] [bmv2] [T] [thread 11337] [147.0] [cxt 0] Bytes parsed: 14
[09:14:57.798] [bmv2] [D] [thread 11337] [147.0] [cxt 0] Parser 'parser': end
[09:14:57.798] [bmv2] [D] [thread 11337] [147.0] [cxt 0] Pipeline 'ingress': start
[09:14:57.798] [bmv2] [T] [thread 11337] [147.0] [cxt 0] Applying table 'MyIngress.ipv4_forward'
[09:14:57.798] [bmv2] [D] [thread 11337] [147.0] [cxt 0] Looking up key:
* hdr.ipv4.dstAddr    : 00000000

[09:14:57.798] [bmv2] [D] [thread 11337] [147.0] [cxt 0] Table 'MyIngress.ipv4_forward': miss
[09:14:57.798] [bmv2] [D] [thread 11337] [147.0] [cxt 0] Action entry is MyIngress.drop - 
[09:14:57.798] [bmv2] [T] [thread 11337] [147.0] [cxt 0] Action MyIngress.drop
[09:14:57.798] [bmv2] [T] [thread 11337] [147.0] [cxt 0] straggler.p4(155) Primitive mark_to_drop(standard_metadata)
[09:14:57.798] [bmv2] [T] [thread 11337] [147.0] [cxt 0] straggler.p4(284) Condition "hdr.collective.isValid()" (node_3) is false
[09:14:57.798] [bmv2] [D] [thread 11337] [147.0] [cxt 0] Pipeline 'ingress': end
[09:14:57.798] [bmv2] [D] [thread 11337] [147.0] [cxt 0] Egress port is 511
[09:14:57.798] [bmv2] [D] [thread 11337] [147.0] [cxt 0] Dropping packet at the end of ingress
[09:14:58.120] [bmv2] [D] [thread 11337] [148.0] [cxt 0] Processing packet received on port 4
[09:14:58.120] [bmv2] [D] [thread 11337] [148.0] [cxt 0] Parser 'parser': start
[09:14:58.120] [bmv2] [D] [thread 11337] [148.0] [cxt 0] Parser 'parser' entering state 'start'
[09:14:58.120] [bmv2] [D] [thread 11337] [148.0] [cxt 0] Extracting header 'ethernet'
[09:14:58.120] [bmv2] [D] [thread 11337] [148.0] [cxt 0] Parser state 'start': key is 86dd
[09:14:58.120] [bmv2] [T] [thread 11337] [148.0] [cxt 0] Bytes parsed: 14
[09:14:58.120] [bmv2] [D] [thread 11337] [148.0] [cxt 0] Parser 'parser': end
[09:14:58.120] [bmv2] [D] [thread 11337] [148.0] [cxt 0] Pipeline 'ingress': start
[09:14:58.120] [bmv2] [T] [thread 11337] [148.0] [cxt 0] Applying table 'MyIngress.ipv4_forward'
[09:14:58.120] [bmv2] [D] [thread 11337] [148.0] [cxt 0] Looking up key:
* hdr.ipv4.dstAddr    : 00000000

[09:14:58.120] [bmv2] [D] [thread 11337] [148.0] [cxt 0] Table 'MyIngress.ipv4_forward': miss
[09:14:58.120] [bmv2] [D] [thread 11337] [148.0] [cxt 0] Action entry is MyIngress.drop - 
[09:14:58.120] [bmv2] [T] [thread 11337] [148.0] [cxt 0] Action MyIngress.drop
[09:14:58.120] [bmv2] [T] [thread 11337] [148.0] [cxt 0] straggler.p4(155) Primitive mark_to_drop(standard_metadata)
[09:14:58.120] [bmv2] [T] [thread 11337] [148.0] [cxt 0] straggler.p4(284) Condition "hdr.collective.isValid()" (node_3) is false
[09:14:58.120] [bmv2] [D] [thread 11337] [148.0] [cxt 0] Pipeline 'ingress': end
[09:14:58.120] [bmv2] [D] [thread 11337] [148.0] [cxt 0] Egress port is 511
[09:14:58.120] [bmv2] [D] [thread 11337] [148.0] [cxt 0] Dropping packet at the end of ingress
[09:15:17.582] [bmv2] [D] [thread 11337] [149.0] [cxt 0] Processing packet received on port 2
[09:15:17.583] [bmv2] [D] [thread 11337] [149.0] [cxt 0] Parser 'parser': start
[09:15:17.583] [bmv2] [D] [thread 11337] [149.0] [cxt 0] Parser 'parser' entering state 'start'
[09:15:17.583] [bmv2] [D] [thread 11337] [149.0] [cxt 0] Extracting header 'ethernet'
[09:15:17.585] [bmv2] [D] [thread 11337] [149.0] [cxt 0] Parser state 'start': key is 86dd
[09:15:17.585] [bmv2] [T] [thread 11337] [149.0] [cxt 0] Bytes parsed: 14
[09:15:17.585] [bmv2] [D] [thread 11337] [149.0] [cxt 0] Parser 'parser': end
[09:15:17.585] [bmv2] [D] [thread 11337] [149.0] [cxt 0] Pipeline 'ingress': start
[09:15:17.585] [bmv2] [T] [thread 11337] [149.0] [cxt 0] Applying table 'MyIngress.ipv4_forward'
[09:15:17.585] [bmv2] [D] [thread 11337] [149.0] [cxt 0] Looking up key:
* hdr.ipv4.dstAddr    : 00000000

[09:15:17.585] [bmv2] [D] [thread 11337] [149.0] [cxt 0] Table 'MyIngress.ipv4_forward': miss
[09:15:17.585] [bmv2] [D] [thread 11337] [149.0] [cxt 0] Action entry is MyIngress.drop - 
[09:15:17.585] [bmv2] [T] [thread 11337] [149.0] [cxt 0] Action MyIngress.drop
[09:15:17.585] [bmv2] [T] [thread 11337] [149.0] [cxt 0] straggler.p4(155) Primitive mark_to_drop(standard_metadata)
[09:15:17.585] [bmv2] [T] [thread 11337] [149.0] [cxt 0] straggler.p4(284) Condition "hdr.collective.isValid()" (node_3) is false
[09:15:17.585] [bmv2] [D] [thread 11337] [149.0] [cxt 0] Pipeline 'ingress': end
[09:15:17.585] [bmv2] [D] [thread 11337] [149.0] [cxt 0] Egress port is 511
[09:15:17.585] [bmv2] [D] [thread 11337] [149.0] [cxt 0] Dropping packet at the end of ingress
                                                                                                                                                                                                                                                                                                                                                                                                      