Calling target program-options parser
[12:52:11.557] [bmv2] [D] [thread 7253] Set default default entry for table 'MyIngress.ipv4_forward': MyIngress.drop - 
[12:52:11.557] [bmv2] [D] [thread 7253] Entry 0 added to table 'MyIngress.ipv4_forward'
[12:52:11.557] [bmv2] [D] [thread 7253] Dumping entry 0
Match key:
* hdr.ipv4.dstAddr    : EXACT     0a000101
Action entry: MyIngress.forward - 1,

[12:52:11.557] [bmv2] [D] [thread 7253] Entry 1 added to table 'MyIngress.ipv4_forward'
[12:52:11.557] [bmv2] [D] [thread 7253] Dumping entry 1
Match key:
* hdr.ipv4.dstAddr    : EXACT     0a000202
Action entry: MyIngress.forward - 1,

[12:52:11.557] [bmv2] [D] [thread 7253] Entry 2 added to table 'MyIngress.ipv4_forward'
[12:52:11.557] [bmv2] [D] [thread 7253] Dumping entry 2
Match key:
* hdr.ipv4.dstAddr    : EXACT     0a000303
Action entry: MyIngress.forward - 2,

[12:52:11.557] [bmv2] [D] [thread 7253] Entry 3 added to table 'MyIngress.ipv4_forward'
[12:52:11.557] [bmv2] [D] [thread 7253] Dumping entry 3
Match key:
* hdr.ipv4.dstAddr    : EXACT     0a000404
Action entry: MyIngress.forward - 2,

[12:52:11.557] [bmv2] [D] [thread 7253] Set default default entry for table 'tbl_detect_straggler': MyIngress.detect_straggler - 
Adding interface s3-eth1 as port 1
[12:52:11.559] [bmv2] [D] [thread 7253] Adding interface s3-eth1 as port 1
Adding interface s3-eth2 as port 2
[12:52:11.575] [bmv2] [D] [thread 7253] Adding interface s3-eth2 as port 2
[12:52:11.584] [bmv2] [I] [thread 7253] Starting Thrift server on port 9092
[12:52:11.584] [bmv2] [I] [thread 7253] Thrift server was started
[12:52:11.633] [bmv2] [D] [thread 7259] [0.0] [cxt 0] Processing packet received on port 2
[12:52:11.633] [bmv2] [D] [thread 7259] [0.0] [cxt 0] Parser 'parser': start
[12:52:11.633] [bmv2] [D] [thread 7259] [0.0] [cxt 0] Parser 'parser' entering state 'start'
[12:52:11.633] [bmv2] [D] [thread 7259] [0.0] [cxt 0] Extracting header 'ethernet'
[12:52:11.633] [bmv2] [D] [thread 7259] [0.0] [cxt 0] Parser state 'start': key is 86dd
[12:52:11.633] [bmv2] [T] [thread 7259] [0.0] [cxt 0] Bytes parsed: 14
[12:52:11.633] [bmv2] [D] [thread 7259] [0.0] [cxt 0] Parser 'parser': end
[12:52:11.633] [bmv2] [D] [thread 7259] [0.0] [cxt 0] Pipeline 'ingress': start
[12:52:11.633] [bmv2] [T] [thread 7259] [0.0] [cxt 0] Applying table 'MyIngress.ipv4_forward'
[12:52:11.633] [bmv2] [D] [thread 7259] [0.0] [cxt 0] Looking up key:
* hdr.ipv4.dstAddr    : 00000000

[12:52:11.633] [bmv2] [D] [thread 7259] [0.0] [cxt 0] Table 'MyIngress.ipv4_forward': miss
[12:52:11.633] [bmv2] [D] [thread 7259] [0.0] [cxt 0] Action entry is MyIngress.drop - 
[12:52:11.633] [bmv2] [T] [thread 7259] [0.0] [cxt 0] Action MyIngress.drop
[12:52:11.633] [bmv2] [T] [thread 7259] [0.0] [cxt 0] straggler.p4(158) Primitive mark_to_drop(standard_metadata)
[12:52:11.633] [bmv2] [T] [thread 7259] [0.0] [cxt 0] straggler.p4(288) Condition "hdr.collective.isValid()" (node_3) is false
[12:52:11.634] [bmv2] [D] [thread 7259] [0.0] [cxt 0] Pipeline 'ingress': end
[12:52:11.634] [bmv2] [D] [thread 7259] [0.0] [cxt 0] Egress port is 511
[12:52:11.634] [bmv2] [D] [thread 7259] [0.0] [cxt 0] Dropping packet at the end of ingress
[12:52:11.634] [bmv2] [D] [thread 7259] [1.0] [cxt 0] Processing packet received on port 2
[12:52:11.634] [bmv2] [D] [thread 7259] [1.0] [cxt 0] Parser 'parser': start
[12:52:11.634] [bmv2] [D] [thread 7259] [1.0] [cxt 0] Parser 'parser' entering state 'start'
[12:52:11.634] [bmv2] [D] [thread 7259] [1.0] [cxt 0] Extracting header 'ethernet'
[12:52:11.634] [bmv2] [D] [thread 7259] [1.0] [cxt 0] Parser state 'start': key is 86dd
[12:52:11.634] [bmv2] [T] [thread 7259] [1.0] [cxt 0] Bytes parsed: 14
[12:52:11.634] [bmv2] [D] [thread 7259] [1.0] [cxt 0] Parser 'parser': end
[12:52:11.634] [bmv2] [D] [thread 7259] [1.0] [cxt 0] Pipeline 'ingress': start
[12:52:11.634] [bmv2] [T] [thread 7259] [1.0] [cxt 0] Applying table 'MyIngress.ipv4_forward'
[12:52:11.634] [bmv2] [D] [thread 7259] [1.0] [cxt 0] Looking up key:
* hdr.ipv4.dstAddr    : 00000000

[12:52:11.634] [bmv2] [D] [thread 7259] [1.0] [cxt 0] Table 'MyIngress.ipv4_forward': miss
[12:52:11.634] [bmv2] [D] [thread 7259] [1.0] [cxt 0] Action entry is MyIngress.drop - 
[12:52:11.634] [bmv2] [T] [thread 7259] [1.0] [cxt 0] Action MyIngress.drop
[12:52:11.634] [bmv2] [T] [thread 7259] [1.0] [cxt 0] straggler.p4(158) Primitive mark_to_drop(standard_metadata)
[12:52:11.634] [bmv2] [T] [thread 7259] [1.0] [cxt 0] straggler.p4(288) Condition "hdr.collective.isValid()" (node_3) is false
[12:52:11.634] [bmv2] [D] [thread 7259] [1.0] [cxt 0] Pipeline 'ingress': end
[12:52:11.634] [bmv2] [D] [thread 7259] [1.0] [cxt 0] Egress port is 511
[12:52:11.634] [bmv2] [D] [thread 7259] [1.0] [cxt 0] Dropping packet at the end of ingress
[12:52:11.635] [bmv2] [D] [thread 7259] [2.0] [cxt 0] Processing packet received on port 2
[12:52:11.635] [bmv2] [D] [thread 7259] [2.0] [cxt 0] Parser 'parser': start
[12:52:11.635] [bmv2] [D] [thread 7259] [2.0] [cxt 0] Parser 'parser' entering state 'start'
[12:52:11.635] [bmv2] [D] [thread 7259] [2.0] [cxt 0] Extracting header 'ethernet'
[12:52:11.635] [bmv2] [D] [thread 7259] [2.0] [cxt 0] Parser state 'start': key is 86dd
[12:52:11.635] [bmv2] [T] [thread 7259] [2.0] [cxt 0] Bytes parsed: 14
[12:52:11.635] [bmv2] [D] [thread 7259] [2.0] [cxt 0] Parser 'parser': end
[12:52:11.635] [bmv2] [D] [thread 7259] [2.0] [cxt 0] Pipeline 'ingress': start
[12:52:11.635] [bmv2] [T] [thread 7259] [2.0] [cxt 0] Applying table 'MyIngress.ipv4_forward'
[12:52:11.635] [bmv2] [D] [thread 7259] [2.0] [cxt 0] Looking up key:
* hdr.ipv4.dstAddr    : 00000000

[12:52:11.635] [bmv2] [D] [thread 7259] [2.0] [cxt 0] Table 'MyIngress.ipv4_forward': miss
[12:52:11.635] [bmv2] [D] [thread 7259] [2.0] [cxt 0] Action entry is MyIngress.drop - 
[12:52:11.635] [bmv2] [T] [thread 7259] [2.0] [cxt 0] Action MyIngress.drop
[12:52:11.635] [bmv2] [T] [thread 7259] [2.0] [cxt 0] straggler.p4(158) Primitive mark_to_drop(standard_metadata)
[12:52:11.635] [bmv2] [T] [thread 7259] [2.0] [cxt 0] straggler.p4(288) Condition "hdr.collective.isValid()" (node_3) is false
[12:52:11.635] [bmv2] [D] [thread 7259] [2.0] [cxt 0] Pipeline 'ingress': end
[12:52:11.635] [bmv2] [D] [thread 7259] [2.0] [cxt 0] Egress port is 511
[12:52:11.635] [bmv2] [D] [thread 7259] [2.0] [cxt 0] Dropping packet at the end of ingress
[12:52:11.734] [bmv2] [D] [thread 7259] [3.0] [cxt 0] Processing packet received on port 2
[12:52:11.734] [bmv2] [D] [thread 7259] [3.0] [cxt 0] Parser 'parser': start
[12:52:11.734] [bmv2] [D] [thread 7259] [3.0] [cxt 0] Parser 'parser' entering state 'start'
[12:52:11.734] [bmv2] [D] [thread 7259] [3.0] [cxt 0] Extracting header 'ethernet'
[12:52:11.734] [bmv2] [D] [thread 7259] [3.0] [cxt 0] Parser state 'start': key is 86dd
[12:52:11.734] [bmv2] [T] [thread 7259] [3.0] [cxt 0] Bytes parsed: 14
[12:52:11.734] [bmv2] [D] [thread 7259] [3.0] [cxt 0] Parser 'parser': end
[12:52:11.734] [bmv2] [D] [thread 7259] [3.0] [cxt 0] Pipeline 'ingress': start
[12:52:11.734] [bmv2] [T] [thread 7259] [3.0] [cxt 0] Applying table 'MyIngress.ipv4_forward'
[12:52:11.734] [bmv2] [D] [thread 7259] [3.0] [cxt 0] Looking up key:
* hdr.ipv4.dstAddr    : 00000000

[12:52:11.734] [bmv2] [D] [thread 7259] [3.0] [cxt 0] Table 'MyIngress.ipv4_forward': miss
[12:52:11.734] [bmv2] [D] [thread 7259] [3.0] [cxt 0] Action entry is MyIngress.drop - 
[12:52:11.734] [bmv2] [T] [thread 7259] [3.0] [cxt 0] Action MyIngress.drop
[12:52:11.734] [bmv2] [T] [thread 7259] [3.0] [cxt 0] straggler.p4(158) Primitive mark_to_drop(standard_metadata)
[12:52:11.734] [bmv2] [T] [thread 7259] [3.0] [cxt 0] straggler.p4(288) Condition "hdr.collective.isValid()" (node_3) is false
[12:52:11.734] [bmv2] [D] [thread 7259] [3.0] [cxt 0] Pipeline 'ingress': end
[12:52:11.734] [bmv2] [D] [thread 7259] [3.0] [cxt 0] Egress port is 511
[12:52:11.734] [bmv2] [D] [thread 7259] [3.0] [cxt 0] Dropping packet at the end of ingress
[12:52:11.734] [bmv2] [D] [thread 7259] [4.0] [cxt 0] Processing packet received on port 2
[12:52:11.734] [bmv2] [D] [thread 7259] [4.0] [cxt 0] Parser 'parser': start
[12:52:11.734] [bmv2] [D] [thread 7259] [4.0] [cxt 0] Parser 'parser' entering state 'start'
[12:52:11.734] [bmv2] [D] [thread 7259] [4.0] [cxt 0] Extracting header 'ethernet'
[12:52:11.734] [bmv2] [D] [thread 7259] [4.0] [cxt 0] Parser state 'start': key is 86dd
[12:52:11.734] [bmv2] [T] [thread 7259] [4.0] [cxt 0] Bytes parsed: 14
[12:52:11.734] [bmv2] [D] [thread 7259] [4.0] [cxt 0] Parser 'parser': end
[12:52:11.734] [bmv2] [D] [thread 7259] [4.0] [cxt 0] Pipeline 'ingress': start
[12:52:11.734] [bmv2] [T] [thread 7259] [4.0] [cxt 0] Applying table 'MyIngress.ipv4_forward'
[12:52:11.734] [bmv2] [D] [thread 7259] [4.0] [cxt 0] Looking up key:
* hdr.ipv4.dstAddr    : 00000000

[12:52:11.734] [bmv2] [D] [thread 7259] [4.0] [cxt 0] Table 'MyIngress.ipv4_forward': miss
[12:52:11.734] [bmv2] [D] [thread 7259] [4.0] [cxt 0] Action entry is MyIngress.drop - 
[12:52:11.734] [bmv2] [T] [thread 7259] [4.0] [cxt 0] Action MyIngress.drop
[12:52:11.734] [bmv2] [T] [thread 7259] [4.0] [cxt 0] straggler.p4(158) Primitive mark_to_drop(standard_metadata)
[12:52:11.734] [bmv2] [T] [thread 7259] [4.0] [cxt 0] straggler.p4(288) Condition "hdr.collective.isValid()" (node_3) is false
[12:52:11.734] [bmv2] [D] [thread 7259] [4.0] [cxt 0] Pipeline 'ingress': end
[12:52:11.734] [bmv2] [D] [thread 7259] [4.0] [cxt 0] Egress port is 511
[12:52:11.734] [bmv2] [D] [thread 7259] [4.0] [cxt 0] Dropping packet at the end of ingress
[12:52:11.797] [bmv2] [D] [thread 7259] [5.0] [cxt 0] Processing packet received on port 1
[12:52:11.797] [bmv2] [D] [thread 7259] [5.0] [cxt 0] Parser 'parser': start
[12:52:11.797] [bmv2] [D] [thread 7259] [5.0] [cxt 0] Parser 'parser' entering state 'start'
[12:52:11.797] [bmv2] [D] [thread 7259] [5.0] [cxt 0] Extracting header 'ethernet'
[12:52:11.797] [bmv2] [D] [thread 7259] [5.0] [cxt 0] Parser state 'start': key is 86dd
[12:52:11.797] [bmv2] [T] [thread 7259] [5.0] [cxt 0] Bytes parsed: 14
[12:52:11.797] [bmv2] [D] [thread 7259] [5.0] [cxt 0] Parser 'parser': end
[12:52:11.797] [bmv2] [D] [thread 7259] [5.0] [cxt 0] Pipeline 'ingress': start
[12:52:11.797] [bmv2] [T] [thread 7259] [5.0] [cxt 0] Applying table 'MyIngress.ipv4_forward'
[12:52:11.797] [bmv2] [D] [thread 7259] [5.0] [cxt 0] Looking up key:
* hdr.ipv4.dstAddr    : 00000000

[12:52:11.797] [bmv2] [D] [thread 7259] [5.0] [cxt 0] Table 'MyIngress.ipv4_forward': miss
[12:52:11.797] [bmv2] [D] [thread 7259] [5.0] [cxt 0] Action entry is MyIngress.drop - 
[12:52:11.797] [bmv2] [T] [thread 7259] [5.0] [cxt 0] Action MyIngress.drop
[12:52:11.797] [bmv2] [T] [thread 7259] [5.0] [cxt 0] straggler.p4(158) Primitive mark_to_drop(standard_metadata)
[12:52:11.797] [bmv2] [T] [thread 7259] [5.0] [cxt 0] straggler.p4(288) Condition "hdr.collective.isValid()" (node_3) is false
[12:52:11.797] [bmv2] [D] [thread 7259] [5.0] [cxt 0] Pipeline 'ingress': end
[12:52:11.797] [bmv2] [D] [thread 7259] [5.0] [cxt 0] Egress port is 511
[12:52:11.797] [bmv2] [D] [thread 7259] [5.0] [cxt 0] Dropping packet at the end of ingress
[12:52:11.825] [bmv2] [D] [thread 7259] [6.0] [cxt 0] Processing packet received on port 2
[12:52:11.825] [bmv2] [D] [thread 7259] [6.0] [cxt 0] Parser 'parser': start
[12:52:11.825] [bmv2] [D] [thread 7259] [6.0] [cxt 0] Parser 'parser' entering state 'start'
[12:52:11.825] [bmv2] [D] [thread 7259] [6.0] [cxt 0] Extracting header 'ethernet'
[12:52:11.825] [bmv2] [D] [thread 7259] [6.0] [cxt 0] Parser state 'start': key is 86dd
[12:52:11.825] [bmv2] [T] [thread 7259] [6.0] [cxt 0] Bytes parsed: 14
[12:52:11.825] [bmv2] [D] [thread 7259] [6.0] [cxt 0] Parser 'parser': end
[12:52:11.825] [bmv2] [D] [thread 7259] [6.0] [cxt 0] Pipeline 'ingress': start
[12:52:11.825] [bmv2] [T] [thread 7259] [6.0] [cxt 0] Applying table 'MyIngress.ipv4_forward'
[12:52:11.825] [bmv2] [D] [thread 7259] [6.0] [cxt 0] Looking up key:
* hdr.ipv4.dstAddr    : 00000000

[12:52:11.825] [bmv2] [D] [thread 7259] [6.0] [cxt 0] Table 'MyIngress.ipv4_forward': miss
[12:52:11.825] [bmv2] [D] [thread 7259] [6.0] [cxt 0] Action entry is MyIngress.drop - 
[12:52:11.825] [bmv2] [T] [thread 7259] [6.0] [cxt 0] Action MyIngress.drop
[12:52:11.825] [bmv2] [T] [thread 7259] [6.0] [cxt 0] straggler.p4(158) Primitive mark_to_drop(standard_metadata)
[12:52:11.825] [bmv2] [T] [thread 7259] [6.0] [cxt 0] straggler.p4(288) Condition "hdr.collective.isValid()" (node_3) is false
[12:52:11.825] [bmv2] [D] [thread 7259] [6.0] [cxt 0] Pipeline 'ingress': end
[12:52:11.825] [bmv2] [D] [thread 7259] [6.0] [cxt 0] Egress port is 511
[12:52:11.825] [bmv2] [D] [thread 7259] [6.0] [cxt 0] Dropping packet at the end of ingress
[12:52:11.825] [bmv2] [D] [thread 7259] [7.0] [cxt 0] Processing packet received on port 2
[12:52:11.825] [bmv2] [D] [thread 7259] [7.0] [cxt 0] Parser 'parser': start
[12:52:11.825] [bmv2] [D] [thread 7259] [7.0] [cxt 0] Parser 'parser' entering state 'start'
[12:52:11.825] [bmv2] [D] [thread 7259] [7.0] [cxt 0] Extracting header 'ethernet'
[12:52:11.825] [bmv2] [D] [thread 7259] [7.0] [cxt 0] Parser state 'start': key is 86dd
[12:52:11.825] [bmv2] [T] [thread 7259] [7.0] [cxt 0] Bytes parsed: 14
[12:52:11.825] [bmv2] [D] [thread 7259] [7.0] [cxt 0] Parser 'parser': end
[12:52:11.825] [bmv2] [D] [thread 7259] [7.0] [cxt 0] Pipeline 'ingress': start
[12:52:11.825] [bmv2] [T] [thread 7259] [7.0] [cxt 0] Applying table 'MyIngress.ipv4_forward'
[12:52:11.825] [bmv2] [D] [thread 7259] [7.0] [cxt 0] Looking up key:
* hdr.ipv4.dstAddr    : 00000000

[12:52:11.825] [bmv2] [D] [thread 7259] [7.0] [cxt 0] Table 'MyIngress.ipv4_forward': miss
[12:52:11.825] [bmv2] [D] [thread 7259] [7.0] [cxt 0] Action entry is MyIngress.drop - 
[12:52:11.825] [bmv2] [T] [thread 7259] [7.0] [cxt 0] Action MyIngress.drop
[12:52:11.825] [bmv2] [T] [thread 7259] [7.0] [cxt 0] straggler.p4(158) Primitive mark_to_drop(standard_metadata)
[12:52:11.826] [bmv2] [T] [thread 7259] [7.0] [cxt 0] straggler.p4(288) Condition "hdr.collective.isValid()" (node_3) is false
[12:52:11.826] [bmv2] [D] [thread 7259] [7.0] [cxt 0] Pipeline 'ingress': end
[12:52:11.826] [bmv2] [D] [thread 7259] [7.0] [cxt 0] Egress port is 511
[12:52:11.826] [bmv2] [D] [thread 7259] [7.0] [cxt 0] Dropping packet at the end of ingress
[12:52:11.828] [bmv2] [D] [thread 7259] [8.0] [cxt 0] Processing packet received on port 2
[12:52:11.828] [bmv2] [D] [thread 7259] [8.0] [cxt 0] Parser 'parser': start
[12:52:11.828] [bmv2] [D] [thread 7259] [8.0] [cxt 0] Parser 'parser' entering state 'start'
[12:52:11.828] [bmv2] [D] [thread 7259] [8.0] [cxt 0] Extracting header 'ethernet'
[12:52:11.828] [bmv2] [D] [thread 7259] [8.0] [cxt 0] Parser state 'start': key is 86dd
[12:52:11.828] [bmv2] [T] [thread 7259] [8.0] [cxt 0] Bytes parsed: 14
[12:52:11.828] [bmv2] [D] [thread 7259] [8.0] [cxt 0] Parser 'parser': end
[12:52:11.828] [bmv2] [D] [thread 7259] [8.0] [cxt 0] Pipeline 'ingress': start
[12:52:11.828] [bmv2] [T] [thread 7259] [8.0] [cxt 0] Applying table 'MyIngress.ipv4_forward'
[12:52:11.828] [bmv2] [D] [thread 7259] [8.0] [cxt 0] Looking up key:
* hdr.ipv4.dstAddr    : 00000000

[12:52:11.828] [bmv2] [D] [thread 7259] [8.0] [cxt 0] Table 'MyIngress.ipv4_forward': miss
[12:52:11.828] [bmv2] [D] [thread 7259] [8.0] [cxt 0] Action entry is MyIngress.drop - 
[12:52:11.828] [bmv2] [T] [thread 7259] [8.0] [cxt 0] Action MyIngress.drop
[12:52:11.828] [bmv2] [T] [thread 7259] [8.0] [cxt 0] straggler.p4(158) Primitive mark_to_drop(standard_metadata)
[12:52:11.828] [bmv2] [T] [thread 7259] [8.0] [cxt 0] straggler.p4(288) Condition "hdr.collective.isValid()" (node_3) is false
[12:52:11.828] [bmv2] [D] [thread 7259] [8.0] [cxt 0] Pipeline 'ingress': end
[12:52:11.828] [bmv2] [D] [thread 7259] [8.0] [cxt 0] Egress port is 511
[12:52:11.828] [bmv2] [D] [thread 7259] [8.0] [cxt 0] Dropping packet at the end of ingress
[12:52:11.896] [bmv2] [D] [thread 7259] [9.0] [cxt 0] Processing packet received on port 2
[12:52:11.896] [bmv2] [D] [thread 7259] [9.0] [cxt 0] Parser 'parser': start
[12:52:11.896] [bmv2] [D] [thread 7259] [9.0] [cxt 0] Parser 'parser' entering state 'start'
[12:52:11.896] [bmv2] [D] [thread 7259] [9.0] [cxt 0] Extracting header 'ethernet'
[12:52:11.896] [bmv2] [D] [thread 7259] [9.0] [cxt 0] Parser state 'start': key is 86dd
[12:52:11.896] [bmv2] [T] [thread 7259] [9.0] [cxt 0] Bytes parsed: 14
[12:52:11.896] [bmv2] [D] [thread 7259] [9.0] [cxt 0] Parser 'parser': end
[12:52:11.896] [bmv2] [D] [thread 7259] [9.0] [cxt 0] Pipeline 'ingress': start
[12:52:11.896] [bmv2] [T] [thread 7259] [9.0] [cxt 0] Applying table 'MyIngress.ipv4_forward'
[12:52:11.896] [bmv2] [D] [thread 7259] [9.0] [cxt 0] Looking up key:
* hdr.ipv4.dstAddr    : 00000000

[12:52:11.896] [bmv2] [D] [thread 7259] [9.0] [cxt 0] Table 'MyIngress.ipv4_forward': miss
[12:52:11.896] [bmv2] [D] [thread 7259] [9.0] [cxt 0] Action entry is MyIngress.drop - 
[12:52:11.896] [bmv2] [T] [thread 7259] [9.0] [cxt 0] Action MyIngress.drop
[12:52:11.896] [bmv2] [T] [thread 7259] [9.0] [cxt 0] straggler.p4(158) Primitive mark_to_drop(standard_metadata)
[12:52:11.896] [bmv2] [T] [thread 7259] [9.0] [cxt 0] straggler.p4(288) Condition "hdr.collective.isValid()" (node_3) is false
[12:52:11.896] [bmv2] [D] [thread 7259] [9.0] [cxt 0] Pipeline 'ingress': end
[12:52:11.896] [bmv2] [D] [thread 7259] [9.0] [cxt 0] Egress port is 511
[12:52:11.896] [bmv2] [D] [thread 7259] [9.0] [cxt 0] Dropping packet at the end of ingress
[12:52:11.913] [bmv2] [D] [thread 7259] [10.0] [cxt 0] Processing packet received on port 1
[12:52:11.913] [bmv2] [D] [thread 7259] [10.0] [cxt 0] Parser 'parser': start
[12:52:11.913] [bmv2] [D] [thread 7259] [10.0] [cxt 0] Parser 'parser' entering state 'start'
[12:52:11.913] [bmv2] [D] [thread 7259] [10.0] [cxt 0] Extracting header 'ethernet'
[12:52:11.913] [bmv2] [D] [thread 7259] [10.0] [cxt 0] Parser state 'start': key is 86dd
[12:52:11.913] [bmv2] [T] [thread 7259] [10.0] [cxt 0] Bytes parsed: 14
[12:52:11.913] [bmv2] [D] [thread 7259] [10.0] [cxt 0] Parser 'parser': end
[12:52:11.913] [bmv2] [D] [thread 7259] [10.0] [cxt 0] Pipeline 'ingress': start
[12:52:11.913] [bmv2] [T] [thread 7259] [10.0] [cxt 0] Applying table 'MyIngress.ipv4_forward'
[12:52:11.913] [bmv2] [D] [thread 7259] [10.0] [cxt 0] Looking up key:
* hdr.ipv4.dstAddr    : 00000000

[12:52:11.913] [bmv2] [D] [thread 7259] [10.0] [cxt 0] Table 'MyIngress.ipv4_forward': miss
[12:52:11.913] [bmv2] [D] [thread 7259] [10.0] [cxt 0] Action entry is MyIngress.drop - 
[12:52:11.913] [bmv2] [T] [thread 7259] [10.0] [cxt 0] Action MyIngress.drop
[12:52:11.913] [bmv2] [T] [thread 7259] [10.0] [cxt 0] straggler.p4(158) Primitive mark_to_drop(standard_metadata)
[12:52:11.913] [bmv2] [T] [thread 7259] [10.0] [cxt 0] straggler.p4(288) Condition "hdr.collective.isValid()" (node_3) is false
[12:52:11.913] [bmv2] [D] [thread 7259] [10.0] [cxt 0] Pipeline 'ingress': end
[12:52:11.913] [bmv2] [D] [thread 7259] [10.0] [cxt 0] Egress port is 511
[12:52:11.913] [bmv2] [D] [thread 7259] [10.0] [cxt 0] Dropping packet at the end of ingress
[12:52:11.920] [bmv2] [D] [thread 7259] [11.0] [cxt 0] Processing packet received on port 2
[12:52:11.920] [bmv2] [D] [thread 7259] [11.0] [cxt 0] Parser 'parser': start
[12:52:11.920] [bmv2] [D] [thread 7259] [11.0] [cxt 0] Parser 'parser' entering state 'start'
[12:52:11.920] [bmv2] [D] [thread 7259] [11.0] [cxt 0] Extracting header 'ethernet'
[12:52:11.920] [bmv2] [D] [thread 7259] [11.0] [cxt 0] Parser state 'start': key is 86dd
[12:52:11.920] [bmv2] [T] [thread 7259] [11.0] [cxt 0] Bytes parsed: 14
[12:52:11.920] [bmv2] [D] [thread 7259] [11.0] [cxt 0] Parser 'parser': end
[12:52:11.920] [bmv2] [D] [thread 7259] [11.0] [cxt 0] Pipeline 'ingress': start
[12:52:11.920] [bmv2] [T] [thread 7259] [11.0] [cxt 0] Applying table 'MyIngress.ipv4_forward'
[12:52:11.920] [bmv2] [D] [thread 7259] [11.0] [cxt 0] Looking up key:
* hdr.ipv4.dstAddr    : 00000000

[12:52:11.920] [bmv2] [D] [thread 7259] [11.0] [cxt 0] Table 'MyIngress.ipv4_forward': miss
[12:52:11.920] [bmv2] [D] [thread 7259] [11.0] [cxt 0] Action entry is MyIngress.drop - 
[12:52:11.920] [bmv2] [T] [thread 7259] [11.0] [cxt 0] Action MyIngress.drop
[12:52:11.920] [bmv2] [T] [thread 7259] [11.0] [cxt 0] straggler.p4(158) Primitive mark_to_drop(standard_metadata)
[12:52:11.920] [bmv2] [T] [thread 7259] [11.0] [cxt 0] straggler.p4(288) Condition "hdr.collective.isValid()" (node_3) is false
[12:52:11.920] [bmv2] [D] [thread 7259] [11.0] [cxt 0] Pipeline 'ingress': end
[12:52:11.920] [bmv2] [D] [thread 7259] [11.0] [cxt 0] Egress port is 511
[12:52:11.920] [bmv2] [D] [thread 7259] [11.0] [cxt 0] Dropping packet at the end of ingress
[12:52:11.925] [bmv2] [D] [thread 7259] [12.0] [cxt 0] Processing packet received on port 2
[12:52:11.925] [bmv2] [D] [thread 7259] [12.0] [cxt 0] Parser 'parser': start
[12:52:11.925] [bmv2] [D] [thread 7259] [12.0] [cxt 0] Parser 'parser' entering state 'start'
[12:52:11.925] [bmv2] [D] [thread 7259] [12.0] [cxt 0] Extracting header 'ethernet'
[12:52:11.925] [bmv2] [D] [thread 7259] [12.0] [cxt 0] Parser state 'start': key is 86dd
[12:52:11.925] [bmv2] [T] [thread 7259] [12.0] [cxt 0] Bytes parsed: 14
[12:52:11.925] [bmv2] [D] [thread 7259] [12.0] [cxt 0] Parser 'parser': end
[12:52:11.925] [bmv2] [D] [thread 7259] [12.0] [cxt 0] Pipeline 'ingress': start
[12:52:11.925] [bmv2] [T] [thread 7259] [12.0] [cxt 0] Applying table 'MyIngress.ipv4_forward'
[12:52:11.925] [bmv2] [D] [thread 7259] [12.0] [cxt 0] Looking up key:
* hdr.ipv4.dstAddr    : 00000000

[12:52:11.925] [bmv2] [D] [thread 7259] [12.0] [cxt 0] Table 'MyIngress.ipv4_forward': miss
[12:52:11.925] [bmv2] [D] [thread 7259] [12.0] [cxt 0] Action entry is MyIngress.drop - 
[12:52:11.925] [bmv2] [T] [thread 7259] [12.0] [cxt 0] Action MyIngress.drop
[12:52:11.925] [bmv2] [T] [thread 7259] [12.0] [cxt 0] straggler.p4(158) Primitive mark_to_drop(standard_metadata)
[12:52:11.925] [bmv2] [T] [thread 7259] [12.0] [cxt 0] straggler.p4(288) Condition "hdr.collective.isValid()" (node_3) is false
[12:52:11.925] [bmv2] [D] [thread 7259] [12.0] [cxt 0] Pipeline 'ingress': end
[12:52:11.925] [bmv2] [D] [thread 7259] [12.0] [cxt 0] Egress port is 511
[12:52:11.925] [bmv2] [D] [thread 7259] [12.0] [cxt 0] Dropping packet at the end of ingress
[12:52:11.925] [bmv2] [D] [thread 7259] [13.0] [cxt 0] Processing packet received on port 2
[12:52:11.925] [bmv2] [D] [thread 7259] [13.0] [cxt 0] Parser 'parser': start
[12:52:11.925] [bmv2] [D] [thread 7259] [13.0] [cxt 0] Parser 'parser' entering state 'start'
[12:52:11.925] [bmv2] [D] [thread 7259] [13.0] [cxt 0] Extracting header 'ethernet'
[12:52:11.925] [bmv2] [D] [thread 7259] [13.0] [cxt 0] Parser state 'start': key is 86dd
[12:52:11.925] [bmv2] [T] [thread 7259] [13.0] [cxt 0] Bytes parsed: 14
[12:52:11.925] [bmv2] [D] [thread 7259] [13.0] [cxt 0] Parser 'parser': end
[12:52:11.925] [bmv2] [D] [thread 7259] [13.0] [cxt 0] Pipeline 'ingress': start
[12:52:11.925] [bmv2] [T] [thread 7259] [13.0] [cxt 0] Applying table 'MyIngress.ipv4_forward'
[12:52:11.925] [bmv2] [D] [thread 7259] [13.0] [cxt 0] Looking up key:
* hdr.ipv4.dstAddr    : 00000000

[12:52:11.925] [bmv2] [D] [thread 7259] [13.0] [cxt 0] Table 'MyIngress.ipv4_forward': miss
[12:52:11.925] [bmv2] [D] [thread 7259] [13.0] [cxt 0] Action entry is MyIngress.drop - 
[12:52:11.925] [bmv2] [T] [thread 7259] [13.0] [cxt 0] Action MyIngress.drop
[12:52:11.925] [bmv2] [T] [thread 7259] [13.0] [cxt 0] straggler.p4(158) Primitive mark_to_drop(standard_metadata)
[12:52:11.925] [bmv2] [T] [thread 7259] [13.0] [cxt 0] straggler.p4(288) Condition "hdr.collective.isValid()" (node_3) is false
[12:52:11.925] [bmv2] [D] [thread 7259] [13.0] [cxt 0] Pipeline 'ingress': end
[12:52:11.925] [bmv2] [D] [thread 7259] [13.0] [cxt 0] Egress port is 511
[12:52:11.925] [bmv2] [D] [thread 7259] [13.0] [cxt 0] Dropping packet at the end of ingress
[12:52:11.969] [bmv2] [D] [thread 7259] [14.0] [cxt 0] Processing packet received on port 2
[12:52:11.969] [bmv2] [D] [thread 7259] [14.0] [cxt 0] Parser 'parser': start
[12:52:11.969] [bmv2] [D] [thread 7259] [14.0] [cxt 0] Parser 'parser' entering state 'start'
[12:52:11.969] [bmv2] [D] [thread 7259] [14.0] [cxt 0] Extracting header 'ethernet'
[12:52:11.969] [bmv2] [D] [thread 7259] [14.0] [cxt 0] Parser state 'start': key is 86dd
[12:52:11.969] [bmv2] [T] [thread 7259] [14.0] [cxt 0] Bytes parsed: 14
[12:52:11.969] [bmv2] [D] [thread 7259] [14.0] [cxt 0] Parser 'parser': end
[12:52:11.969] [bmv2] [D] [thread 7259] [14.0] [cxt 0] Pipeline 'ingress': start
[12:52:11.969] [bmv2] [T] [thread 7259] [14.0] [cxt 0] Applying table 'MyIngress.ipv4_forward'
[12:52:11.969] [bmv2] [D] [thread 7259] [14.0] [cxt 0] Looking up key:
* hdr.ipv4.dstAddr    : 00000000

[12:52:11.969] [bmv2] [D] [thread 7259] [14.0] [cxt 0] Table 'MyIngress.ipv4_forward': miss
[12:52:11.969] [bmv2] [D] [thread 7259] [14.0] [cxt 0] Action entry is MyIngress.drop - 
[12:52:11.969] [bmv2] [T] [thread 7259] [14.0] [cxt 0] Action MyIngress.drop
[12:52:11.969] [bmv2] [T] [thread 7259] [14.0] [cxt 0] straggler.p4(158) Primitive mark_to_drop(standard_metadata)
[12:52:11.969] [bmv2] [T] [thread 7259] [14.0] [cxt 0] straggler.p4(288) Condition "hdr.collective.isValid()" (node_3) is false
[12:52:11.969] [bmv2] [D] [thread 7259] [14.0] [cxt 0] Pipeline 'ingress': end
[12:52:11.969] [bmv2] [D] [thread 7259] [14.0] [cxt 0] Egress port is 511
[12:52:11.969] [bmv2] [D] [thread 7259] [14.0] [cxt 0] Dropping packet at the end of ingress
[12:52:11.984] [bmv2] [D] [thread 7259] [15.0] [cxt 0] Processing packet received on port 2
[12:52:11.984] [bmv2] [D] [thread 7259] [15.0] [cxt 0] Parser 'parser': start
[12:52:11.984] [bmv2] [D] [thread 7259] [15.0] [cxt 0] Parser 'parser' entering state 'start'
[12:52:11.984] [bmv2] [D] [thread 7259] [15.0] [cxt 0] Extracting header 'ethernet'
[12:52:11.984] [bmv2] [D] [thread 7259] [15.0] [cxt 0] Parser state 'start': key is 86dd
[12:52:11.984] [bmv2] [T] [thread 7259] [15.0] [cxt 0] Bytes parsed: 14
[12:52:11.984] [bmv2] [D] [thread 7259] [15.0] [cxt 0] Parser 'parser': end
[12:52:11.984] [bmv2] [D] [thread 7259] [15.0] [cxt 0] Pipeline 'ingress': start
[12:52:11.984] [bmv2] [T] [thread 7259] [15.0] [cxt 0] Applying table 'MyIngress.ipv4_forward'
[12:52:11.984] [bmv2] [D] [thread 7259] [15.0] [cxt 0] Looking up key:
* hdr.ipv4.dstAddr    : 00000000

[12:52:11.984] [bmv2] [D] [thread 7259] [15.0] [cxt 0] Table 'MyIngress.ipv4_forward': miss
[12:52:11.984] [bmv2] [D] [thread 7259] [15.0] [cxt 0] Action entry is MyIngress.drop - 
[12:52:11.984] [bmv2] [T] [thread 7259] [15.0] [cxt 0] Action MyIngress.drop
[12:52:11.984] [bmv2] [T] [thread 7259] [15.0] [cxt 0] straggler.p4(158) Primitive mark_to_drop(standard_metadata)
[12:52:11.984] [bmv2] [T] [thread 7259] [15.0] [cxt 0] straggler.p4(288) Condition "hdr.collective.isValid()" (node_3) is false
[12:52:11.984] [bmv2] [D] [thread 7259] [15.0] [cxt 0] Pipeline 'ingress': end
[12:52:11.984] [bmv2] [D] [thread 7259] [15.0] [cxt 0] Egress port is 511
[12:52:11.984] [bmv2] [D] [thread 7259] [15.0] [cxt 0] Dropping packet at the end of ingress
[12:52:12.018] [bmv2] [D] [thread 7259] [16.0] [cxt 0] Processing packet received on port 1
[12:52:12.018] [bmv2] [D] [thread 7259] [16.0] [cxt 0] Parser 'parser': start
[12:52:12.018] [bmv2] [D] [thread 7259] [16.0] [cxt 0] Parser 'parser' entering state 'start'
[12:52:12.018] [bmv2] [D] [thread 7259] [16.0] [cxt 0] Extracting header 'ethernet'
[12:52:12.018] [bmv2] [D] [thread 7259] [16.0] [cxt 0] Parser state 'start': key is 86dd
[12:52:12.018] [bmv2] [T] [thread 7259] [16.0] [cxt 0] Bytes parsed: 14
[12:52:12.018] [bmv2] [D] [thread 7259] [16.0] [cxt 0] Parser 'parser': end
[12:52:12.018] [bmv2] [D] [thread 7259] [16.0] [cxt 0] Pipeline 'ingress': start
[12:52:12.018] [bmv2] [T] [thread 7259] [16.0] [cxt 0] Applying table 'MyIngress.ipv4_forward'
[12:52:12.018] [bmv2] [D] [thread 7259] [16.0] [cxt 0] Looking up key:
* hdr.ipv4.dstAddr    : 00000000

[12:52:12.018] [bmv2] [D] [thread 7259] [16.0] [cxt 0] Table 'MyIngress.ipv4_forward': miss
[12:52:12.018] [bmv2] [D] [thread 7259] [16.0] [cxt 0] Action entry is MyIngress.drop - 
[12:52:12.018] [bmv2] [T] [thread 7259] [16.0] [cxt 0] Action MyIngress.drop
[12:52:12.018] [bmv2] [T] [thread 7259] [16.0] [cxt 0] straggler.p4(158) Primitive mark_to_drop(standard_metadata)
[12:52:12.018] [bmv2] [T] [thread 7259] [16.0] [cxt 0] straggler.p4(288) Condition "hdr.collective.isValid()" (node_3) is false
[12:52:12.018] [bmv2] [D] [thread 7259] [16.0] [cxt 0] Pipeline 'ingress': end
[12:52:12.019] [bmv2] [D] [thread 7259] [16.0] [cxt 0] Egress port is 511
[12:52:12.019] [bmv2] [D] [thread 7259] [16.0] [cxt 0] Dropping packet at the end of ingress
[12:52:12.019] [bmv2] [D] [thread 7259] [17.0] [cxt 0] Processing packet received on port 1
[12:52:12.019] [bmv2] [D] [thread 7259] [17.0] [cxt 0] Parser 'parser': start
[12:52:12.019] [bmv2] [D] [thread 7259] [17.0] [cxt 0] Parser 'parser' entering state 'start'
[12:52:12.019] [bmv2] [D] [thread 7259] [17.0] [cxt 0] Extracting header 'ethernet'
[12:52:12.019] [bmv2] [D] [thread 7259] [17.0] [cxt 0] Parser state 'start': key is 86dd
[12:52:12.019] [bmv2] [T] [thread 7259] [17.0] [cxt 0] Bytes parsed: 14
[12:52:12.019] [bmv2] [D] [thread 7259] [17.0] [cxt 0] Parser 'parser': end
[12:52:12.019] [bmv2] [D] [thread 7259] [17.0] [cxt 0] Pipeline 'ingress': start
[12:52:12.019] [bmv2] [T] [thread 7259] [17.0] [cxt 0] Applying table 'MyIngress.ipv4_forward'
[12:52:12.019] [bmv2] [D] [thread 7259] [17.0] [cxt 0] Looking up key:
* hdr.ipv4.dstAddr    : 00000000

[12:52:12.019] [bmv2] [D] [thread 7259] [17.0] [cxt 0] Table 'MyIngress.ipv4_forward': miss
[12:52:12.019] [bmv2] [D] [thread 7259] [17.0] [cxt 0] Action entry is MyIngress.drop - 
[12:52:12.019] [bmv2] [T] [thread 7259] [17.0] [cxt 0] Action MyIngress.drop
[12:52:12.019] [bmv2] [T] [thread 7259] [17.0] [cxt 0] straggler.p4(158) Primitive mark_to_drop(standard_metadata)
[12:52:12.019] [bmv2] [T] [thread 7259] [17.0] [cxt 0] straggler.p4(288) Condition "hdr.collective.isValid()" (node_3) is false
[12:52:12.019] [bmv2] [D] [thread 7259] [17.0] [cxt 0] Pipeline 'ingress': end
[12:52:12.019] [bmv2] [D] [thread 7259] [17.0] [cxt 0] Egress port is 511
[12:52:12.019] [bmv2] [D] [thread 7259] [17.0] [cxt 0] Dropping packet at the end of ingress
[12:52:12.020] [bmv2] [D] [thread 7259] [18.0] [cxt 0] Processing packet received on port 1
[12:52:12.020] [bmv2] [D] [thread 7259] [18.0] [cxt 0] Parser 'parser': start
[12:52:12.020] [bmv2] [D] [thread 7259] [18.0] [cxt 0] Parser 'parser' entering state 'start'
[12:52:12.020] [bmv2] [D] [thread 7259] [18.0] [cxt 0] Extracting header 'ethernet'
[12:52:12.020] [bmv2] [D] [thread 7259] [18.0] [cxt 0] Parser state 'start': key is 86dd
[12:52:12.020] [bmv2] [T] [thread 7259] [18.0] [cxt 0] Bytes parsed: 14
[12:52:12.020] [bmv2] [D] [thread 7259] [18.0] [cxt 0] Parser 'parser': end
[12:52:12.020] [bmv2] [D] [thread 7259] [18.0] [cxt 0] Pipeline 'ingress': start
[12:52:12.020] [bmv2] [T] [thread 7259] [18.0] [cxt 0] Applying table 'MyIngress.ipv4_forward'
[12:52:12.020] [bmv2] [D] [thread 7259] [18.0] [cxt 0] Looking up key:
* hdr.ipv4.dstAddr    : 00000000

[12:52:12.020] [bmv2] [D] [thread 7259] [18.0] [cxt 0] Table 'MyIngress.ipv4_forward': miss
[12:52:12.020] [bmv2] [D] [thread 7259] [18.0] [cxt 0] Action entry is MyIngress.drop - 
[12:52:12.020] [bmv2] [T] [thread 7259] [18.0] [cxt 0] Action MyIngress.drop
[12:52:12.020] [bmv2] [T] [thread 7259] [18.0] [cxt 0] straggler.p4(158) Primitive mark_to_drop(standard_metadata)
[12:52:12.020] [bmv2] [T] [thread 7259] [18.0] [cxt 0] straggler.p4(288) Condition "hdr.collective.isValid()" (node_3) is false
[12:52:12.020] [bmv2] [D] [thread 7259] [18.0] [cxt 0] Pipeline 'ingress': end
[12:52:12.021] [bmv2] [D] [thread 7259] [18.0] [cxt 0] Egress port is 511
[12:52:12.021] [bmv2] [D] [thread 7259] [18.0] [cxt 0] Dropping packet at the end of ingress
[12:52:12.048] [bmv2] [D] [thread 7259] [19.0] [cxt 0] Processing packet received on port 1
[12:52:12.048] [bmv2] [D] [thread 7259] [19.0] [cxt 0] Parser 'parser': start
[12:52:12.048] [bmv2] [D] [thread 7259] [19.0] [cxt 0] Parser 'parser' entering state 'start'
[12:52:12.048] [bmv2] [D] [thread 7259] [19.0] [cxt 0] Extracting header 'ethernet'
[12:52:12.048] [bmv2] [D] [thread 7259] [19.0] [cxt 0] Parser state 'start': key is 86dd
[12:52:12.048] [bmv2] [T] [thread 7259] [19.0] [cxt 0] Bytes parsed: 14
[12:52:12.048] [bmv2] [D] [thread 7259] [19.0] [cxt 0] Parser 'parser': end
[12:52:12.048] [bmv2] [D] [thread 7259] [19.0] [cxt 0] Pipeline 'ingress': start
[12:52:12.048] [bmv2] [T] [thread 7259] [19.0] [cxt 0] Applying table 'MyIngress.ipv4_forward'
[12:52:12.049] [bmv2] [D] [thread 7259] [19.0] [cxt 0] Looking up key:
* hdr.ipv4.dstAddr    : 00000000

[12:52:12.049] [bmv2] [D] [thread 7259] [19.0] [cxt 0] Table 'MyIngress.ipv4_forward': miss
[12:52:12.049] [bmv2] [D] [thread 7259] [19.0] [cxt 0] Action entry is MyIngress.drop - 
[12:52:12.049] [bmv2] [T] [thread 7259] [19.0] [cxt 0] Action MyIngress.drop
[12:52:12.049] [bmv2] [T] [thread 7259] [19.0] [cxt 0] straggler.p4(158) Primitive mark_to_drop(standard_metadata)
[12:52:12.049] [bmv2] [T] [thread 7259] [19.0] [cxt 0] straggler.p4(288) Condition "hdr.collective.isValid()" (node_3) is false
[12:52:12.049] [bmv2] [D] [thread 7259] [19.0] [cxt 0] Pipeline 'ingress': end
[12:52:12.049] [bmv2] [D] [thread 7259] [19.0] [cxt 0] Egress port is 511
[12:52:12.049] [bmv2] [D] [thread 7259] [19.0] [cxt 0] Dropping packet at the end of ingress
[12:52:12.118] [bmv2] [D] [thread 7259] [20.0] [cxt 0] Processing packet received on port 1
[12:52:12.118] [bmv2] [D] [thread 7259] [20.0] [cxt 0] Parser 'parser': start
[12:52:12.118] [bmv2] [D] [thread 7259] [20.0] [cxt 0] Parser 'parser' entering state 'start'
[12:52:12.118] [bmv2] [D] [thread 7259] [20.0] [cxt 0] Extracting header 'ethernet'
[12:52:12.118] [bmv2] [D] [thread 7259] [20.0] [cxt 0] Parser state 'start': key is 86dd
[12:52:12.118] [bmv2] [T] [thread 7259] [20.0] [cxt 0] Bytes parsed: 14
[12:52:12.118] [bmv2] [D] [thread 7259] [20.0] [cxt 0] Parser 'parser': end
[12:52:12.118] [bmv2] [D] [thread 7259] [20.0] [cxt 0] Pipeline 'ingress': start
[12:52:12.118] [bmv2] [T] [thread 7259] [20.0] [cxt 0] Applying table 'MyIngress.ipv4_forward'
[12:52:12.118] [bmv2] [D] [thread 7259] [20.0] [cxt 0] Looking up key:
* hdr.ipv4.dstAddr    : 00000000

[12:52:12.118] [bmv2] [D] [thread 7259] [20.0] [cxt 0] Table 'MyIngress.ipv4_forward': miss
[12:52:12.118] [bmv2] [D] [thread 7259] [20.0] [cxt 0] Action entry is MyIngress.drop - 
[12:52:12.118] [bmv2] [T] [thread 7259] [20.0] [cxt 0] Action MyIngress.drop
[12:52:12.118] [bmv2] [T] [thread 7259] [20.0] [cxt 0] straggler.p4(158) Primitive mark_to_drop(standard_metadata)
[12:52:12.118] [bmv2] [T] [thread 7259] [20.0] [cxt 0] straggler.p4(288) Condition "hdr.collective.isValid()" (node_3) is false
[12:52:12.118] [bmv2] [D] [thread 7259] [20.0] [cxt 0] Pipeline 'ingress': end
[12:52:12.118] [bmv2] [D] [thread 7259] [20.0] [cxt 0] Egress port is 511
[12:52:12.118] [bmv2] [D] [thread 7259] [20.0] [cxt 0] Dropping packet at the end of ingress
[12:52:12.118] [bmv2] [D] [thread 7259] [21.0] [cxt 0] Processing packet received on port 1
[12:52:12.118] [bmv2] [D] [thread 7259] [21.0] [cxt 0] Parser 'parser': start
[12:52:12.118] [bmv2] [D] [thread 7259] [21.0] [cxt 0] Parser 'parser' entering state 'start'
[12:52:12.118] [bmv2] [D] [thread 7259] [21.0] [cxt 0] Extracting header 'ethernet'
[12:52:12.118] [bmv2] [D] [thread 7259] [21.0] [cxt 0] Parser state 'start': key is 86dd
[12:52:12.118] [bmv2] [T] [thread 7259] [21.0] [cxt 0] Bytes parsed: 14
[12:52:12.118] [bmv2] [D] [thread 7259] [21.0] [cxt 0] Parser 'parser': end
[12:52:12.118] [bmv2] [D] [thread 7259] [21.0] [cxt 0] Pipeline 'ingress': start
[12:52:12.118] [bmv2] [T] [thread 7259] [21.0] [cxt 0] Applying table 'MyIngress.ipv4_forward'
[12:52:12.118] [bmv2] [D] [thread 7259] [21.0] [cxt 0] Looking up key:
* hdr.ipv4.dstAddr    : 00000000

[12:52:12.118] [bmv2] [D] [thread 7259] [21.0] [cxt 0] Table 'MyIngress.ipv4_forward': miss
[12:52:12.118] [bmv2] [D] [thread 7259] [21.0] [cxt 0] Action entry is MyIngress.drop - 
[12:52:12.118] [bmv2] [T] [thread 7259] [21.0] [cxt 0] Action MyIngress.drop
[12:52:12.118] [bmv2] [T] [thread 7259] [21.0] [cxt 0] straggler.p4(158) Primitive mark_to_drop(standard_metadata)
[12:52:12.118] [bmv2] [T] [thread 7259] [21.0] [cxt 0] straggler.p4(288) Condition "hdr.collective.isValid()" (node_3) is false
[12:52:12.118] [bmv2] [D] [thread 7259] [21.0] [cxt 0] Pipeline 'ingress': end
[12:52:12.118] [bmv2] [D] [thread 7259] [21.0] [cxt 0] Egress port is 511
[12:52:12.118] [bmv2] [D] [thread 7259] [21.0] [cxt 0] Dropping packet at the end of ingress
[12:52:12.177] [bmv2] [D] [thread 7259] [22.0] [cxt 0] Processing packet received on port 2
[12:52:12.177] [bmv2] [D] [thread 7259] [22.0] [cxt 0] Parser 'parser': start
[12:52:12.177] [bmv2] [D] [thread 7259] [22.0] [cxt 0] Parser 'parser' entering state 'start'
[12:52:12.177] [bmv2] [D] [thread 7259] [22.0] [cxt 0] Extracting header 'ethernet'
[12:52:12.177] [bmv2] [D] [thread 7259] [22.0] [cxt 0] Parser state 'start': key is 86dd
[12:52:12.177] [bmv2] [T] [thread 7259] [22.0] [cxt 0] Bytes parsed: 14
[12:52:12.177] [bmv2] [D] [thread 7259] [22.0] [cxt 0] Parser 'parser': end
[12:52:12.177] [bmv2] [D] [thread 7259] [22.0] [cxt 0] Pipeline 'ingress': start
[12:52:12.177] [bmv2] [T] [thread 7259] [22.0] [cxt 0] Applying table 'MyIngress.ipv4_forward'
[12:52:12.177] [bmv2] [D] [thread 7259] [22.0] [cxt 0] Looking up key:
* hdr.ipv4.dstAddr    : 00000000

[12:52:12.177] [bmv2] [D] [thread 7259] [22.0] [cxt 0] Table 'MyIngress.ipv4_forward': miss
[12:52:12.177] [bmv2] [D] [thread 7259] [22.0] [cxt 0] Action entry is MyIngress.drop - 
[12:52:12.177] [bmv2] [T] [thread 7259] [22.0] [cxt 0] Action MyIngress.drop
[12:52:12.177] [bmv2] [T] [thread 7259] [22.0] [cxt 0] straggler.p4(158) Primitive mark_to_drop(standard_metadata)
[12:52:12.177] [bmv2] [T] [thread 7259] [22.0] [cxt 0] straggler.p4(288) Condition "hdr.collective.isValid()" (node_3) is false
[12:52:12.177] [bmv2] [D] [thread 7259] [22.0] [cxt 0] Pipeline 'ingress': end
[12:52:12.177] [bmv2] [D] [thread 7259] [22.0] [cxt 0] Egress port is 511
[12:52:12.177] [bmv2] [D] [thread 7259] [22.0] [cxt 0] Dropping packet at the end of ingress
[12:52:12.235] [bmv2] [D] [thread 7259] [23.0] [cxt 0] Processing packet received on port 2
[12:52:12.235] [bmv2] [D] [thread 7259] [23.0] [cxt 0] Parser 'parser': start
[12:52:12.235] [bmv2] [D] [thread 7259] [23.0] [cxt 0] Parser 'parser' entering state 'start'
[12:52:12.235] [bmv2] [D] [thread 7259] [23.0] [cxt 0] Extracting header 'ethernet'
[12:52:12.235] [bmv2] [D] [thread 7259] [23.0] [cxt 0] Parser state 'start': key is 86dd
[12:52:12.235] [bmv2] [T] [thread 7259] [23.0] [cxt 0] Bytes parsed: 14
[12:52:12.235] [bmv2] [D] [thread 7259] [23.0] [cxt 0] Parser 'parser': end
[12:52:12.235] [bmv2] [D] [thread 7259] [23.0] [cxt 0] Pipeline 'ingress': start
[12:52:12.235] [bmv2] [T] [thread 7259] [23.0] [cxt 0] Applying table 'MyIngress.ipv4_forward'
[12:52:12.235] [bmv2] [D] [thread 7259] [23.0] [cxt 0] Looking up key:
* hdr.ipv4.dstAddr    : 00000000

[12:52:12.235] [bmv2] [D] [thread 7259] [23.0] [cxt 0] Table 'MyIngress.ipv4_forward': miss
[12:52:12.235] [bmv2] [D] [thread 7259] [23.0] [cxt 0] Action entry is MyIngress.drop - 
[12:52:12.235] [bmv2] [T] [thread 7259] [23.0] [cxt 0] Action MyIngress.drop
[12:52:12.235] [bmv2] [T] [thread 7259] [23.0] [cxt 0] straggler.p4(158) Primitive mark_to_drop(standard_metadata)
[12:52:12.235] [bmv2] [T] [thread 7259] [23.0] [cxt 0] straggler.p4(288) Condition "hdr.collective.isValid()" (node_3) is false
[12:52:12.235] [bmv2] [D] [thread 7259] [23.0] [cxt 0] Pipeline 'ingress': end
[12:52:12.235] [bmv2] [D] [thread 7259] [23.0] [cxt 0] Egress port is 511
[12:52:12.235] [bmv2] [D] [thread 7259] [23.0] [cxt 0] Dropping packet at the end of ingress
[12:52:12.249] [bmv2] [D] [thread 7259] [24.0] [cxt 0] Processing packet received on port 1
[12:52:12.249] [bmv2] [D] [thread 7259] [24.0] [cxt 0] Parser 'parser': start
[12:52:12.249] [bmv2] [D] [thread 7259] [24.0] [cxt 0] Parser 'parser' entering state 'start'
[12:52:12.249] [bmv2] [D] [thread 7259] [24.0] [cxt 0] Extracting header 'ethernet'
[12:52:12.249] [bmv2] [D] [thread 7259] [24.0] [cxt 0] Parser state 'start': key is 86dd
[12:52:12.249] [bmv2] [T] [thread 7259] [24.0] [cxt 0] Bytes parsed: 14
[12:52:12.249] [bmv2] [D] [thread 7259] [24.0] [cxt 0] Parser 'parser': end
[12:52:12.249] [bmv2] [D] [thread 7259] [24.0] [cxt 0] Pipeline 'ingress': start
[12:52:12.249] [bmv2] [T] [thread 7259] [24.0] [cxt 0] Applying table 'MyIngress.ipv4_forward'
[12:52:12.249] [bmv2] [D] [thread 7259] [24.0] [cxt 0] Looking up key:
* hdr.ipv4.dstAddr    : 00000000

[12:52:12.249] [bmv2] [D] [thread 7259] [24.0] [cxt 0] Table 'MyIngress.ipv4_forward': miss
[12:52:12.249] [bmv2] [D] [thread 7259] [24.0] [cxt 0] Action entry is MyIngress.drop - 
[12:52:12.249] [bmv2] [T] [thread 7259] [24.0] [cxt 0] Action MyIngress.drop
[12:52:12.249] [bmv2] [T] [thread 7259] [24.0] [cxt 0] straggler.p4(158) Primitive mark_to_drop(standard_metadata)
[12:52:12.249] [bmv2] [T] [thread 7259] [24.0] [cxt 0] straggler.p4(288) Condition "hdr.collective.isValid()" (node_3) is false
[12:52:12.249] [bmv2] [D] [thread 7259] [24.0] [cxt 0] Pipeline 'ingress': end
[12:52:12.249] [bmv2] [D] [thread 7259] [24.0] [cxt 0] Egress port is 511
[12:52:12.249] [bmv2] [D] [thread 7259] [24.0] [cxt 0] Dropping packet at the end of ingress
[12:52:12.336] [bmv2] [D] [thread 7259] [25.0] [cxt 0] Processing packet received on port 1
[12:52:12.336] [bmv2] [D] [thread 7259] [25.0] [cxt 0] Parser 'parser': start
[12:52:12.336] [bmv2] [D] [thread 7259] [25.0] [cxt 0] Parser 'parser' entering state 'start'
[12:52:12.336] [bmv2] [D] [thread 7259] [25.0] [cxt 0] Extracting header 'ethernet'
[12:52:12.336] [bmv2] [D] [thread 7259] [25.0] [cxt 0] Parser state 'start': key is 86dd
[12:52:12.336] [bmv2] [T] [thread 7259] [25.0] [cxt 0] Bytes parsed: 14
[12:52:12.336] [bmv2] [D] [thread 7259] [25.0] [cxt 0] Parser 'parser': end
[12:52:12.336] [bmv2] [D] [thread 7259] [25.0] [cxt 0] Pipeline 'ingress': start
[12:52:12.336] [bmv2] [T] [thread 7259] [25.0] [cxt 0] Applying table 'MyIngress.ipv4_forward'
[12:52:12.336] [bmv2] [D] [thread 7259] [25.0] [cxt 0] Looking up key:
* hdr.ipv4.dstAddr    : 00000000

[12:52:12.336] [bmv2] [D] [thread 7259] [25.0] [cxt 0] Table 'MyIngress.ipv4_forward': miss
[12:52:12.336] [bmv2] [D] [thread 7259] [25.0] [cxt 0] Action entry is MyIngress.drop - 
[12:52:12.336] [bmv2] [T] [thread 7259] [25.0] [cxt 0] Action MyIngress.drop
[12:52:12.336] [bmv2] [T] [thread 7259] [25.0] [cxt 0] straggler.p4(158) Primitive mark_to_drop(standard_metadata)
[12:52:12.336] [bmv2] [T] [thread 7259] [25.0] [cxt 0] straggler.p4(288) Condition "hdr.collective.isValid()" (node_3) is false
[12:52:12.336] [bmv2] [D] [thread 7259] [25.0] [cxt 0] Pipeline 'ingress': end
[12:52:12.336] [bmv2] [D] [thread 7259] [25.0] [cxt 0] Egress port is 511
[12:52:12.336] [bmv2] [D] [thread 7259] [25.0] [cxt 0] Dropping packet at the end of ingress
[12:52:12.368] [bmv2] [D] [thread 7259] [26.0] [cxt 0] Processing packet received on port 1
[12:52:12.368] [bmv2] [D] [thread 7259] [26.0] [cxt 0] Parser 'parser': start
[12:52:12.368] [bmv2] [D] [thread 7259] [26.0] [cxt 0] Parser 'parser' entering state 'start'
[12:52:12.368] [bmv2] [D] [thread 7259] [26.0] [cxt 0] Extracting header 'ethernet'
[12:52:12.368] [bmv2] [D] [thread 7259] [26.0] [cxt 0] Parser state 'start': key is 86dd
[12:52:12.368] [bmv2] [T] [thread 7259] [26.0] [cxt 0] Bytes parsed: 14
[12:52:12.368] [bmv2] [D] [thread 7259] [26.0] [cxt 0] Parser 'parser': end
[12:52:12.368] [bmv2] [D] [thread 7259] [26.0] [cxt 0] Pipeline 'ingress': start
[12:52:12.369] [bmv2] [T] [thread 7259] [26.0] [cxt 0] Applying table 'MyIngress.ipv4_forward'
[12:52:12.369] [bmv2] [D] [thread 7259] [26.0] [cxt 0] Looking up key:
* hdr.ipv4.dstAddr    : 00000000

[12:52:12.369] [bmv2] [D] [thread 7259] [26.0] [cxt 0] Table 'MyIngress.ipv4_forward': miss
[12:52:12.369] [bmv2] [D] [thread 7259] [26.0] [cxt 0] Action entry is MyIngress.drop - 
[12:52:12.369] [bmv2] [T] [thread 7259] [26.0] [cxt 0] Action MyIngress.drop
[12:52:12.369] [bmv2] [T] [thread 7259] [26.0] [cxt 0] straggler.p4(158) Primitive mark_to_drop(standard_metadata)
[12:52:12.369] [bmv2] [T] [thread 7259] [26.0] [cxt 0] straggler.p4(288) Condition "hdr.collective.isValid()" (node_3) is false
[12:52:12.369] [bmv2] [D] [thread 7259] [26.0] [cxt 0] Pipeline 'ingress': end
[12:52:12.369] [bmv2] [D] [thread 7259] [26.0] [cxt 0] Egress port is 511
[12:52:12.369] [bmv2] [D] [thread 7259] [26.0] [cxt 0] Dropping packet at the end of ingress
[12:52:12.400] [bmv2] [D] [thread 7259] [27.0] [cxt 0] Processing packet received on port 2
[12:52:12.400] [bmv2] [D] [thread 7259] [27.0] [cxt 0] Parser 'parser': start
[12:52:12.400] [bmv2] [D] [thread 7259] [27.0] [cxt 0] Parser 'parser' entering state 'start'
[12:52:12.400] [bmv2] [D] [thread 7259] [27.0] [cxt 0] Extracting header 'ethernet'
[12:52:12.400] [bmv2] [D] [thread 7259] [27.0] [cxt 0] Parser state 'start': key is 86dd
[12:52:12.400] [bmv2] [T] [thread 7259] [27.0] [cxt 0] Bytes parsed: 14
[12:52:12.400] [bmv2] [D] [thread 7259] [27.0] [cxt 0] Parser 'parser': end
[12:52:12.400] [bmv2] [D] [thread 7259] [27.0] [cxt 0] Pipeline 'ingress': start
[12:52:12.400] [bmv2] [T] [thread 7259] [27.0] [cxt 0] Applying table 'MyIngress.ipv4_forward'
[12:52:12.400] [bmv2] [D] [thread 7259] [27.0] [cxt 0] Looking up key:
* hdr.ipv4.dstAddr    : 00000000

[12:52:12.400] [bmv2] [D] [thread 7259] [27.0] [cxt 0] Table 'MyIngress.ipv4_forward': miss
[12:52:12.400] [bmv2] [D] [thread 7259] [27.0] [cxt 0] Action entry is MyIngress.drop - 
[12:52:12.400] [bmv2] [T] [thread 7259] [27.0] [cxt 0] Action MyIngress.drop
[12:52:12.400] [bmv2] [T] [thread 7259] [27.0] [cxt 0] straggler.p4(158) Primitive mark_to_drop(standard_metadata)
[12:52:12.400] [bmv2] [T] [thread 7259] [27.0] [cxt 0] straggler.p4(288) Condition "hdr.collective.isValid()" (node_3) is false
[12:52:12.400] [bmv2] [D] [thread 7259] [27.0] [cxt 0] Pipeline 'ingress': end
[12:52:12.400] [bmv2] [D] [thread 7259] [27.0] [cxt 0] Egress port is 511
[12:52:12.400] [bmv2] [D] [thread 7259] [27.0] [cxt 0] Dropping packet at the end of ingress
[12:52:12.427] [bmv2] [D] [thread 7259] [28.0] [cxt 0] Processing packet received on port 2
[12:52:12.427] [bmv2] [D] [thread 7259] [28.0] [cxt 0] Parser 'parser': start
[12:52:12.427] [bmv2] [D] [thread 7259] [28.0] [cxt 0] Parser 'parser' entering state 'start'
[12:52:12.427] [bmv2] [D] [thread 7259] [28.0] [cxt 0] Extracting header 'ethernet'
[12:52:12.427] [bmv2] [D] [thread 7259] [28.0] [cxt 0] Parser state 'start': key is 86dd
[12:52:12.427] [bmv2] [T] [thread 7259] [28.0] [cxt 0] Bytes parsed: 14
[12:52:12.427] [bmv2] [D] [thread 7259] [28.0] [cxt 0] Parser 'parser': end
[12:52:12.427] [bmv2] [D] [thread 7259] [28.0] [cxt 0] Pipeline 'ingress': start
[12:52:12.427] [bmv2] [T] [thread 7259] [28.0] [cxt 0] Applying table 'MyIngress.ipv4_forward'
[12:52:12.427] [bmv2] [D] [thread 7259] [28.0] [cxt 0] Looking up key:
* hdr.ipv4.dstAddr    : 00000000

[12:52:12.427] [bmv2] [D] [thread 7259] [28.0] [cxt 0] Table 'MyIngress.ipv4_forward': miss
[12:52:12.427] [bmv2] [D] [thread 7259] [28.0] [cxt 0] Action entry is MyIngress.drop - 
[12:52:12.427] [bmv2] [T] [thread 7259] [28.0] [cxt 0] Action MyIngress.drop
[12:52:12.427] [bmv2] [T] [thread 7259] [28.0] [cxt 0] straggler.p4(158) Primitive mark_to_drop(standard_metadata)
[12:52:12.427] [bmv2] [T] [thread 7259] [28.0] [cxt 0] straggler.p4(288) Condition "hdr.collective.isValid()" (node_3) is false
[12:52:12.427] [bmv2] [D] [thread 7259] [28.0] [cxt 0] Pipeline 'ingress': end
[12:52:12.427] [bmv2] [D] [thread 7259] [28.0] [cxt 0] Egress port is 511
[12:52:12.427] [bmv2] [D] [thread 7259] [28.0] [cxt 0] Dropping packet at the end of ingress
[12:52:12.433] [bmv2] [D] [thread 7259] [29.0] [cxt 0] Processing packet received on port 2
[12:52:12.433] [bmv2] [D] [thread 7259] [29.0] [cxt 0] Parser 'parser': start
[12:52:12.433] [bmv2] [D] [thread 7259] [29.0] [cxt 0] Parser 'parser' entering state 'start'
[12:52:12.433] [bmv2] [D] [thread 7259] [29.0] [cxt 0] Extracting header 'ethernet'
[12:52:12.433] [bmv2] [D] [thread 7259] [29.0] [cxt 0] Parser state 'start': key is 86dd
[12:52:12.433] [bmv2] [T] [thread 7259] [29.0] [cxt 0] Bytes parsed: 14
[12:52:12.434] [bmv2] [D] [thread 7259] [29.0] [cxt 0] Parser 'parser': end
[12:52:12.434] [bmv2] [D] [thread 7259] [29.0] [cxt 0] Pipeline 'ingress': start
[12:52:12.434] [bmv2] [T] [thread 7259] [29.0] [cxt 0] Applying table 'MyIngress.ipv4_forward'
[12:52:12.434] [bmv2] [D] [thread 7259] [29.0] [cxt 0] Looking up key:
* hdr.ipv4.dstAddr    : 00000000

[12:52:12.434] [bmv2] [D] [thread 7259] [29.0] [cxt 0] Table 'MyIngress.ipv4_forward': miss
[12:52:12.434] [bmv2] [D] [thread 7259] [29.0] [cxt 0] Action entry is MyIngress.drop - 
[12:52:12.434] [bmv2] [T] [thread 7259] [29.0] [cxt 0] Action MyIngress.drop
[12:52:12.434] [bmv2] [T] [thread 7259] [29.0] [cxt 0] straggler.p4(158) Primitive mark_to_drop(standard_metadata)
[12:52:12.434] [bmv2] [T] [thread 7259] [29.0] [cxt 0] straggler.p4(288) Condition "hdr.collective.isValid()" (node_3) is false
[12:52:12.434] [bmv2] [D] [thread 7259] [29.0] [cxt 0] Pipeline 'ingress': end
[12:52:12.434] [bmv2] [D] [thread 7259] [29.0] [cxt 0] Egress port is 511
[12:52:12.434] [bmv2] [D] [thread 7259] [29.0] [cxt 0] Dropping packet at the end of ingress
[12:52:12.465] [bmv2] [D] [thread 7259] [30.0] [cxt 0] Processing packet received on port 1
[12:52:12.465] [bmv2] [D] [thread 7259] [30.0] [cxt 0] Parser 'parser': start
[12:52:12.465] [bmv2] [D] [thread 7259] [30.0] [cxt 0] Parser 'parser' entering state 'start'
[12:52:12.465] [bmv2] [D] [thread 7259] [30.0] [cxt 0] Extracting header 'ethernet'
[12:52:12.465] [bmv2] [D] [thread 7259] [30.0] [cxt 0] Parser state 'start': key is 86dd
[12:52:12.465] [bmv2] [T] [thread 7259] [30.0] [cxt 0] Bytes parsed: 14
[12:52:12.465] [bmv2] [D] [thread 7259] [30.0] [cxt 0] Parser 'parser': end
[12:52:12.465] [bmv2] [D] [thread 7259] [30.0] [cxt 0] Pipeline 'ingress': start
[12:52:12.465] [bmv2] [T] [thread 7259] [30.0] [cxt 0] Applying table 'MyIngress.ipv4_forward'
[12:52:12.465] [bmv2] [D] [thread 7259] [30.0] [cxt 0] Looking up key:
* hdr.ipv4.dstAddr    : 00000000

[12:52:12.465] [bmv2] [D] [thread 7259] [30.0] [cxt 0] Table 'MyIngress.ipv4_forward': miss
[12:52:12.465] [bmv2] [D] [thread 7259] [30.0] [cxt 0] Action entry is MyIngress.drop - 
[12:52:12.465] [bmv2] [T] [thread 7259] [30.0] [cxt 0] Action MyIngress.drop
[12:52:12.465] [bmv2] [T] [thread 7259] [30.0] [cxt 0] straggler.p4(158) Primitive mark_to_drop(standard_metadata)
[12:52:12.466] [bmv2] [T] [thread 7259] [30.0] [cxt 0] straggler.p4(288) Condition "hdr.collective.isValid()" (node_3) is false
[12:52:12.466] [bmv2] [D] [thread 7259] [30.0] [cxt 0] Pipeline 'ingress': end
[12:52:12.466] [bmv2] [D] [thread 7259] [30.0] [cxt 0] Egress port is 511
[12:52:12.466] [bmv2] [D] [thread 7259] [30.0] [cxt 0] Dropping packet at the end of ingress
[12:52:12.549] [bmv2] [D] [thread 7259] [31.0] [cxt 0] Processing packet received on port 1
[12:52:12.549] [bmv2] [D] [thread 7259] [31.0] [cxt 0] Parser 'parser': start
[12:52:12.549] [bmv2] [D] [thread 7259] [31.0] [cxt 0] Parser 'parser' entering state 'start'
[12:52:12.549] [bmv2] [D] [thread 7259] [31.0] [cxt 0] Extracting header 'ethernet'
[12:52:12.549] [bmv2] [D] [thread 7259] [31.0] [cxt 0] Parser state 'start': key is 86dd
[12:52:12.549] [bmv2] [T] [thread 7259] [31.0] [cxt 0] Bytes parsed: 14
[12:52:12.549] [bmv2] [D] [thread 7259] [31.0] [cxt 0] Parser 'parser': end
[12:52:12.549] [bmv2] [D] [thread 7259] [31.0] [cxt 0] Pipeline 'ingress': start
[12:52:12.549] [bmv2] [T] [thread 7259] [31.0] [cxt 0] Applying table 'MyIngress.ipv4_forward'
[12:52:12.549] [bmv2] [D] [thread 7259] [31.0] [cxt 0] Looking up key:
* hdr.ipv4.dstAddr    : 00000000

[12:52:12.549] [bmv2] [D] [thread 7259] [31.0] [cxt 0] Table 'MyIngress.ipv4_forward': miss
[12:52:12.549] [bmv2] [D] [thread 7259] [31.0] [cxt 0] Action entry is MyIngress.drop - 
[12:52:12.549] [bmv2] [T] [thread 7259] [31.0] [cxt 0] Action MyIngress.drop
[12:52:12.549] [bmv2] [T] [thread 7259] [31.0] [cxt 0] straggler.p4(158) Primitive mark_to_drop(standard_metadata)
[12:52:12.549] [bmv2] [T] [thread 7259] [31.0] [cxt 0] straggler.p4(288) Condition "hdr.collective.isValid()" (node_3) is false
[12:52:12.549] [bmv2] [D] [thread 7259] [31.0] [cxt 0] Pipeline 'ingress': end
[12:52:12.549] [bmv2] [D] [thread 7259] [31.0] [cxt 0] Egress port is 511
[12:52:12.549] [bmv2] [D] [thread 7259] [31.0] [cxt 0] Dropping packet at the end of ingress
[12:52:12.618] [bmv2] [D] [thread 7259] [32.0] [cxt 0] Processing packet received on port 1
[12:52:12.618] [bmv2] [D] [thread 7259] [32.0] [cxt 0] Parser 'parser': start
[12:52:12.618] [bmv2] [D] [thread 7259] [32.0] [cxt 0] Parser 'parser' entering state 'start'
[12:52:12.618] [bmv2] [D] [thread 7259] [32.0] [cxt 0] Extracting header 'ethernet'
[12:52:12.618] [bmv2] [D] [thread 7259] [32.0] [cxt 0] Parser state 'start': key is 86dd
[12:52:12.618] [bmv2] [T] [thread 7259] [32.0] [cxt 0] Bytes parsed: 14
[12:52:12.618] [bmv2] [D] [thread 7259] [32.0] [cxt 0] Parser 'parser': end
[12:52:12.618] [bmv2] [D] [thread 7259] [32.0] [cxt 0] Pipeline 'ingress': start
[12:52:12.618] [bmv2] [T] [thread 7259] [32.0] [cxt 0] Applying table 'MyIngress.ipv4_forward'
[12:52:12.618] [bmv2] [D] [thread 7259] [32.0] [cxt 0] Looking up key:
* hdr.ipv4.dstAddr    : 00000000

[12:52:12.618] [bmv2] [D] [thread 7259] [32.0] [cxt 0] Table 'MyIngress.ipv4_forward': miss
[12:52:12.618] [bmv2] [D] [thread 7259] [32.0] [cxt 0] Action entry is MyIngress.drop - 
[12:52:12.618] [bmv2] [T] [thread 7259] [32.0] [cxt 0] Action MyIngress.drop
[12:52:12.618] [bmv2] [T] [thread 7259] [32.0] [cxt 0] straggler.p4(158) Primitive mark_to_drop(standard_metadata)
[12:52:12.618] [bmv2] [T] [thread 7259] [32.0] [cxt 0] straggler.p4(288) Condition "hdr.collective.isValid()" (node_3) is false
[12:52:12.618] [bmv2] [D] [thread 7259] [32.0] [cxt 0] Pipeline 'ingress': end
[12:52:12.618] [bmv2] [D] [thread 7259] [32.0] [cxt 0] Egress port is 511
[12:52:12.618] [bmv2] [D] [thread 7259] [32.0] [cxt 0] Dropping packet at the end of ingress
[12:52:12.626] [bmv2] [D] [thread 7259] [33.0] [cxt 0] Processing packet received on port 2
[12:52:12.626] [bmv2] [D] [thread 7259] [33.0] [cxt 0] Parser 'parser': start
[12:52:12.626] [bmv2] [D] [thread 7259] [33.0] [cxt 0] Parser 'parser' entering state 'start'
[12:52:12.626] [bmv2] [D] [thread 7259] [33.0] [cxt 0] Extracting header 'ethernet'
[12:52:12.626] [bmv2] [D] [thread 7259] [33.0] [cxt 0] Parser state 'start': key is 86dd
[12:52:12.626] [bmv2] [T] [thread 7259] [33.0] [cxt 0] Bytes parsed: 14
[12:52:12.626] [bmv2] [D] [thread 7259] [33.0] [cxt 0] Parser 'parser': end
[12:52:12.626] [bmv2] [D] [thread 7259] [33.0] [cxt 0] Pipeline 'ingress': start
[12:52:12.626] [bmv2] [T] [thread 7259] [33.0] [cxt 0] Applying table 'MyIngress.ipv4_forward'
[12:52:12.626] [bmv2] [D] [thread 7259] [33.0] [cxt 0] Looking up key:
* hdr.ipv4.dstAddr    : 00000000

[12:52:12.626] [bmv2] [D] [thread 7259] [33.0] [cxt 0] Table 'MyIngress.ipv4_forward': miss
[12:52:12.626] [bmv2] [D] [thread 7259] [33.0] [cxt 0] Action entry is MyIngress.drop - 
[12:52:12.626] [bmv2] [T] [thread 7259] [33.0] [cxt 0] Action MyIngress.drop
[12:52:12.626] [bmv2] [T] [thread 7259] [33.0] [cxt 0] straggler.p4(158) Primitive mark_to_drop(standard_metadata)
[12:52:12.626] [bmv2] [T] [thread 7259] [33.0] [cxt 0] straggler.p4(288) Condition "hdr.collective.isValid()" (node_3) is false
[12:52:12.626] [bmv2] [D] [thread 7259] [33.0] [cxt 0] Pipeline 'ingress': end
[12:52:12.626] [bmv2] [D] [thread 7259] [33.0] [cxt 0] Egress port is 511
[12:52:12.626] [bmv2] [D] [thread 7259] [33.0] [cxt 0] Dropping packet at the end of ingress
[12:52:12.733] [bmv2] [D] [thread 7259] [34.0] [cxt 0] Processing packet received on port 2
[12:52:12.733] [bmv2] [D] [thread 7259] [34.0] [cxt 0] Parser 'parser': start
[12:52:12.733] [bmv2] [D] [thread 7259] [34.0] [cxt 0] Parser 'parser' entering state 'start'
[12:52:12.733] [bmv2] [D] [thread 7259] [34.0] [cxt 0] Extracting header 'ethernet'
[12:52:12.733] [bmv2] [D] [thread 7259] [34.0] [cxt 0] Parser state 'start': key is 86dd
[12:52:12.733] [bmv2] [T] [thread 7259] [34.0] [cxt 0] Bytes parsed: 14
[12:52:12.733] [bmv2] [D] [thread 7259] [34.0] [cxt 0] Parser 'parser': end
[12:52:12.733] [bmv2] [D] [thread 7259] [34.0] [cxt 0] Pipeline 'ingress': start
[12:52:12.733] [bmv2] [T] [thread 7259] [34.0] [cxt 0] Applying table 'MyIngress.ipv4_forward'
[12:52:12.733] [bmv2] [D] [thread 7259] [34.0] [cxt 0] Looking up key:
* hdr.ipv4.dstAddr    : 00000000

[12:52:12.733] [bmv2] [D] [thread 7259] [34.0] [cxt 0] Table 'MyIngress.ipv4_forward': miss
[12:52:12.733] [bmv2] [D] [thread 7259] [34.0] [cxt 0] Action entry is MyIngress.drop - 
[12:52:12.733] [bmv2] [T] [thread 7259] [34.0] [cxt 0] Action MyIngress.drop
[12:52:12.733] [bmv2] [T] [thread 7259] [34.0] [cxt 0] straggler.p4(158) Primitive mark_to_drop(standard_metadata)
[12:52:12.733] [bmv2] [T] [thread 7259] [34.0] [cxt 0] straggler.p4(288) Condition "hdr.collective.isValid()" (node_3) is false
[12:52:12.733] [bmv2] [D] [thread 7259] [34.0] [cxt 0] Pipeline 'ingress': end
[12:52:12.733] [bmv2] [D] [thread 7259] [34.0] [cxt 0] Egress port is 511
[12:52:12.733] [bmv2] [D] [thread 7259] [34.0] [cxt 0] Dropping packet at the end of ingress
[12:52:12.819] [bmv2] [D] [thread 7259] [35.0] [cxt 0] Processing packet received on port 1
[12:52:12.820] [bmv2] [D] [thread 7259] [35.0] [cxt 0] Parser 'parser': start
[12:52:12.820] [bmv2] [D] [thread 7259] [35.0] [cxt 0] Parser 'parser' entering state 'start'
[12:52:12.820] [bmv2] [D] [thread 7259] [35.0] [cxt 0] Extracting header 'ethernet'
[12:52:12.820] [bmv2] [D] [thread 7259] [35.0] [cxt 0] Parser state 'start': key is 86dd
[12:52:12.820] [bmv2] [T] [thread 7259] [35.0] [cxt 0] Bytes parsed: 14
[12:52:12.820] [bmv2] [D] [thread 7259] [35.0] [cxt 0] Parser 'parser': end
[12:52:12.820] [bmv2] [D] [thread 7259] [35.0] [cxt 0] Pipeline 'ingress': start
[12:52:12.820] [bmv2] [T] [thread 7259] [35.0] [cxt 0] Applying table 'MyIngress.ipv4_forward'
[12:52:12.820] [bmv2] [D] [thread 7259] [35.0] [cxt 0] Looking up key:
* hdr.ipv4.dstAddr    : 00000000

[12:52:12.820] [bmv2] [D] [thread 7259] [35.0] [cxt 0] Table 'MyIngress.ipv4_forward': miss
[12:52:12.820] [bmv2] [D] [thread 7259] [35.0] [cxt 0] Action entry is MyIngress.drop - 
[12:52:12.820] [bmv2] [T] [thread 7259] [35.0] [cxt 0] Action MyIngress.drop
[12:52:12.820] [bmv2] [T] [thread 7259] [35.0] [cxt 0] straggler.p4(158) Primitive mark_to_drop(standard_metadata)
[12:52:12.820] [bmv2] [T] [thread 7259] [35.0] [cxt 0] straggler.p4(288) Condition "hdr.collective.isValid()" (node_3) is false
[12:52:12.820] [bmv2] [D] [thread 7259] [35.0] [cxt 0] Pipeline 'ingress': end
[12:52:12.820] [bmv2] [D] [thread 7259] [35.0] [cxt 0] Egress port is 511
[12:52:12.820] [bmv2] [D] [thread 7259] [35.0] [cxt 0] Dropping packet at the end of ingress
[12:52:13.040] [bmv2] [D] [thread 7259] [36.0] [cxt 0] Processing packet received on port 1
[12:52:13.040] [bmv2] [D] [thread 7259] [36.0] [cxt 0] Parser 'parser': start
[12:52:13.040] [bmv2] [D] [thread 7259] [36.0] [cxt 0] Parser 'parser' entering state 'start'
[12:52:13.040] [bmv2] [D] [thread 7259] [36.0] [cxt 0] Extracting header 'ethernet'
[12:52:13.040] [bmv2] [D] [thread 7259] [36.0] [cxt 0] Parser state 'start': key is 86dd
[12:52:13.040] [bmv2] [T] [thread 7259] [36.0] [cxt 0] Bytes parsed: 14
[12:52:13.040] [bmv2] [D] [thread 7259] [36.0] [cxt 0] Parser 'parser': end
[12:52:13.041] [bmv2] [D] [thread 7259] [36.0] [cxt 0] Pipeline 'ingress': start
[12:52:13.041] [bmv2] [T] [thread 7259] [36.0] [cxt 0] Applying table 'MyIngress.ipv4_forward'
[12:52:13.041] [bmv2] [D] [thread 7259] [36.0] [cxt 0] Looking up key:
* hdr.ipv4.dstAddr    : 00000000

[12:52:13.041] [bmv2] [D] [thread 7259] [36.0] [cxt 0] Table 'MyIngress.ipv4_forward': miss
[12:52:13.041] [bmv2] [D] [thread 7259] [36.0] [cxt 0] Action entry is MyIngress.drop - 
[12:52:13.041] [bmv2] [T] [thread 7259] [36.0] [cxt 0] Action MyIngress.drop
[12:52:13.041] [bmv2] [T] [thread 7259] [36.0] [cxt 0] straggler.p4(158) Primitive mark_to_drop(standard_metadata)
[12:52:13.041] [bmv2] [T] [thread 7259] [36.0] [cxt 0] straggler.p4(288) Condition "hdr.collective.isValid()" (node_3) is false
[12:52:13.041] [bmv2] [D] [thread 7259] [36.0] [cxt 0] Pipeline 'ingress': end
[12:52:13.041] [bmv2] [D] [thread 7259] [36.0] [cxt 0] Egress port is 511
[12:52:13.041] [bmv2] [D] [thread 7259] [36.0] [cxt 0] Dropping packet at the end of ingress
[12:52:13.120] [bmv2] [D] [thread 7259] [37.0] [cxt 0] Processing packet received on port 1
[12:52:13.120] [bmv2] [D] [thread 7259] [37.0] [cxt 0] Parser 'parser': start
[12:52:13.120] [bmv2] [D] [thread 7259] [37.0] [cxt 0] Parser 'parser' entering state 'start'
[12:52:13.120] [bmv2] [D] [thread 7259] [37.0] [cxt 0] Extracting header 'ethernet'
[12:52:13.120] [bmv2] [D] [thread 7259] [37.0] [cxt 0] Parser state 'start': key is 86dd
[12:52:13.121] [bmv2] [T] [thread 7259] [37.0] [cxt 0] Bytes parsed: 14
[12:52:13.121] [bmv2] [D] [thread 7259] [37.0] [cxt 0] Parser 'parser': end
[12:52:13.121] [bmv2] [D] [thread 7259] [37.0] [cxt 0] Pipeline 'ingress': start
[12:52:13.121] [bmv2] [T] [thread 7259] [37.0] [cxt 0] Applying table 'MyIngress.ipv4_forward'
[12:52:13.121] [bmv2] [D] [thread 7259] [37.0] [cxt 0] Looking up key:
* hdr.ipv4.dstAddr    : 00000000

[12:52:13.121] [bmv2] [D] [thread 7259] [37.0] [cxt 0] Table 'MyIngress.ipv4_forward': miss
[12:52:13.121] [bmv2] [D] [thread 7259] [37.0] [cxt 0] Action entry is MyIngress.drop - 
[12:52:13.121] [bmv2] [T] [thread 7259] [37.0] [cxt 0] Action MyIngress.drop
[12:52:13.121] [bmv2] [T] [thread 7259] [37.0] [cxt 0] straggler.p4(158) Primitive mark_to_drop(standard_metadata)
[12:52:13.121] [bmv2] [T] [thread 7259] [37.0] [cxt 0] straggler.p4(288) Condition "hdr.collective.isValid()" (node_3) is false
[12:52:13.121] [bmv2] [D] [thread 7259] [37.0] [cxt 0] Pipeline 'ingress': end
[12:52:13.121] [bmv2] [D] [thread 7259] [37.0] [cxt 0] Egress port is 511
[12:52:13.121] [bmv2] [D] [thread 7259] [37.0] [cxt 0] Dropping packet at the end of ingress
[12:52:13.297] [bmv2] [D] [thread 7259] [38.0] [cxt 0] Processing packet received on port 1
[12:52:13.297] [bmv2] [D] [thread 7259] [38.0] [cxt 0] Parser 'parser': start
[12:52:13.297] [bmv2] [D] [thread 7259] [38.0] [cxt 0] Parser 'parser' entering state 'start'
[12:52:13.297] [bmv2] [D] [thread 7259] [38.0] [cxt 0] Extracting header 'ethernet'
[12:52:13.298] [bmv2] [D] [thread 7259] [38.0] [cxt 0] Parser state 'start': key is 86dd
[12:52:13.298] [bmv2] [T] [thread 7259] [38.0] [cxt 0] Bytes parsed: 14
[12:52:13.298] [bmv2] [D] [thread 7259] [38.0] [cxt 0] Parser 'parser': end
[12:52:13.298] [bmv2] [D] [thread 7259] [38.0] [cxt 0] Pipeline 'ingress': start
[12:52:13.298] [bmv2] [T] [thread 7259] [38.0] [cxt 0] Applying table 'MyIngress.ipv4_forward'
[12:52:13.298] [bmv2] [D] [thread 7259] [38.0] [cxt 0] Looking up key:
* hdr.ipv4.dstAddr    : 00000000

[12:52:13.298] [bmv2] [D] [thread 7259] [38.0] [cxt 0] Table 'MyIngress.ipv4_forward': miss
[12:52:13.298] [bmv2] [D] [thread 7259] [38.0] [cxt 0] Action entry is MyIngress.drop - 
[12:52:13.298] [bmv2] [T] [thread 7259] [38.0] [cxt 0] Action MyIngress.drop
[12:52:13.298] [bmv2] [T] [thread 7259] [38.0] [cxt 0] straggler.p4(158) Primitive mark_to_drop(standard_metadata)
[12:52:13.298] [bmv2] [T] [thread 7259] [38.0] [cxt 0] straggler.p4(288) Condition "hdr.collective.isValid()" (node_3) is false
[12:52:13.298] [bmv2] [D] [thread 7259] [38.0] [cxt 0] Pipeline 'ingress': end
[12:52:13.298] [bmv2] [D] [thread 7259] [38.0] [cxt 0] Egress port is 511
[12:52:13.298] [bmv2] [D] [thread 7259] [38.0] [cxt 0] Dropping packet at the end of ingress
[12:52:13.482] [bmv2] [D] [thread 7259] [39.0] [cxt 0] Processing packet received on port 2
[12:52:13.482] [bmv2] [D] [thread 7259] [39.0] [cxt 0] Parser 'parser': start
[12:52:13.482] [bmv2] [D] [thread 7259] [39.0] [cxt 0] Parser 'parser' entering state 'start'
[12:52:13.482] [bmv2] [D] [thread 7259] [39.0] [cxt 0] Extracting header 'ethernet'
[12:52:13.482] [bmv2] [D] [thread 7259] [39.0] [cxt 0] Parser state 'start': key is 86dd
[12:52:13.482] [bmv2] [T] [thread 7259] [39.0] [cxt 0] Bytes parsed: 14
[12:52:13.482] [bmv2] [D] [thread 7259] [39.0] [cxt 0] Parser 'parser': end
[12:52:13.482] [bmv2] [D] [thread 7259] [39.0] [cxt 0] Pipeline 'ingress': start
[12:52:13.482] [bmv2] [T] [thread 7259] [39.0] [cxt 0] Applying table 'MyIngress.ipv4_forward'
[12:52:13.482] [bmv2] [D] [thread 7259] [39.0] [cxt 0] Looking up key:
* hdr.ipv4.dstAddr    : 00000000

[12:52:13.482] [bmv2] [D] [thread 7259] [39.0] [cxt 0] Table 'MyIngress.ipv4_forward': miss
[12:52:13.482] [bmv2] [D] [thread 7259] [39.0] [cxt 0] Action entry is MyIngress.drop - 
[12:52:13.482] [bmv2] [T] [thread 7259] [39.0] [cxt 0] Action MyIngress.drop
[12:52:13.482] [bmv2] [T] [thread 7259] [39.0] [cxt 0] straggler.p4(158) Primitive mark_to_drop(standard_metadata)
[12:52:13.482] [bmv2] [T] [thread 7259] [39.0] [cxt 0] straggler.p4(288) Condition "hdr.collective.isValid()" (node_3) is false
[12:52:13.482] [bmv2] [D] [thread 7259] [39.0] [cxt 0] Pipeline 'ingress': end
[12:52:13.482] [bmv2] [D] [thread 7259] [39.0] [cxt 0] Egress port is 511
[12:52:13.482] [bmv2] [D] [thread 7259] [39.0] [cxt 0] Dropping packet at the end of ingress
[12:52:13.675] [bmv2] [D] [thread 7259] [40.0] [cxt 0] Processing packet received on port 2
[12:52:13.675] [bmv2] [D] [thread 7259] [40.0] [cxt 0] Parser 'parser': start
[12:52:13.675] [bmv2] [D] [thread 7259] [40.0] [cxt 0] Parser 'parser' entering state 'start'
[12:52:13.675] [bmv2] [D] [thread 7259] [40.0] [cxt 0] Extracting header 'ethernet'
[12:52:13.675] [bmv2] [D] [thread 7259] [40.0] [cxt 0] Parser state 'start': key is 86dd
[12:52:13.675] [bmv2] [T] [thread 7259] [40.0] [cxt 0] Bytes parsed: 14
[12:52:13.675] [bmv2] [D] [thread 7259] [40.0] [cxt 0] Parser 'parser': end
[12:52:13.675] [bmv2] [D] [thread 7259] [40.0] [cxt 0] Pipeline 'ingress': start
[12:52:13.675] [bmv2] [T] [thread 7259] [40.0] [cxt 0] Applying table 'MyIngress.ipv4_forward'
[12:52:13.675] [bmv2] [D] [thread 7259] [40.0] [cxt 0] Looking up key:
* hdr.ipv4.dstAddr    : 00000000

[12:52:13.675] [bmv2] [D] [thread 7259] [40.0] [cxt 0] Table 'MyIngress.ipv4_forward': miss
[12:52:13.675] [bmv2] [D] [thread 7259] [40.0] [cxt 0] Action entry is MyIngress.drop - 
[12:52:13.675] [bmv2] [T] [thread 7259] [40.0] [cxt 0] Action MyIngress.drop
[12:52:13.675] [bmv2] [T] [thread 7259] [40.0] [cxt 0] straggler.p4(158) Primitive mark_to_drop(standard_metadata)
[12:52:13.675] [bmv2] [T] [thread 7259] [40.0] [cxt 0] straggler.p4(288) Condition "hdr.collective.isValid()" (node_3) is false
[12:52:13.675] [bmv2] [D] [thread 7259] [40.0] [cxt 0] Pipeline 'ingress': end
[12:52:13.675] [bmv2] [D] [thread 7259] [40.0] [cxt 0] Egress port is 511
[12:52:13.675] [bmv2] [D] [thread 7259] [40.0] [cxt 0] Dropping packet at the end of ingress
[12:52:13.869] [bmv2] [D] [thread 7259] [41.0] [cxt 0] Processing packet received on port 1
[12:52:13.869] [bmv2] [D] [thread 7259] [41.0] [cxt 0] Parser 'parser': start
[12:52:13.869] [bmv2] [D] [thread 7259] [41.0] [cxt 0] Parser 'parser' entering state 'start'
[12:52:13.869] [bmv2] [D] [thread 7259] [41.0] [cxt 0] Extracting header 'ethernet'
[12:52:13.869] [bmv2] [D] [thread 7259] [41.0] [cxt 0] Parser state 'start': key is 86dd
[12:52:13.869] [bmv2] [T] [thread 7259] [41.0] [cxt 0] Bytes parsed: 14
[12:52:13.869] [bmv2] [D] [thread 7259] [41.0] [cxt 0] Parser 'parser': end
[12:52:13.869] [bmv2] [D] [thread 7259] [41.0] [cxt 0] Pipeline 'ingress': start
[12:52:13.869] [bmv2] [T] [thread 7259] [41.0] [cxt 0] Applying table 'MyIngress.ipv4_forward'
[12:52:13.869] [bmv2] [D] [thread 7259] [41.0] [cxt 0] Looking up key:
* hdr.ipv4.dstAddr    : 00000000

[12:52:13.869] [bmv2] [D] [thread 7259] [41.0] [cxt 0] Table 'MyIngress.ipv4_forward': miss
[12:52:13.869] [bmv2] [D] [thread 7259] [41.0] [cxt 0] Action entry is MyIngress.drop - 
[12:52:13.869] [bmv2] [T] [thread 7259] [41.0] [cxt 0] Action MyIngress.drop
[12:52:13.869] [bmv2] [T] [thread 7259] [41.0] [cxt 0] straggler.p4(158) Primitive mark_to_drop(standard_metadata)
[12:52:13.869] [bmv2] [T] [thread 7259] [41.0] [cxt 0] straggler.p4(288) Condition "hdr.collective.isValid()" (node_3) is false
[12:52:13.869] [bmv2] [D] [thread 7259] [41.0] [cxt 0] Pipeline 'ingress': end
[12:52:13.869] [bmv2] [D] [thread 7259] [41.0] [cxt 0] Egress port is 511
[12:52:13.869] [bmv2] [D] [thread 7259] [41.0] [cxt 0] Dropping packet at the end of ingress
[12:52:14.551] [bmv2] [D] [thread 7259] [42.0] [cxt 0] Processing packet received on port 1
[12:52:14.551] [bmv2] [D] [thread 7259] [42.0] [cxt 0] Parser 'parser': start
[12:52:14.551] [bmv2] [D] [thread 7259] [42.0] [cxt 0] Parser 'parser' entering state 'start'
[12:52:14.551] [bmv2] [D] [thread 7259] [42.0] [cxt 0] Extracting header 'ethernet'
[12:52:14.551] [bmv2] [D] [thread 7259] [42.0] [cxt 0] Parser state 'start': key is 86dd
[12:52:14.551] [bmv2] [T] [thread 7259] [42.0] [cxt 0] Bytes parsed: 14
[12:52:14.551] [bmv2] [D] [thread 7259] [42.0] [cxt 0] Parser 'parser': end
[12:52:14.551] [bmv2] [D] [thread 7259] [42.0] [cxt 0] Pipeline 'ingress': start
[12:52:14.551] [bmv2] [T] [thread 7259] [42.0] [cxt 0] Applying table 'MyIngress.ipv4_forward'
[12:52:14.551] [bmv2] [D] [thread 7259] [42.0] [cxt 0] Looking up key:
* hdr.ipv4.dstAddr    : 00000000

[12:52:14.551] [bmv2] [D] [thread 7259] [42.0] [cxt 0] Table 'MyIngress.ipv4_forward': miss
[12:52:14.551] [bmv2] [D] [thread 7259] [42.0] [cxt 0] Action entry is MyIngress.drop - 
[12:52:14.551] [bmv2] [T] [thread 7259] [42.0] [cxt 0] Action MyIngress.drop
[12:52:14.551] [bmv2] [T] [thread 7259] [42.0] [cxt 0] straggler.p4(158) Primitive mark_to_drop(standard_metadata)
[12:52:14.551] [bmv2] [T] [thread 7259] [42.0] [cxt 0] straggler.p4(288) Condition "hdr.collective.isValid()" (node_3) is false
[12:52:14.551] [bmv2] [D] [thread 7259] [42.0] [cxt 0] Pipeline 'ingress': end
[12:52:14.551] [bmv2] [D] [thread 7259] [42.0] [cxt 0] Egress port is 511
[12:52:14.551] [bmv2] [D] [thread 7259] [42.0] [cxt 0] Dropping packet at the end of ingress
[12:52:14.739] [bmv2] [D] [thread 7259] [43.0] [cxt 0] Processing packet received on port 2
[12:52:14.739] [bmv2] [D] [thread 7259] [43.0] [cxt 0] Parser 'parser': start
[12:52:14.739] [bmv2] [D] [thread 7259] [43.0] [cxt 0] Parser 'parser' entering state 'start'
[12:52:14.739] [bmv2] [D] [thread 7259] [43.0] [cxt 0] Extracting header 'ethernet'
[12:52:14.739] [bmv2] [D] [thread 7259] [43.0] [cxt 0] Parser state 'start': key is 86dd
[12:52:14.739] [bmv2] [T] [thread 7259] [43.0] [cxt 0] Bytes parsed: 14
[12:52:14.739] [bmv2] [D] [thread 7259] [43.0] [cxt 0] Parser 'parser': end
[12:52:14.739] [bmv2] [D] [thread 7259] [43.0] [cxt 0] Pipeline 'ingress': start
[12:52:14.739] [bmv2] [T] [thread 7259] [43.0] [cxt 0] Applying table 'MyIngress.ipv4_forward'
[12:52:14.739] [bmv2] [D] [thread 7259] [43.0] [cxt 0] Looking up key:
* hdr.ipv4.dstAddr    : 00000000

[12:52:14.739] [bmv2] [D] [thread 7259] [43.0] [cxt 0] Table 'MyIngress.ipv4_forward': miss
[12:52:14.739] [bmv2] [D] [thread 7259] [43.0] [cxt 0] Action entry is MyIngress.drop - 
[12:52:14.739] [bmv2] [T] [thread 7259] [43.0] [cxt 0] Action MyIngress.drop
[12:52:14.739] [bmv2] [T] [thread 7259] [43.0] [cxt 0] straggler.p4(158) Primitive mark_to_drop(standard_metadata)
[12:52:14.739] [bmv2] [T] [thread 7259] [43.0] [cxt 0] straggler.p4(288) Condition "hdr.collective.isValid()" (node_3) is false
[12:52:14.739] [bmv2] [D] [thread 7259] [43.0] [cxt 0] Pipeline 'ingress': end
[12:52:14.739] [bmv2] [D] [thread 7259] [43.0] [cxt 0] Egress port is 511
[12:52:14.739] [bmv2] [D] [thread 7259] [43.0] [cxt 0] Dropping packet at the end of ingress
[12:52:15.120] [bmv2] [D] [thread 7259] [44.0] [cxt 0] Processing packet received on port 1
[12:52:15.120] [bmv2] [D] [thread 7259] [44.0] [cxt 0] Parser 'parser': start
[12:52:15.120] [bmv2] [D] [thread 7259] [44.0] [cxt 0] Parser 'parser' entering state 'start'
[12:52:15.120] [bmv2] [D] [thread 7259] [44.0] [cxt 0] Extracting header 'ethernet'
[12:52:15.120] [bmv2] [D] [thread 7259] [44.0] [cxt 0] Parser state 'start': key is 86dd
[12:52:15.120] [bmv2] [T] [thread 7259] [44.0] [cxt 0] Bytes parsed: 14
[12:52:15.120] [bmv2] [D] [thread 7259] [44.0] [cxt 0] Parser 'parser': end
[12:52:15.120] [bmv2] [D] [thread 7259] [44.0] [cxt 0] Pipeline 'ingress': start
[12:52:15.120] [bmv2] [T] [thread 7259] [44.0] [cxt 0] Applying table 'MyIngress.ipv4_forward'
[12:52:15.120] [bmv2] [D] [thread 7259] [44.0] [cxt 0] Looking up key:
* hdr.ipv4.dstAddr    : 00000000

[12:52:15.120] [bmv2] [D] [thread 7259] [44.0] [cxt 0] Table 'MyIngress.ipv4_forward': miss
[12:52:15.120] [bmv2] [D] [thread 7259] [44.0] [cxt 0] Action entry is MyIngress.drop - 
[12:52:15.120] [bmv2] [T] [thread 7259] [44.0] [cxt 0] Action MyIngress.drop
[12:52:15.120] [bmv2] [T] [thread 7259] [44.0] [cxt 0] straggler.p4(158) Primitive mark_to_drop(standard_metadata)
[12:52:15.120] [bmv2] [T] [thread 7259] [44.0] [cxt 0] straggler.p4(288) Condition "hdr.collective.isValid()" (node_3) is false
[12:52:15.120] [bmv2] [D] [thread 7259] [44.0] [cxt 0] Pipeline 'ingress': end
[12:52:15.120] [bmv2] [D] [thread 7259] [44.0] [cxt 0] Egress port is 511
[12:52:15.120] [bmv2] [D] [thread 7259] [44.0] [cxt 0] Dropping packet at the end of ingress
[12:52:15.345] [bmv2] [D] [thread 7259] [45.0] [cxt 0] Processing packet received on port 1
[12:52:15.345] [bmv2] [D] [thread 7259] [45.0] [cxt 0] Parser 'parser': start
[12:52:15.345] [bmv2] [D] [thread 7259] [45.0] [cxt 0] Parser 'parser' entering state 'start'
[12:52:15.345] [bmv2] [D] [thread 7259] [45.0] [cxt 0] Extracting header 'ethernet'
[12:52:15.345] [bmv2] [D] [thread 7259] [45.0] [cxt 0] Parser state 'start': key is 86dd
[12:52:15.345] [bmv2] [T] [thread 7259] [45.0] [cxt 0] Bytes parsed: 14
[12:52:15.345] [bmv2] [D] [thread 7259] [45.0] [cxt 0] Parser 'parser': end
[12:52:15.345] [bmv2] [D] [thread 7259] [45.0] [cxt 0] Pipeline 'ingress': start
[12:52:15.345] [bmv2] [T] [thread 7259] [45.0] [cxt 0] Applying table 'MyIngress.ipv4_forward'
[12:52:15.345] [bmv2] [D] [thread 7259] [45.0] [cxt 0] Looking up key:
* hdr.ipv4.dstAddr    : 00000000

[12:52:15.345] [bmv2] [D] [thread 7259] [45.0] [cxt 0] Table 'MyIngress.ipv4_forward': miss
[12:52:15.345] [bmv2] [D] [thread 7259] [45.0] [cxt 0] Action entry is MyIngress.drop - 
[12:52:15.345] [bmv2] [T] [thread 7259] [45.0] [cxt 0] Action MyIngress.drop
[12:52:15.345] [bmv2] [T] [thread 7259] [45.0] [cxt 0] straggler.p4(158) Primitive mark_to_drop(standard_metadata)
[12:52:15.346] [bmv2] [T] [thread 7259] [45.0] [cxt 0] straggler.p4(288) Condition "hdr.collective.isValid()" (node_3) is false
[12:52:15.346] [bmv2] [D] [thread 7259] [45.0] [cxt 0] Pipeline 'ingress': end
[12:52:15.346] [bmv2] [D] [thread 7259] [45.0] [cxt 0] Egress port is 511
[12:52:15.346] [bmv2] [D] [thread 7259] [45.0] [cxt 0] Dropping packet at the end of ingress
[12:52:15.531] [bmv2] [D] [thread 7259] [46.0] [cxt 0] Processing packet received on port 2
[12:52:15.531] [bmv2] [D] [thread 7259] [46.0] [cxt 0] Parser 'parser': start
[12:52:15.531] [bmv2] [D] [thread 7259] [46.0] [cxt 0] Parser 'parser' entering state 'start'
[12:52:15.531] [bmv2] [D] [thread 7259] [46.0] [cxt 0] Extracting header 'ethernet'
[12:52:15.531] [bmv2] [D] [thread 7259] [46.0] [cxt 0] Parser state 'start': key is 86dd
[12:52:15.531] [bmv2] [T] [thread 7259] [46.0] [cxt 0] Bytes parsed: 14
[12:52:15.531] [bmv2] [D] [thread 7259] [46.0] [cxt 0] Parser 'parser': end
[12:52:15.531] [bmv2] [D] [thread 7259] [46.0] [cxt 0] Pipeline 'ingress': start
[12:52:15.531] [bmv2] [T] [thread 7259] [46.0] [cxt 0] Applying table 'MyIngress.ipv4_forward'
[12:52:15.531] [bmv2] [D] [thread 7259] [46.0] [cxt 0] Looking up key:
* hdr.ipv4.dstAddr    : 00000000

[12:52:15.531] [bmv2] [D] [thread 7259] [46.0] [cxt 0] Table 'MyIngress.ipv4_forward': miss
[12:52:15.531] [bmv2] [D] [thread 7259] [46.0] [cxt 0] Action entry is MyIngress.drop - 
[12:52:15.531] [bmv2] [T] [thread 7259] [46.0] [cxt 0] Action MyIngress.drop
[12:52:15.531] [bmv2] [T] [thread 7259] [46.0] [cxt 0] straggler.p4(158) Primitive mark_to_drop(standard_metadata)
[12:52:15.531] [bmv2] [T] [thread 7259] [46.0] [cxt 0] straggler.p4(288) Condition "hdr.collective.isValid()" (node_3) is false
[12:52:15.531] [bmv2] [D] [thread 7259] [46.0] [cxt 0] Pipeline 'ingress': end
[12:52:15.531] [bmv2] [D] [thread 7259] [46.0] [cxt 0] Egress port is 511
[12:52:15.531] [bmv2] [D] [thread 7259] [46.0] [cxt 0] Dropping packet at the end of ingress
[12:52:15.665] [bmv2] [D] [thread 7259] [47.0] [cxt 0] Processing packet received on port 2
[12:52:15.665] [bmv2] [D] [thread 7259] [47.0] [cxt 0] Parser 'parser': start
[12:52:15.665] [bmv2] [D] [thread 7259] [47.0] [cxt 0] Parser 'parser' entering state 'start'
[12:52:15.665] [bmv2] [D] [thread 7259] [47.0] [cxt 0] Extracting header 'ethernet'
[12:52:15.665] [bmv2] [D] [thread 7259] [47.0] [cxt 0] Parser state 'start': key is 86dd
[12:52:15.665] [bmv2] [T] [thread 7259] [47.0] [cxt 0] Bytes parsed: 14
[12:52:15.665] [bmv2] [D] [thread 7259] [47.0] [cxt 0] Parser 'parser': end
[12:52:15.665] [bmv2] [D] [thread 7259] [47.0] [cxt 0] Pipeline 'ingress': start
[12:52:15.665] [bmv2] [T] [thread 7259] [47.0] [cxt 0] Applying table 'MyIngress.ipv4_forward'
[12:52:15.665] [bmv2] [D] [thread 7259] [47.0] [cxt 0] Looking up key:
* hdr.ipv4.dstAddr    : 00000000

[12:52:15.665] [bmv2] [D] [thread 7259] [47.0] [cxt 0] Table 'MyIngress.ipv4_forward': miss
[12:52:15.665] [bmv2] [D] [thread 7259] [47.0] [cxt 0] Action entry is MyIngress.drop - 
[12:52:15.665] [bmv2] [T] [thread 7259] [47.0] [cxt 0] Action MyIngress.drop
[12:52:15.665] [bmv2] [T] [thread 7259] [47.0] [cxt 0] straggler.p4(158) Primitive mark_to_drop(standard_metadata)
[12:52:15.665] [bmv2] [T] [thread 7259] [47.0] [cxt 0] straggler.p4(288) Condition "hdr.collective.isValid()" (node_3) is false
[12:52:15.665] [bmv2] [D] [thread 7259] [47.0] [cxt 0] Pipeline 'ingress': end
[12:52:15.665] [bmv2] [D] [thread 7259] [47.0] [cxt 0] Egress port is 511
[12:52:15.665] [bmv2] [D] [thread 7259] [47.0] [cxt 0] Dropping packet at the end of ingress
[12:52:15.724] [bmv2] [D] [thread 7259] [48.0] [cxt 0] Processing packet received on port 2
[12:52:15.724] [bmv2] [D] [thread 7259] [48.0] [cxt 0] Parser 'parser': start
[12:52:15.724] [bmv2] [D] [thread 7259] [48.0] [cxt 0] Parser 'parser' entering state 'start'
[12:52:15.724] [bmv2] [D] [thread 7259] [48.0] [cxt 0] Extracting header 'ethernet'
[12:52:15.724] [bmv2] [D] [thread 7259] [48.0] [cxt 0] Parser state 'start': key is 86dd
[12:52:15.724] [bmv2] [T] [thread 7259] [48.0] [cxt 0] Bytes parsed: 14
[12:52:15.724] [bmv2] [D] [thread 7259] [48.0] [cxt 0] Parser 'parser': end
[12:52:15.724] [bmv2] [D] [thread 7259] [48.0] [cxt 0] Pipeline 'ingress': start
[12:52:15.724] [bmv2] [T] [thread 7259] [48.0] [cxt 0] Applying table 'MyIngress.ipv4_forward'
[12:52:15.724] [bmv2] [D] [thread 7259] [48.0] [cxt 0] Looking up key:
* hdr.ipv4.dstAddr    : 00000000

[12:52:15.724] [bmv2] [D] [thread 7259] [48.0] [cxt 0] Table 'MyIngress.ipv4_forward': miss
[12:52:15.724] [bmv2] [D] [thread 7259] [48.0] [cxt 0] Action entry is MyIngress.drop - 
[12:52:15.724] [bmv2] [T] [thread 7259] [48.0] [cxt 0] Action MyIngress.drop
[12:52:15.724] [bmv2] [T] [thread 7259] [48.0] [cxt 0] straggler.p4(158) Primitive mark_to_drop(standard_metadata)
[12:52:15.724] [bmv2] [T] [thread 7259] [48.0] [cxt 0] straggler.p4(288) Condition "hdr.collective.isValid()" (node_3) is false
[12:52:15.724] [bmv2] [D] [thread 7259] [48.0] [cxt 0] Pipeline 'ingress': end
[12:52:15.724] [bmv2] [D] [thread 7259] [48.0] [cxt 0] Egress port is 511
[12:52:15.724] [bmv2] [D] [thread 7259] [48.0] [cxt 0] Dropping packet at the end of ingress
[12:52:15.792] [bmv2] [D] [thread 7259] [49.0] [cxt 0] Processing packet received on port 2
[12:52:15.792] [bmv2] [D] [thread 7259] [49.0] [cxt 0] Parser 'parser': start
[12:52:15.792] [bmv2] [D] [thread 7259] [49.0] [cxt 0] Parser 'parser' entering state 'start'
[12:52:15.792] [bmv2] [D] [thread 7259] [49.0] [cxt 0] Extracting header 'ethernet'
[12:52:15.792] [bmv2] [D] [thread 7259] [49.0] [cxt 0] Parser state 'start': key is 86dd
[12:52:15.792] [bmv2] [T] [thread 7259] [49.0] [cxt 0] Bytes parsed: 14
[12:52:15.792] [bmv2] [D] [thread 7259] [49.0] [cxt 0] Parser 'parser': end
[12:52:15.792] [bmv2] [D] [thread 7259] [49.0] [cxt 0] Pipeline 'ingress': start
[12:52:15.792] [bmv2] [T] [thread 7259] [49.0] [cxt 0] Applying table 'MyIngress.ipv4_forward'
[12:52:15.792] [bmv2] [D] [thread 7259] [49.0] [cxt 0] Looking up key:
* hdr.ipv4.dstAddr    : 00000000

[12:52:15.792] [bmv2] [D] [thread 7259] [49.0] [cxt 0] Table 'MyIngress.ipv4_forward': miss
[12:52:15.792] [bmv2] [D] [thread 7259] [49.0] [cxt 0] Action entry is MyIngress.drop - 
[12:52:15.792] [bmv2] [T] [thread 7259] [49.0] [cxt 0] Action MyIngress.drop
[12:52:15.792] [bmv2] [T] [thread 7259] [49.0] [cxt 0] straggler.p4(158) Primitive mark_to_drop(standard_metadata)
[12:52:15.792] [bmv2] [T] [thread 7259] [49.0] [cxt 0] straggler.p4(288) Condition "hdr.collective.isValid()" (node_3) is false
[12:52:15.792] [bmv2] [D] [thread 7259] [49.0] [cxt 0] Pipeline 'ingress': end
[12:52:15.792] [bmv2] [D] [thread 7259] [49.0] [cxt 0] Egress port is 511
[12:52:15.792] [bmv2] [D] [thread 7259] [49.0] [cxt 0] Dropping packet at the end of ingress
[12:52:15.917] [bmv2] [D] [thread 7259] [50.0] [cxt 0] Processing packet received on port 1
[12:52:15.917] [bmv2] [D] [thread 7259] [50.0] [cxt 0] Parser 'parser': start
[12:52:15.917] [bmv2] [D] [thread 7259] [50.0] [cxt 0] Parser 'parser' entering state 'start'
[12:52:15.917] [bmv2] [D] [thread 7259] [50.0] [cxt 0] Extracting header 'ethernet'
[12:52:15.917] [bmv2] [D] [thread 7259] [50.0] [cxt 0] Parser state 'start': key is 86dd
[12:52:15.917] [bmv2] [T] [thread 7259] [50.0] [cxt 0] Bytes parsed: 14
[12:52:15.917] [bmv2] [D] [thread 7259] [50.0] [cxt 0] Parser 'parser': end
[12:52:15.917] [bmv2] [D] [thread 7259] [50.0] [cxt 0] Pipeline 'ingress': start
[12:52:15.917] [bmv2] [T] [thread 7259] [50.0] [cxt 0] Applying table 'MyIngress.ipv4_forward'
[12:52:15.917] [bmv2] [D] [thread 7259] [50.0] [cxt 0] Looking up key:
* hdr.ipv4.dstAddr    : 00000000

[12:52:15.917] [bmv2] [D] [thread 7259] [50.0] [cxt 0] Table 'MyIngress.ipv4_forward': miss
[12:52:15.917] [bmv2] [D] [thread 7259] [50.0] [cxt 0] Action entry is MyIngress.drop - 
[12:52:15.917] [bmv2] [T] [thread 7259] [50.0] [cxt 0] Action MyIngress.drop
[12:52:15.917] [bmv2] [T] [thread 7259] [50.0] [cxt 0] straggler.p4(158) Primitive mark_to_drop(standard_metadata)
[12:52:15.917] [bmv2] [T] [thread 7259] [50.0] [cxt 0] straggler.p4(288) Condition "hdr.collective.isValid()" (node_3) is false
[12:52:15.917] [bmv2] [D] [thread 7259] [50.0] [cxt 0] Pipeline 'ingress': end
[12:52:15.917] [bmv2] [D] [thread 7259] [50.0] [cxt 0] Egress port is 511
[12:52:15.917] [bmv2] [D] [thread 7259] [50.0] [cxt 0] Dropping packet at the end of ingress
[12:52:15.920] [bmv2] [D] [thread 7259] [51.0] [cxt 0] Processing packet received on port 1
[12:52:15.920] [bmv2] [D] [thread 7259] [51.0] [cxt 0] Parser 'parser': start
[12:52:15.920] [bmv2] [D] [thread 7259] [51.0] [cxt 0] Parser 'parser' entering state 'start'
[12:52:15.920] [bmv2] [D] [thread 7259] [51.0] [cxt 0] Extracting header 'ethernet'
[12:52:15.920] [bmv2] [D] [thread 7259] [51.0] [cxt 0] Parser state 'start': key is 86dd
[12:52:15.920] [bmv2] [T] [thread 7259] [51.0] [cxt 0] Bytes parsed: 14
[12:52:15.920] [bmv2] [D] [thread 7259] [51.0] [cxt 0] Parser 'parser': end
[12:52:15.920] [bmv2] [D] [thread 7259] [51.0] [cxt 0] Pipeline 'ingress': start
[12:52:15.920] [bmv2] [T] [thread 7259] [51.0] [cxt 0] Applying table 'MyIngress.ipv4_forward'
[12:52:15.920] [bmv2] [D] [thread 7259] [51.0] [cxt 0] Looking up key:
* hdr.ipv4.dstAddr    : 00000000

[12:52:15.920] [bmv2] [D] [thread 7259] [51.0] [cxt 0] Table 'MyIngress.ipv4_forward': miss
[12:52:15.920] [bmv2] [D] [thread 7259] [51.0] [cxt 0] Action entry is MyIngress.drop - 
[12:52:15.920] [bmv2] [T] [thread 7259] [51.0] [cxt 0] Action MyIngress.drop
[12:52:15.920] [bmv2] [T] [thread 7259] [51.0] [cxt 0] straggler.p4(158) Primitive mark_to_drop(standard_metadata)
[12:52:15.920] [bmv2] [T] [thread 7259] [51.0] [cxt 0] straggler.p4(288) Condition "hdr.collective.isValid()" (node_3) is false
[12:52:15.920] [bmv2] [D] [thread 7259] [51.0] [cxt 0] Pipeline 'ingress': end
[12:52:15.920] [bmv2] [D] [thread 7259] [51.0] [cxt 0] Egress port is 511
[12:52:15.920] [bmv2] [D] [thread 7259] [51.0] [cxt 0] Dropping packet at the end of ingress
[12:52:16.431] [bmv2] [D] [thread 7259] [52.0] [cxt 0] Processing packet received on port 1
[12:52:16.432] [bmv2] [D] [thread 7259] [52.0] [cxt 0] Parser 'parser': start
[12:52:16.432] [bmv2] [D] [thread 7259] [52.0] [cxt 0] Parser 'parser' entering state 'start'
[12:52:16.432] [bmv2] [D] [thread 7259] [52.0] [cxt 0] Extracting header 'ethernet'
[12:52:16.432] [bmv2] [D] [thread 7259] [52.0] [cxt 0] Parser state 'start': key is 86dd
[12:52:16.432] [bmv2] [T] [thread 7259] [52.0] [cxt 0] Bytes parsed: 14
[12:52:16.432] [bmv2] [D] [thread 7259] [52.0] [cxt 0] Parser 'parser': end
[12:52:16.432] [bmv2] [D] [thread 7259] [52.0] [cxt 0] Pipeline 'ingress': start
[12:52:16.432] [bmv2] [T] [thread 7259] [52.0] [cxt 0] Applying table 'MyIngress.ipv4_forward'
[12:52:16.432] [bmv2] [D] [thread 7259] [52.0] [cxt 0] Looking up key:
* hdr.ipv4.dstAddr    : 00000000

[12:52:16.432] [bmv2] [D] [thread 7259] [52.0] [cxt 0] Table 'MyIngress.ipv4_forward': miss
[12:52:16.432] [bmv2] [D] [thread 7259] [52.0] [cxt 0] Action entry is MyIngress.drop - 
[12:52:16.432] [bmv2] [T] [thread 7259] [52.0] [cxt 0] Action MyIngress.drop
[12:52:16.432] [bmv2] [T] [thread 7259] [52.0] [cxt 0] straggler.p4(158) Primitive mark_to_drop(standard_metadata)
[12:52:16.432] [bmv2] [T] [thread 7259] [52.0] [cxt 0] straggler.p4(288) Condition "hdr.collective.isValid()" (node_3) is false
[12:52:16.432] [bmv2] [D] [thread 7259] [52.0] [cxt 0] Pipeline 'ingress': end
[12:52:16.432] [bmv2] [D] [thread 7259] [52.0] [cxt 0] Egress port is 511
[12:52:16.432] [bmv2] [D] [thread 7259] [52.0] [cxt 0] Dropping packet at the end of ingress
[12:52:18.552] [bmv2] [D] [thread 7259] [53.0] [cxt 0] Processing packet received on port 1
[12:52:18.552] [bmv2] [D] [thread 7259] [53.0] [cxt 0] Parser 'parser': start
[12:52:18.553] [bmv2] [D] [thread 7259] [53.0] [cxt 0] Parser 'parser' entering state 'start'
[12:52:18.553] [bmv2] [D] [thread 7259] [53.0] [cxt 0] Extracting header 'ethernet'
[12:52:18.553] [bmv2] [D] [thread 7259] [53.0] [cxt 0] Parser state 'start': key is 86dd
[12:52:18.553] [bmv2] [T] [thread 7259] [53.0] [cxt 0] Bytes parsed: 14
[12:52:18.553] [bmv2] [D] [thread 7259] [53.0] [cxt 0] Parser 'parser': end
[12:52:18.553] [bmv2] [D] [thread 7259] [53.0] [cxt 0] Pipeline 'ingress': start
[12:52:18.553] [bmv2] [T] [thread 7259] [53.0] [cxt 0] Applying table 'MyIngress.ipv4_forward'
[12:52:18.553] [bmv2] [D] [thread 7259] [53.0] [cxt 0] Looking up key:
* hdr.ipv4.dstAddr    : 00000000

[12:52:18.553] [bmv2] [D] [thread 7259] [53.0] [cxt 0] Table 'MyIngress.ipv4_forward': miss
[12:52:18.553] [bmv2] [D] [thread 7259] [53.0] [cxt 0] Action entry is MyIngress.drop - 
[12:52:18.553] [bmv2] [T] [thread 7259] [53.0] [cxt 0] Action MyIngress.drop
[12:52:18.553] [bmv2] [T] [thread 7259] [53.0] [cxt 0] straggler.p4(158) Primitive mark_to_drop(standard_metadata)
[12:52:18.553] [bmv2] [T] [thread 7259] [53.0] [cxt 0] straggler.p4(288) Condition "hdr.collective.isValid()" (node_3) is false
[12:52:18.553] [bmv2] [D] [thread 7259] [53.0] [cxt 0] Pipeline 'ingress': end
[12:52:18.553] [bmv2] [D] [thread 7259] [53.0] [cxt 0] Egress port is 511
[12:52:18.553] [bmv2] [D] [thread 7259] [53.0] [cxt 0] Dropping packet at the end of ingress
[12:52:18.735] [bmv2] [D] [thread 7259] [54.0] [cxt 0] Processing packet received on port 2
[12:52:18.735] [bmv2] [D] [thread 7259] [54.0] [cxt 0] Parser 'parser': start
[12:52:18.735] [bmv2] [D] [thread 7259] [54.0] [cxt 0] Parser 'parser' entering state 'start'
[12:52:18.735] [bmv2] [D] [thread 7259] [54.0] [cxt 0] Extracting header 'ethernet'
[12:52:18.735] [bmv2] [D] [thread 7259] [54.0] [cxt 0] Parser state 'start': key is 86dd
[12:52:18.735] [bmv2] [T] [thread 7259] [54.0] [cxt 0] Bytes parsed: 14
[12:52:18.735] [bmv2] [D] [thread 7259] [54.0] [cxt 0] Parser 'parser': end
[12:52:18.735] [bmv2] [D] [thread 7259] [54.0] [cxt 0] Pipeline 'ingress': start
[12:52:18.735] [bmv2] [T] [thread 7259] [54.0] [cxt 0] Applying table 'MyIngress.ipv4_forward'
[12:52:18.735] [bmv2] [D] [thread 7259] [54.0] [cxt 0] Looking up key:
* hdr.ipv4.dstAddr    : 00000000

[12:52:18.735] [bmv2] [D] [thread 7259] [54.0] [cxt 0] Table 'MyIngress.ipv4_forward': miss
[12:52:18.735] [bmv2] [D] [thread 7259] [54.0] [cxt 0] Action entry is MyIngress.drop - 
[12:52:18.735] [bmv2] [T] [thread 7259] [54.0] [cxt 0] Action MyIngress.drop
[12:52:18.735] [bmv2] [T] [thread 7259] [54.0] [cxt 0] straggler.p4(158) Primitive mark_to_drop(standard_metadata)
[12:52:18.735] [bmv2] [T] [thread 7259] [54.0] [cxt 0] straggler.p4(288) Condition "hdr.collective.isValid()" (node_3) is false
[12:52:18.735] [bmv2] [D] [thread 7259] [54.0] [cxt 0] Pipeline 'ingress': end
[12:52:18.735] [bmv2] [D] [thread 7259] [54.0] [cxt 0] Egress port is 511
[12:52:18.735] [bmv2] [D] [thread 7259] [54.0] [cxt 0] Dropping packet at the end of ingress
[12:52:19.121] [bmv2] [D] [thread 7259] [55.0] [cxt 0] Processing packet received on port 1
[12:52:19.121] [bmv2] [D] [thread 7259] [55.0] [cxt 0] Parser 'parser': start
[12:52:19.121] [bmv2] [D] [thread 7259] [55.0] [cxt 0] Parser 'parser' entering state 'start'
[12:52:19.121] [bmv2] [D] [thread 7259] [55.0] [cxt 0] Extracting header 'ethernet'
[12:52:19.121] [bmv2] [D] [thread 7259] [55.0] [cxt 0] Parser state 'start': key is 86dd
[12:52:19.121] [bmv2] [T] [thread 7259] [55.0] [cxt 0] Bytes parsed: 14
[12:52:19.121] [bmv2] [D] [thread 7259] [55.0] [cxt 0] Parser 'parser': end
[12:52:19.121] [bmv2] [D] [thread 7259] [55.0] [cxt 0] Pipeline 'ingress': start
[12:52:19.121] [bmv2] [T] [thread 7259] [55.0] [cxt 0] Applying table 'MyIngress.ipv4_forward'
[12:52:19.121] [bmv2] [D] [thread 7259] [55.0] [cxt 0] Looking up key:
* hdr.ipv4.dstAddr    : 00000000

[12:52:19.121] [bmv2] [D] [thread 7259] [55.0] [cxt 0] Table 'MyIngress.ipv4_forward': miss
[12:52:19.121] [bmv2] [D] [thread 7259] [55.0] [cxt 0] Action entry is MyIngress.drop - 
[12:52:19.121] [bmv2] [T] [thread 7259] [55.0] [cxt 0] Action MyIngress.drop
[12:52:19.121] [bmv2] [T] [thread 7259] [55.0] [cxt 0] straggler.p4(158) Primitive mark_to_drop(standard_metadata)
[12:52:19.121] [bmv2] [T] [thread 7259] [55.0] [cxt 0] straggler.p4(288) Condition "hdr.collective.isValid()" (node_3) is false
[12:52:19.121] [bmv2] [D] [thread 7259] [55.0] [cxt 0] Pipeline 'ingress': end
[12:52:19.121] [bmv2] [D] [thread 7259] [55.0] [cxt 0] Egress port is 511
[12:52:19.121] [bmv2] [D] [thread 7259] [55.0] [cxt 0] Dropping packet at the end of ingress
[12:52:23.602] [bmv2] [D] [thread 7259] [56.0] [cxt 0] Processing packet received on port 2
[12:52:23.602] [bmv2] [D] [thread 7259] [56.0] [cxt 0] Parser 'parser': start
[12:52:23.602] [bmv2] [D] [thread 7259] [56.0] [cxt 0] Parser 'parser' entering state 'start'
[12:52:23.602] [bmv2] [D] [thread 7259] [56.0] [cxt 0] Extracting header 'ethernet'
[12:52:23.602] [bmv2] [D] [thread 7259] [56.0] [cxt 0] Parser state 'start': key is 86dd
[12:52:23.602] [bmv2] [T] [thread 7259] [56.0] [cxt 0] Bytes parsed: 14
[12:52:23.602] [bmv2] [D] [thread 7259] [56.0] [cxt 0] Parser 'parser': end
[12:52:23.602] [bmv2] [D] [thread 7259] [56.0] [cxt 0] Pipeline 'ingress': start
[12:52:23.602] [bmv2] [T] [thread 7259] [56.0] [cxt 0] Applying table 'MyIngress.ipv4_forward'
[12:52:23.602] [bmv2] [D] [thread 7259] [56.0] [cxt 0] Looking up key:
* hdr.ipv4.dstAddr    : 00000000

[12:52:23.602] [bmv2] [D] [thread 7259] [56.0] [cxt 0] Table 'MyIngress.ipv4_forward': miss
[12:52:23.602] [bmv2] [D] [thread 7259] [56.0] [cxt 0] Action entry is MyIngress.drop - 
[12:52:23.602] [bmv2] [T] [thread 7259] [56.0] [cxt 0] Action MyIngress.drop
[12:52:23.602] [bmv2] [T] [thread 7259] [56.0] [cxt 0] straggler.p4(158) Primitive mark_to_drop(standard_metadata)
[12:52:23.602] [bmv2] [T] [thread 7259] [56.0] [cxt 0] straggler.p4(288) Condition "hdr.collective.isValid()" (node_3) is false
[12:52:23.602] [bmv2] [D] [thread 7259] [56.0] [cxt 0] Pipeline 'ingress': end
[12:52:23.602] [bmv2] [D] [thread 7259] [56.0] [cxt 0] Egress port is 511
[12:52:23.602] [bmv2] [D] [thread 7259] [56.0] [cxt 0] Dropping packet at the end of ingress
[12:52:23.602] [bmv2] [D] [thread 7259] [57.0] [cxt 0] Processing packet received on port 2
[12:52:23.602] [bmv2] [D] [thread 7259] [57.0] [cxt 0] Parser 'parser': start
[12:52:23.602] [bmv2] [D] [thread 7259] [57.0] [cxt 0] Parser 'parser' entering state 'start'
[12:52:23.602] [bmv2] [D] [thread 7259] [57.0] [cxt 0] Extracting header 'ethernet'
[12:52:23.602] [bmv2] [D] [thread 7259] [57.0] [cxt 0] Parser state 'start': key is 86dd
[12:52:23.602] [bmv2] [T] [thread 7259] [57.0] [cxt 0] Bytes parsed: 14
[12:52:23.602] [bmv2] [D] [thread 7259] [57.0] [cxt 0] Parser 'parser': end
[12:52:23.602] [bmv2] [D] [thread 7259] [57.0] [cxt 0] Pipeline 'ingress': start
[12:52:23.602] [bmv2] [T] [thread 7259] [57.0] [cxt 0] Applying table 'MyIngress.ipv4_forward'
[12:52:23.602] [bmv2] [D] [thread 7259] [57.0] [cxt 0] Looking up key:
* hdr.ipv4.dstAddr    : 00000000

[12:52:23.602] [bmv2] [D] [thread 7259] [57.0] [cxt 0] Table 'MyIngress.ipv4_forward': miss
[12:52:23.602] [bmv2] [D] [thread 7259] [57.0] [cxt 0] Action entry is MyIngress.drop - 
[12:52:23.602] [bmv2] [T] [thread 7259] [57.0] [cxt 0] Action MyIngress.drop
[12:52:23.602] [bmv2] [T] [thread 7259] [57.0] [cxt 0] straggler.p4(158) Primitive mark_to_drop(standard_metadata)
[12:52:23.602] [bmv2] [T] [thread 7259] [57.0] [cxt 0] straggler.p4(288) Condition "hdr.collective.isValid()" (node_3) is false
[12:52:23.602] [bmv2] [D] [thread 7259] [57.0] [cxt 0] Pipeline 'ingress': end
[12:52:23.602] [bmv2] [D] [thread 7259] [57.0] [cxt 0] Egress port is 511
[12:52:23.602] [bmv2] [D] [thread 7259] [57.0] [cxt 0] Dropping packet at the end of ingress
[12:52:25.136] [bmv2] [D] [thread 7259] [58.0] [cxt 0] Processing packet received on port 1
[12:52:25.136] [bmv2] [D] [thread 7259] [58.0] [cxt 0] Parser 'parser': start
[12:52:25.136] [bmv2] [D] [thread 7259] [58.0] [cxt 0] Parser 'parser' entering state 'start'
[12:52:25.136] [bmv2] [D] [thread 7259] [58.0] [cxt 0] Extracting header 'ethernet'
[12:52:25.136] [bmv2] [D] [thread 7259] [58.0] [cxt 0] Parser state 'start': key is 86dd
[12:52:25.136] [bmv2] [T] [thread 7259] [58.0] [cxt 0] Bytes parsed: 14
[12:52:25.136] [bmv2] [D] [thread 7259] [58.0] [cxt 0] Parser 'parser': end
[12:52:25.136] [bmv2] [D] [thread 7259] [58.0] [cxt 0] Pipeline 'ingress': start
[12:52:25.136] [bmv2] [T] [thread 7259] [58.0] [cxt 0] Applying table 'MyIngress.ipv4_forward'
[12:52:25.136] [bmv2] [D] [thread 7259] [58.0] [cxt 0] Looking up key:
* hdr.ipv4.dstAddr    : 00000000

[12:52:25.136] [bmv2] [D] [thread 7259] [58.0] [cxt 0] Table 'MyIngress.ipv4_forward': miss
[12:52:25.136] [bmv2] [D] [thread 7259] [58.0] [cxt 0] Action entry is MyIngress.drop - 
[12:52:25.136] [bmv2] [T] [thread 7259] [58.0] [cxt 0] Action MyIngress.drop
[12:52:25.136] [bmv2] [T] [thread 7259] [58.0] [cxt 0] straggler.p4(158) Primitive mark_to_drop(standard_metadata)
[12:52:25.136] [bmv2] [T] [thread 7259] [58.0] [cxt 0] straggler.p4(288) Condition "hdr.collective.isValid()" (node_3) is false
[12:52:25.136] [bmv2] [D] [thread 7259] [58.0] [cxt 0] Pipeline 'ingress': end
[12:52:25.136] [bmv2] [D] [thread 7259] [58.0] [cxt 0] Egress port is 511
[12:52:25.136] [bmv2] [D] [thread 7259] [58.0] [cxt 0] Dropping packet at the end of ingress
[12:52:25.136] [bmv2] [D] [thread 7259] [59.0] [cxt 0] Processing packet received on port 1
[12:52:25.136] [bmv2] [D] [thread 7259] [59.0] [cxt 0] Parser 'parser': start
[12:52:25.136] [bmv2] [D] [thread 7259] [59.0] [cxt 0] Parser 'parser' entering state 'start'
[12:52:25.136] [bmv2] [D] [thread 7259] [59.0] [cxt 0] Extracting header 'ethernet'
[12:52:25.136] [bmv2] [D] [thread 7259] [59.0] [cxt 0] Parser state 'start': key is 86dd
[12:52:25.136] [bmv2] [T] [thread 7259] [59.0] [cxt 0] Bytes parsed: 14
[12:52:25.136] [bmv2] [D] [thread 7259] [59.0] [cxt 0] Parser 'parser': end
[12:52:25.136] [bmv2] [D] [thread 7259] [59.0] [cxt 0] Pipeline 'ingress': start
[12:52:25.136] [bmv2] [T] [thread 7259] [59.0] [cxt 0] Applying table 'MyIngress.ipv4_forward'
[12:52:25.136] [bmv2] [D] [thread 7259] [59.0] [cxt 0] Looking up key:
* hdr.ipv4.dstAddr    : 00000000

[12:52:25.136] [bmv2] [D] [thread 7259] [59.0] [cxt 0] Table 'MyIngress.ipv4_forward': miss
[12:52:25.136] [bmv2] [D] [thread 7259] [59.0] [cxt 0] Action entry is MyIngress.drop - 
[12:52:25.136] [bmv2] [T] [thread 7259] [59.0] [cxt 0] Action MyIngress.drop
[12:52:25.136] [bmv2] [T] [thread 7259] [59.0] [cxt 0] straggler.p4(158) Primitive mark_to_drop(standard_metadata)
[12:52:25.136] [bmv2] [T] [thread 7259] [59.0] [cxt 0] straggler.p4(288) Condition "hdr.collective.isValid()" (node_3) is false
[12:52:25.136] [bmv2] [D] [thread 7259] [59.0] [cxt 0] Pipeline 'ingress': end
[12:52:25.136] [bmv2] [D] [thread 7259] [59.0] [cxt 0] Egress port is 511
[12:52:25.136] [bmv2] [D] [thread 7259] [59.0] [cxt 0] Dropping packet at the end of ingress
[12:52:26.553] [bmv2] [D] [thread 7259] [60.0] [cxt 0] Processing packet received on port 1
[12:52:26.553] [bmv2] [D] [thread 7259] [60.0] [cxt 0] Parser 'parser': start
[12:52:26.553] [bmv2] [D] [thread 7259] [60.0] [cxt 0] Parser 'parser' entering state 'start'
[12:52:26.553] [bmv2] [D] [thread 7259] [60.0] [cxt 0] Extracting header 'ethernet'
[12:52:26.553] [bmv2] [D] [thread 7259] [60.0] [cxt 0] Parser state 'start': key is 86dd
[12:52:26.553] [bmv2] [T] [thread 7259] [60.0] [cxt 0] Bytes parsed: 14
[12:52:26.553] [bmv2] [D] [thread 7259] [60.0] [cxt 0] Parser 'parser': end
[12:52:26.553] [bmv2] [D] [thread 7259] [60.0] [cxt 0] Pipeline 'ingress': start
[12:52:26.553] [bmv2] [T] [thread 7259] [60.0] [cxt 0] Applying table 'MyIngress.ipv4_forward'
[12:52:26.553] [bmv2] [D] [thread 7259] [60.0] [cxt 0] Looking up key:
* hdr.ipv4.dstAddr    : 00000000

[12:52:26.553] [bmv2] [D] [thread 7259] [60.0] [cxt 0] Table 'MyIngress.ipv4_forward': miss
[12:52:26.553] [bmv2] [D] [thread 7259] [60.0] [cxt 0] Action entry is MyIngress.drop - 
[12:52:26.553] [bmv2] [T] [thread 7259] [60.0] [cxt 0] Action MyIngress.drop
[12:52:26.553] [bmv2] [T] [thread 7259] [60.0] [cxt 0] straggler.p4(158) Primitive mark_to_drop(standard_metadata)
[12:52:26.553] [bmv2] [T] [thread 7259] [60.0] [cxt 0] straggler.p4(288) Condition "hdr.collective.isValid()" (node_3) is false
[12:52:26.553] [bmv2] [D] [thread 7259] [60.0] [cxt 0] Pipeline 'ingress': end
[12:52:26.553] [bmv2] [D] [thread 7259] [60.0] [cxt 0] Egress port is 511
[12:52:26.553] [bmv2] [D] [thread 7259] [60.0] [cxt 0] Dropping packet at the end of ingress
[12:52:26.738] [bmv2] [D] [thread 7259] [61.0] [cxt 0] Processing packet received on port 2
[12:52:26.738] [bmv2] [D] [thread 7259] [61.0] [cxt 0] Parser 'parser': start
[12:52:26.739] [bmv2] [D] [thread 7259] [61.0] [cxt 0] Parser 'parser' entering state 'start'
[12:52:26.739] [bmv2] [D] [thread 7259] [61.0] [cxt 0] Extracting header 'ethernet'
[12:52:26.739] [bmv2] [D] [thread 7259] [61.0] [cxt 0] Parser state 'start': key is 86dd
[12:52:26.739] [bmv2] [T] [thread 7259] [61.0] [cxt 0] Bytes parsed: 14
[12:52:26.739] [bmv2] [D] [thread 7259] [61.0] [cxt 0] Parser 'parser': end
[12:52:26.739] [bmv2] [D] [thread 7259] [61.0] [cxt 0] Pipeline 'ingress': start
[12:52:26.739] [bmv2] [T] [thread 7259] [61.0] [cxt 0] Applying table 'MyIngress.ipv4_forward'
[12:52:26.739] [bmv2] [D] [thread 7259] [61.0] [cxt 0] Looking up key:
* hdr.ipv4.dstAddr    : 00000000

[12:52:26.739] [bmv2] [D] [thread 7259] [61.0] [cxt 0] Table 'MyIngress.ipv4_forward': miss
[12:52:26.739] [bmv2] [D] [thread 7259] [61.0] [cxt 0] Action entry is MyIngress.drop - 
[12:52:26.739] [bmv2] [T] [thread 7259] [61.0] [cxt 0] Action MyIngress.drop
[12:52:26.739] [bmv2] [T] [thread 7259] [61.0] [cxt 0] straggler.p4(158) Primitive mark_to_drop(standard_metadata)
[12:52:26.739] [bmv2] [T] [thread 7259] [61.0] [cxt 0] straggler.p4(288) Condition "hdr.collective.isValid()" (node_3) is false
[12:52:26.739] [bmv2] [D] [thread 7259] [61.0] [cxt 0] Pipeline 'ingress': end
[12:52:26.739] [bmv2] [D] [thread 7259] [61.0] [cxt 0] Egress port is 511
[12:52:26.739] [bmv2] [D] [thread 7259] [61.0] [cxt 0] Dropping packet at the end of ingress
[12:52:27.122] [bmv2] [D] [thread 7259] [62.0] [cxt 0] Processing packet received on port 1
[12:52:27.122] [bmv2] [D] [thread 7259] [62.0] [cxt 0] Parser 'parser': start
[12:52:27.122] [bmv2] [D] [thread 7259] [62.0] [cxt 0] Parser 'parser' entering state 'start'
[12:52:27.122] [bmv2] [D] [thread 7259] [62.0] [cxt 0] Extracting header 'ethernet'
[12:52:27.122] [bmv2] [D] [thread 7259] [62.0] [cxt 0] Parser state 'start': key is 86dd
[12:52:27.122] [bmv2] [T] [thread 7259] [62.0] [cxt 0] Bytes parsed: 14
[12:52:27.122] [bmv2] [D] [thread 7259] [62.0] [cxt 0] Parser 'parser': end
[12:52:27.122] [bmv2] [D] [thread 7259] [62.0] [cxt 0] Pipeline 'ingress': start
[12:52:27.122] [bmv2] [T] [thread 7259] [62.0] [cxt 0] Applying table 'MyIngress.ipv4_forward'
[12:52:27.122] [bmv2] [D] [thread 7259] [62.0] [cxt 0] Looking up key:
* hdr.ipv4.dstAddr    : 00000000

[12:52:27.122] [bmv2] [D] [thread 7259] [62.0] [cxt 0] Table 'MyIngress.ipv4_forward': miss
[12:52:27.122] [bmv2] [D] [thread 7259] [62.0] [cxt 0] Action entry is MyIngress.drop - 
[12:52:27.123] [bmv2] [T] [thread 7259] [62.0] [cxt 0] Action MyIngress.drop
[12:52:27.123] [bmv2] [T] [thread 7259] [62.0] [cxt 0] straggler.p4(158) Primitive mark_to_drop(standard_metadata)
[12:52:27.123] [bmv2] [T] [thread 7259] [62.0] [cxt 0] straggler.p4(288) Condition "hdr.collective.isValid()" (node_3) is false
[12:52:27.123] [bmv2] [D] [thread 7259] [62.0] [cxt 0] Pipeline 'ingress': end
[12:52:27.123] [bmv2] [D] [thread 7259] [62.0] [cxt 0] Egress port is 511
[12:52:27.123] [bmv2] [D] [thread 7259] [62.0] [cxt 0] Dropping packet at the end of ingress
[12:52:38.449] [bmv2] [D] [thread 7259] [63.0] [cxt 0] Processing packet received on port 2
[12:52:38.450] [bmv2] [D] [thread 7259] [63.0] [cxt 0] Parser 'parser': start
[12:52:38.450] [bmv2] [D] [thread 7259] [63.0] [cxt 0] Parser 'parser' entering state 'start'
[12:52:38.450] [bmv2] [D] [thread 7259] [63.0] [cxt 0] Extracting header 'ethernet'
[12:52:38.450] [bmv2] [D] [thread 7259] [63.0] [cxt 0] Parser state 'start': key is 86dd
[12:52:38.450] [bmv2] [T] [thread 7259] [63.0] [cxt 0] Bytes parsed: 14
[12:52:38.450] [bmv2] [D] [thread 7259] [63.0] [cxt 0] Parser 'parser': end
[12:52:38.450] [bmv2] [D] [thread 7259] [63.0] [cxt 0] Pipeline 'ingress': start
[12:52:38.450] [bmv2] [T] [thread 7259] [63.0] [cxt 0] Applying table 'MyIngress.ipv4_forward'
[12:52:38.450] [bmv2] [D] [thread 7259] [63.0] [cxt 0] Looking up key:
* hdr.ipv4.dstAddr    : 00000000

[12:52:38.450] [bmv2] [D] [thread 7259] [63.0] [cxt 0] Table 'MyIngress.ipv4_forward': miss
[12:52:38.450] [bmv2] [D] [thread 7259] [63.0] [cxt 0] Action entry is MyIngress.drop - 
[12:52:38.450] [bmv2] [T] [thread 7259] [63.0] [cxt 0] Action MyIngress.drop
[12:52:38.450] [bmv2] [T] [thread 7259] [63.0] [cxt 0] straggler.p4(158) Primitive mark_to_drop(standard_metadata)
[12:52:38.450] [bmv2] [T] [thread 7259] [63.0] [cxt 0] straggler.p4(288) Condition "hdr.collective.isValid()" (node_3) is false
[12:52:38.450] [bmv2] [D] [thread 7259] [63.0] [cxt 0] Pipeline 'ingress': end
[12:52:38.450] [bmv2] [D] [thread 7259] [63.0] [cxt 0] Egress port is 511
[12:52:38.450] [bmv2] [D] [thread 7259] [63.0] [cxt 0] Dropping packet at the end of ingress
[12:52:39.984] [bmv2] [D] [thread 7259] [64.0] [cxt 0] Processing packet received on port 2
[12:52:39.984] [bmv2] [D] [thread 7259] [64.0] [cxt 0] Parser 'parser': start
[12:52:39.984] [bmv2] [D] [thread 7259] [64.0] [cxt 0] Parser 'parser' entering state 'start'
[12:52:39.984] [bmv2] [D] [thread 7259] [64.0] [cxt 0] Extracting header 'ethernet'
[12:52:39.984] [bmv2] [D] [thread 7259] [64.0] [cxt 0] Parser state 'start': key is 86dd
[12:52:39.984] [bmv2] [T] [thread 7259] [64.0] [cxt 0] Bytes parsed: 14
[12:52:39.984] [bmv2] [D] [thread 7259] [64.0] [cxt 0] Parser 'parser': end
[12:52:39.984] [bmv2] [D] [thread 7259] [64.0] [cxt 0] Pipeline 'ingress': start
[12:52:39.984] [bmv2] [T] [thread 7259] [64.0] [cxt 0] Applying table 'MyIngress.ipv4_forward'
[12:52:39.984] [bmv2] [D] [thread 7259] [64.0] [cxt 0] Looking up key:
* hdr.ipv4.dstAddr    : 00000000

[12:52:39.984] [bmv2] [D] [thread 7259] [64.0] [cxt 0] Table 'MyIngress.ipv4_forward': miss
[12:52:39.984] [bmv2] [D] [thread 7259] [64.0] [cxt 0] Action entry is MyIngress.drop - 
[12:52:39.984] [bmv2] [T] [thread 7259] [64.0] [cxt 0] Action MyIngress.drop
[12:52:39.984] [bmv2] [T] [thread 7259] [64.0] [cxt 0] straggler.p4(158) Primitive mark_to_drop(standard_metadata)
[12:52:39.984] [bmv2] [T] [thread 7259] [64.0] [cxt 0] straggler.p4(288) Condition "hdr.collective.isValid()" (node_3) is false
[12:52:39.984] [bmv2] [D] [thread 7259] [64.0] [cxt 0] Pipeline 'ingress': end
[12:52:39.984] [bmv2] [D] [thread 7259] [64.0] [cxt 0] Egress port is 511
[12:52:39.984] [bmv2] [D] [thread 7259] [64.0] [cxt 0] Dropping packet at the end of ingress
[12:52:42.032] [bmv2] [D] [thread 7259] [65.0] [cxt 0] Processing packet received on port 1
[12:52:42.032] [bmv2] [D] [thread 7259] [65.0] [cxt 0] Parser 'parser': start
[12:52:42.032] [bmv2] [D] [thread 7259] [65.0] [cxt 0] Parser 'parser' entering state 'start'
[12:52:42.032] [bmv2] [D] [thread 7259] [65.0] [cxt 0] Extracting header 'ethernet'
[12:52:42.032] [bmv2] [D] [thread 7259] [65.0] [cxt 0] Parser state 'start': key is 86dd
[12:52:42.032] [bmv2] [T] [thread 7259] [65.0] [cxt 0] Bytes parsed: 14
[12:52:42.032] [bmv2] [D] [thread 7259] [65.0] [cxt 0] Parser 'parser': end
[12:52:42.032] [bmv2] [D] [thread 7259] [65.0] [cxt 0] Pipeline 'ingress': start
[12:52:42.032] [bmv2] [T] [thread 7259] [65.0] [cxt 0] Applying table 'MyIngress.ipv4_forward'
[12:52:42.032] [bmv2] [D] [thread 7259] [65.0] [cxt 0] Looking up key:
* hdr.ipv4.dstAddr    : 00000000

[12:52:42.032] [bmv2] [D] [thread 7259] [65.0] [cxt 0] Table 'MyIngress.ipv4_forward': miss
[12:52:42.032] [bmv2] [D] [thread 7259] [65.0] [cxt 0] Action entry is MyIngress.drop - 
[12:52:42.032] [bmv2] [T] [thread 7259] [65.0] [cxt 0] Action MyIngress.drop
[12:52:42.032] [bmv2] [T] [thread 7259] [65.0] [cxt 0] straggler.p4(158) Primitive mark_to_drop(standard_metadata)
[12:52:42.032] [bmv2] [T] [thread 7259] [65.0] [cxt 0] straggler.p4(288) Condition "hdr.collective.isValid()" (node_3) is false
[12:52:42.032] [bmv2] [D] [thread 7259] [65.0] [cxt 0] Pipeline 'ingress': end
[12:52:42.032] [bmv2] [D] [thread 7259] [65.0] [cxt 0] Egress port is 511
[12:52:42.032] [bmv2] [D] [thread 7259] [65.0] [cxt 0] Dropping packet at the end of ingress
[12:52:42.555] [bmv2] [D] [thread 7259] [66.0] [cxt 0] Processing packet received on port 1
[12:52:42.555] [bmv2] [D] [thread 7259] [66.0] [cxt 0] Parser 'parser': start
[12:52:42.555] [bmv2] [D] [thread 7259] [66.0] [cxt 0] Parser 'parser' entering state 'start'
[12:52:42.555] [bmv2] [D] [thread 7259] [66.0] [cxt 0] Extracting header 'ethernet'
[12:52:42.555] [bmv2] [D] [thread 7259] [66.0] [cxt 0] Parser state 'start': key is 86dd
[12:52:42.555] [bmv2] [T] [thread 7259] [66.0] [cxt 0] Bytes parsed: 14
[12:52:42.555] [bmv2] [D] [thread 7259] [66.0] [cxt 0] Parser 'parser': end
[12:52:42.555] [bmv2] [D] [thread 7259] [66.0] [cxt 0] Pipeline 'ingress': start
[12:52:42.555] [bmv2] [T] [thread 7259] [66.0] [cxt 0] Applying table 'MyIngress.ipv4_forward'
[12:52:42.555] [bmv2] [D] [thread 7259] [66.0] [cxt 0] Looking up key:
* hdr.ipv4.dstAddr    : 00000000

[12:52:42.555] [bmv2] [D] [thread 7259] [66.0] [cxt 0] Table 'MyIngress.ipv4_forward': miss
[12:52:42.555] [bmv2] [D] [thread 7259] [66.0] [cxt 0] Action entry is MyIngress.drop - 
[12:52:42.555] [bmv2] [T] [thread 7259] [66.0] [cxt 0] Action MyIngress.drop
[12:52:42.555] [bmv2] [T] [thread 7259] [66.0] [cxt 0] straggler.p4(158) Primitive mark_to_drop(standard_metadata)
[12:52:42.555] [bmv2] [T] [thread 7259] [66.0] [cxt 0] straggler.p4(288) Condition "hdr.collective.isValid()" (node_3) is false
[12:52:42.555] [bmv2] [D] [thread 7259] [66.0] [cxt 0] Pipeline 'ingress': end
[12:52:42.555] [bmv2] [D] [thread 7259] [66.0] [cxt 0] Egress port is 511
[12:52:42.555] [bmv2] [D] [thread 7259] [66.0] [cxt 0] Dropping packet at the end of ingress
[12:52:42.738] [bmv2] [D] [thread 7259] [67.0] [cxt 0] Processing packet received on port 2
[12:52:42.738] [bmv2] [D] [thread 7259] [67.0] [cxt 0] Parser 'parser': start
[12:52:42.738] [bmv2] [D] [thread 7259] [67.0] [cxt 0] Parser 'parser' entering state 'start'
[12:52:42.738] [bmv2] [D] [thread 7259] [67.0] [cxt 0] Extracting header 'ethernet'
[12:52:42.738] [bmv2] [D] [thread 7259] [67.0] [cxt 0] Parser state 'start': key is 86dd
[12:52:42.738] [bmv2] [T] [thread 7259] [67.0] [cxt 0] Bytes parsed: 14
[12:52:42.738] [bmv2] [D] [thread 7259] [67.0] [cxt 0] Parser 'parser': end
[12:52:42.739] [bmv2] [D] [thread 7259] [67.0] [cxt 0] Pipeline 'ingress': start
[12:52:42.739] [bmv2] [T] [thread 7259] [67.0] [cxt 0] Applying table 'MyIngress.ipv4_forward'
[12:52:42.739] [bmv2] [D] [thread 7259] [67.0] [cxt 0] Looking up key:
* hdr.ipv4.dstAddr    : 00000000

[12:52:42.739] [bmv2] [D] [thread 7259] [67.0] [cxt 0] Table 'MyIngress.ipv4_forward': miss
[12:52:42.739] [bmv2] [D] [thread 7259] [67.0] [cxt 0] Action entry is MyIngress.drop - 
[12:52:42.739] [bmv2] [T] [thread 7259] [67.0] [cxt 0] Action MyIngress.drop
[12:52:42.739] [bmv2] [T] [thread 7259] [67.0] [cxt 0] straggler.p4(158) Primitive mark_to_drop(standard_metadata)
[12:52:42.739] [bmv2] [T] [thread 7259] [67.0] [cxt 0] straggler.p4(288) Condition "hdr.collective.isValid()" (node_3) is false
[12:52:42.739] [bmv2] [D] [thread 7259] [67.0] [cxt 0] Pipeline 'ingress': end
[12:52:42.739] [bmv2] [D] [thread 7259] [67.0] [cxt 0] Egress port is 511
[12:52:42.739] [bmv2] [D] [thread 7259] [67.0] [cxt 0] Dropping packet at the end of ingress
[12:52:43.055] [bmv2] [D] [thread 7259] [68.0] [cxt 0] Processing packet received on port 1
[12:52:43.055] [bmv2] [D] [thread 7259] [68.0] [cxt 0] Parser 'parser': start
[12:52:43.055] [bmv2] [D] [thread 7259] [68.0] [cxt 0] Parser 'parser' entering state 'start'
[12:52:43.055] [bmv2] [D] [thread 7259] [68.0] [cxt 0] Extracting header 'ethernet'
[12:52:43.056] [bmv2] [D] [thread 7259] [68.0] [cxt 0] Parser state 'start': key is 86dd
[12:52:43.056] [bmv2] [T] [thread 7259] [68.0] [cxt 0] Bytes parsed: 14
[12:52:43.056] [bmv2] [D] [thread 7259] [68.0] [cxt 0] Parser 'parser': end
[12:52:43.056] [bmv2] [D] [thread 7259] [68.0] [cxt 0] Pipeline 'ingress': start
[12:52:43.056] [bmv2] [T] [thread 7259] [68.0] [cxt 0] Applying table 'MyIngress.ipv4_forward'
[12:52:43.056] [bmv2] [D] [thread 7259] [68.0] [cxt 0] Looking up key:
* hdr.ipv4.dstAddr    : 00000000

[12:52:43.056] [bmv2] [D] [thread 7259] [68.0] [cxt 0] Table 'MyIngress.ipv4_forward': miss
[12:52:43.056] [bmv2] [D] [thread 7259] [68.0] [cxt 0] Action entry is MyIngress.drop - 
[12:52:43.056] [bmv2] [T] [thread 7259] [68.0] [cxt 0] Action MyIngress.drop
[12:52:43.056] [bmv2] [T] [thread 7259] [68.0] [cxt 0] straggler.p4(158) Primitive mark_to_drop(standard_metadata)
[12:52:43.056] [bmv2] [T] [thread 7259] [68.0] [cxt 0] straggler.p4(288) Condition "hdr.collective.isValid()" (node_3) is false
[12:52:43.056] [bmv2] [D] [thread 7259] [68.0] [cxt 0] Pipeline 'ingress': end
[12:52:43.056] [bmv2] [D] [thread 7259] [68.0] [cxt 0] Egress port is 511
[12:52:43.056] [bmv2] [D] [thread 7259] [68.0] [cxt 0] Dropping packet at the end of ingress
[12:52:43.122] [bmv2] [D] [thread 7259] [69.0] [cxt 0] Processing packet received on port 1
[12:52:43.122] [bmv2] [D] [thread 7259] [69.0] [cxt 0] Parser 'parser': start
[12:52:43.122] [bmv2] [D] [thread 7259] [69.0] [cxt 0] Parser 'parser' entering state 'start'
[12:52:43.122] [bmv2] [D] [thread 7259] [69.0] [cxt 0] Extracting header 'ethernet'
[12:52:43.122] [bmv2] [D] [thread 7259] [69.0] [cxt 0] Parser state 'start': key is 86dd
[12:52:43.122] [bmv2] [T] [thread 7259] [69.0] [cxt 0] Bytes parsed: 14
[12:52:43.122] [bmv2] [D] [thread 7259] [69.0] [cxt 0] Parser 'parser': end
[12:52:43.122] [bmv2] [D] [thread 7259] [69.0] [cxt 0] Pipeline 'ingress': start
[12:52:43.122] [bmv2] [T] [thread 7259] [69.0] [cxt 0] Applying table 'MyIngress.ipv4_forward'
[12:52:43.122] [bmv2] [D] [thread 7259] [69.0] [cxt 0] Looking up key:
* hdr.ipv4.dstAddr    : 00000000

[12:52:43.122] [bmv2] [D] [thread 7259] [69.0] [cxt 0] Table 'MyIngress.ipv4_forward': miss
[12:52:43.122] [bmv2] [D] [thread 7259] [69.0] [cxt 0] Action entry is MyIngress.drop - 
[12:52:43.122] [bmv2] [T] [thread 7259] [69.0] [cxt 0] Action MyIngress.drop
[12:52:43.122] [bmv2] [T] [thread 7259] [69.0] [cxt 0] straggler.p4(158) Primitive mark_to_drop(standard_metadata)
[12:52:43.122] [bmv2] [T] [thread 7259] [69.0] [cxt 0] straggler.p4(288) Condition "hdr.collective.isValid()" (node_3) is false
[12:52:43.122] [bmv2] [D] [thread 7259] [69.0] [cxt 0] Pipeline 'ingress': end
[12:52:43.122] [bmv2] [D] [thread 7259] [69.0] [cxt 0] Egress port is 511
[12:52:43.122] [bmv2] [D] [thread 7259] [69.0] [cxt 0] Dropping packet at the end of ingress
[12:53:08.657] [bmv2] [D] [thread 7259] [70.0] [cxt 0] Processing packet received on port 2
[12:53:08.657] [bmv2] [D] [thread 7259] [70.0] [cxt 0] Parser 'parser': start
[12:53:08.657] [bmv2] [D] [thread 7259] [70.0] [cxt 0] Parser 'parser' entering state 'start'
[12:53:08.657] [bmv2] [D] [thread 7259] [70.0] [cxt 0] Extracting header 'ethernet'
[12:53:08.657] [bmv2] [D] [thread 7259] [70.0] [cxt 0] Parser state 'start': key is 86dd
[12:53:08.657] [bmv2] [T] [thread 7259] [70.0] [cxt 0] Bytes parsed: 14
[12:53:08.657] [bmv2] [D] [thread 7259] [70.0] [cxt 0] Parser 'parser': end
[12:53:08.657] [bmv2] [D] [thread 7259] [70.0] [cxt 0] Pipeline 'ingress': start
[12:53:08.657] [bmv2] [T] [thread 7259] [70.0] [cxt 0] Applying table 'MyIngress.ipv4_forward'
[12:53:08.657] [bmv2] [D] [thread 7259] [70.0] [cxt 0] Looking up key:
* hdr.ipv4.dstAddr    : 00000000

[12:53:08.657] [bmv2] [D] [thread 7259] [70.0] [cxt 0] Table 'MyIngress.ipv4_forward': miss
[12:53:08.657] [bmv2] [D] [thread 7259] [70.0] [cxt 0] Action entry is MyIngress.drop - 
[12:53:08.657] [bmv2] [T] [thread 7259] [70.0] [cxt 0] Action MyIngress.drop
[12:53:08.657] [bmv2] [T] [thread 7259] [70.0] [cxt 0] straggler.p4(158) Primitive mark_to_drop(standard_metadata)
[12:53:08.658] [bmv2] [T] [thread 7259] [70.0] [cxt 0] straggler.p4(288) Condition "hdr.collective.isValid()" (node_3) is false
[12:53:08.658] [bmv2] [D] [thread 7259] [70.0] [cxt 0] Pipeline 'ingress': end
[12:53:08.658] [bmv2] [D] [thread 7259] [70.0] [cxt 0] Egress port is 511
[12:53:08.658] [bmv2] [D] [thread 7259] [70.0] [cxt 0] Dropping packet at the end of ingress
[12:53:12.241] [bmv2] [D] [thread 7259] [71.0] [cxt 0] Processing packet received on port 2
[12:53:12.241] [bmv2] [D] [thread 7259] [71.0] [cxt 0] Parser 'parser': start
[12:53:12.241] [bmv2] [D] [thread 7259] [71.0] [cxt 0] Parser 'parser' entering state 'start'
[12:53:12.241] [bmv2] [D] [thread 7259] [71.0] [cxt 0] Extracting header 'ethernet'
[12:53:12.241] [bmv2] [D] [thread 7259] [71.0] [cxt 0] Parser state 'start': key is 86dd
[12:53:12.241] [bmv2] [T] [thread 7259] [71.0] [cxt 0] Bytes parsed: 14
[12:53:12.241] [bmv2] [D] [thread 7259] [71.0] [cxt 0] Parser 'parser': end
[12:53:12.241] [bmv2] [D] [thread 7259] [71.0] [cxt 0] Pipeline 'ingress': start
[12:53:12.242] [bmv2] [T] [thread 7259] [71.0] [cxt 0] Applying table 'MyIngress.ipv4_forward'
[12:53:12.242] [bmv2] [D] [thread 7259] [71.0] [cxt 0] Looking up key:
* hdr.ipv4.dstAddr    : 00000000

[12:53:12.242] [bmv2] [D] [thread 7259] [71.0] [cxt 0] Table 'MyIngress.ipv4_forward': miss
[12:53:12.242] [bmv2] [D] [thread 7259] [71.0] [cxt 0] Action entry is MyIngress.drop - 
[12:53:12.242] [bmv2] [T] [thread 7259] [71.0] [cxt 0] Action MyIngress.drop
[12:53:12.242] [bmv2] [T] [thread 7259] [71.0] [cxt 0] straggler.p4(158) Primitive mark_to_drop(standard_metadata)
[12:53:12.242] [bmv2] [T] [thread 7259] [71.0] [cxt 0] straggler.p4(288) Condition "hdr.collective.isValid()" (node_3) is false
[12:53:12.242] [bmv2] [D] [thread 7259] [71.0] [cxt 0] Pipeline 'ingress': end
[12:53:12.242] [bmv2] [D] [thread 7259] [71.0] [cxt 0] Egress port is 511
[12:53:12.242] [bmv2] [D] [thread 7259] [71.0] [cxt 0] Dropping packet at the end of ingress
[12:53:14.556] [bmv2] [D] [thread 7259] [72.0] [cxt 0] Processing packet received on port 1
[12:53:14.556] [bmv2] [D] [thread 7259] [72.0] [cxt 0] Parser 'parser': start
[12:53:14.556] [bmv2] [D] [thread 7259] [72.0] [cxt 0] Parser 'parser' entering state 'start'
[12:53:14.556] [bmv2] [D] [thread 7259] [72.0] [cxt 0] Extracting header 'ethernet'
[12:53:14.556] [bmv2] [D] [thread 7259] [72.0] [cxt 0] Parser state 'start': key is 86dd
[12:53:14.556] [bmv2] [T] [thread 7259] [72.0] [cxt 0] Bytes parsed: 14
[12:53:14.556] [bmv2] [D] [thread 7259] [72.0] [cxt 0] Parser 'parser': end
[12:53:14.556] [bmv2] [D] [thread 7259] [72.0] [cxt 0] Pipeline 'ingress': start
[12:53:14.556] [bmv2] [T] [thread 7259] [72.0] [cxt 0] Applying table 'MyIngress.ipv4_forward'
[12:53:14.556] [bmv2] [D] [thread 7259] [72.0] [cxt 0] Looking up key:
* hdr.ipv4.dstAddr    : 00000000

[12:53:14.556] [bmv2] [D] [thread 7259] [72.0] [cxt 0] Table 'MyIngress.ipv4_forward': miss
[12:53:14.556] [bmv2] [D] [thread 7259] [72.0] [cxt 0] Action entry is MyIngress.drop - 
[12:53:14.556] [bmv2] [T] [thread 7259] [72.0] [cxt 0] Action MyIngress.drop
[12:53:14.556] [bmv2] [T] [thread 7259] [72.0] [cxt 0] straggler.p4(158) Primitive mark_to_drop(standard_metadata)
[12:53:14.556] [bmv2] [T] [thread 7259] [72.0] [cxt 0] straggler.p4(288) Condition "hdr.collective.isValid()" (node_3) is false
[12:53:14.556] [bmv2] [D] [thread 7259] [72.0] [cxt 0] Pipeline 'ingress': end
[12:53:14.556] [bmv2] [D] [thread 7259] [72.0] [cxt 0] Egress port is 511
[12:53:14.556] [bmv2] [D] [thread 7259] [72.0] [cxt 0] Dropping packet at the end of ingress
[12:53:14.739] [bmv2] [D] [thread 7259] [73.0] [cxt 0] Processing packet received on port 2
[12:53:14.739] [bmv2] [D] [thread 7259] [73.0] [cxt 0] Parser 'parser': start
[12:53:14.739] [bmv2] [D] [thread 7259] [73.0] [cxt 0] Parser 'parser' entering state 'start'
[12:53:14.739] [bmv2] [D] [thread 7259] [73.0] [cxt 0] Extracting header 'ethernet'
[12:53:14.739] [bmv2] [D] [thread 7259] [73.0] [cxt 0] Parser state 'start': key is 86dd
[12:53:14.739] [bmv2] [T] [thread 7259] [73.0] [cxt 0] Bytes parsed: 14
[12:53:14.739] [bmv2] [D] [thread 7259] [73.0] [cxt 0] Parser 'parser': end
[12:53:14.739] [bmv2] [D] [thread 7259] [73.0] [cxt 0] Pipeline 'ingress': start
[12:53:14.739] [bmv2] [T] [thread 7259] [73.0] [cxt 0] Applying table 'MyIngress.ipv4_forward'
[12:53:14.739] [bmv2] [D] [thread 7259] [73.0] [cxt 0] Looking up key:
* hdr.ipv4.dstAddr    : 00000000

[12:53:14.739] [bmv2] [D] [thread 7259] [73.0] [cxt 0] Table 'MyIngress.ipv4_forward': miss
[12:53:14.739] [bmv2] [D] [thread 7259] [73.0] [cxt 0] Action entry is MyIngress.drop - 
[12:53:14.739] [bmv2] [T] [thread 7259] [73.0] [cxt 0] Action MyIngress.drop
[12:53:14.739] [bmv2] [T] [thread 7259] [73.0] [cxt 0] straggler.p4(158) Primitive mark_to_drop(standard_metadata)
[12:53:14.739] [bmv2] [T] [thread 7259] [73.0] [cxt 0] straggler.p4(288) Condition "hdr.collective.isValid()" (node_3) is false
[12:53:14.739] [bmv2] [D] [thread 7259] [73.0] [cxt 0] Pipeline 'ingress': end
[12:53:14.739] [bmv2] [D] [thread 7259] [73.0] [cxt 0] Egress port is 511
[12:53:14.739] [bmv2] [D] [thread 7259] [73.0] [cxt 0] Dropping packet at the end of ingress
[12:53:15.122] [bmv2] [D] [thread 7259] [74.0] [cxt 0] Processing packet received on port 1
[12:53:15.123] [bmv2] [D] [thread 7259] [74.0] [cxt 0] Parser 'parser': start
[12:53:15.123] [bmv2] [D] [thread 7259] [74.0] [cxt 0] Parser 'parser' entering state 'start'
[12:53:15.123] [bmv2] [D] [thread 7259] [74.0] [cxt 0] Extracting header 'ethernet'
[12:53:15.123] [bmv2] [D] [thread 7259] [74.0] [cxt 0] Parser state 'start': key is 86dd
[12:53:15.123] [bmv2] [T] [thread 7259] [74.0] [cxt 0] Bytes parsed: 14
[12:53:15.123] [bmv2] [D] [thread 7259] [74.0] [cxt 0] Parser 'parser': end
[12:53:15.123] [bmv2] [D] [thread 7259] [74.0] [cxt 0] Pipeline 'ingress': start
[12:53:15.123] [bmv2] [T] [thread 7259] [74.0] [cxt 0] Applying table 'MyIngress.ipv4_forward'
[12:53:15.123] [bmv2] [D] [thread 7259] [74.0] [cxt 0] Looking up key:
* hdr.ipv4.dstAddr    : 00000000

[12:53:15.123] [bmv2] [D] [thread 7259] [74.0] [cxt 0] Table 'MyIngress.ipv4_forward': miss
[12:53:15.123] [bmv2] [D] [thread 7259] [74.0] [cxt 0] Action entry is MyIngress.drop - 
[12:53:15.123] [bmv2] [T] [thread 7259] [74.0] [cxt 0] Action MyIngress.drop
[12:53:15.123] [bmv2] [T] [thread 7259] [74.0] [cxt 0] straggler.p4(158) Primitive mark_to_drop(standard_metadata)
[12:53:15.123] [bmv2] [T] [thread 7259] [74.0] [cxt 0] straggler.p4(288) Condition "hdr.collective.isValid()" (node_3) is false
[12:53:15.123] [bmv2] [D] [thread 7259] [74.0] [cxt 0] Pipeline 'ingress': end
[12:53:15.123] [bmv2] [D] [thread 7259] [74.0] [cxt 0] Egress port is 511
[12:53:15.123] [bmv2] [D] [thread 7259] [74.0] [cxt 0] Dropping packet at the end of ingress
[12:53:16.336] [bmv2] [D] [thread 7259] [75.0] [cxt 0] Processing packet received on port 1
[12:53:16.336] [bmv2] [D] [thread 7259] [75.0] [cxt 0] Parser 'parser': start
[12:53:16.336] [bmv2] [D] [thread 7259] [75.0] [cxt 0] Parser 'parser' entering state 'start'
[12:53:16.336] [bmv2] [D] [thread 7259] [75.0] [cxt 0] Extracting header 'ethernet'
[12:53:16.337] [bmv2] [D] [thread 7259] [75.0] [cxt 0] Parser state 'start': key is 86dd
[12:53:16.337] [bmv2] [T] [thread 7259] [75.0] [cxt 0] Bytes parsed: 14
[12:53:16.337] [bmv2] [D] [thread 7259] [75.0] [cxt 0] Parser 'parser': end
[12:53:16.337] [bmv2] [D] [thread 7259] [75.0] [cxt 0] Pipeline 'ingress': start
[12:53:16.337] [bmv2] [T] [thread 7259] [75.0] [cxt 0] Applying table 'MyIngress.ipv4_forward'
[12:53:16.337] [bmv2] [D] [thread 7259] [75.0] [cxt 0] Looking up key:
* hdr.ipv4.dstAddr    : 00000000

[12:53:16.337] [bmv2] [D] [thread 7259] [75.0] [cxt 0] Table 'MyIngress.ipv4_forward': miss
[12:53:16.337] [bmv2] [D] [thread 7259] [75.0] [cxt 0] Action entry is MyIngress.drop - 
[12:53:16.337] [bmv2] [T] [thread 7259] [75.0] [cxt 0] Action MyIngress.drop
[12:53:16.337] [bmv2] [T] [thread 7259] [75.0] [cxt 0] straggler.p4(158) Primitive mark_to_drop(standard_metadata)
[12:53:16.337] [bmv2] [T] [thread 7259] [75.0] [cxt 0] straggler.p4(288) Condition "hdr.collective.isValid()" (node_3) is false
[12:53:16.337] [bmv2] [D] [thread 7259] [75.0] [cxt 0] Pipeline 'ingress': end
[12:53:16.337] [bmv2] [D] [thread 7259] [75.0] [cxt 0] Egress port is 511
[12:53:16.337] [bmv2] [D] [thread 7259] [75.0] [cxt 0] Dropping packet at the end of ingress
[12:53:20.434] [bmv2] [D] [thread 7259] [76.0] [cxt 0] Processing packet received on port 1
[12:53:20.434] [bmv2] [D] [thread 7259] [76.0] [cxt 0] Parser 'parser': start
[12:53:20.434] [bmv2] [D] [thread 7259] [76.0] [cxt 0] Parser 'parser' entering state 'start'
[12:53:20.434] [bmv2] [D] [thread 7259] [76.0] [cxt 0] Extracting header 'ethernet'
[12:53:20.434] [bmv2] [D] [thread 7259] [76.0] [cxt 0] Parser state 'start': key is 86dd
[12:53:20.434] [bmv2] [T] [thread 7259] [76.0] [cxt 0] Bytes parsed: 14
[12:53:20.434] [bmv2] [D] [thread 7259] [76.0] [cxt 0] Parser 'parser': end
[12:53:20.434] [bmv2] [D] [thread 7259] [76.0] [cxt 0] Pipeline 'ingress': start
[12:53:20.434] [bmv2] [T] [thread 7259] [76.0] [cxt 0] Applying table 'MyIngress.ipv4_forward'
[12:53:20.434] [bmv2] [D] [thread 7259] [76.0] [cxt 0] Looking up key:
* hdr.ipv4.dstAddr    : 00000000

[12:53:20.434] [bmv2] [D] [thread 7259] [76.0] [cxt 0] Table 'MyIngress.ipv4_forward': miss
[12:53:20.434] [bmv2] [D] [thread 7259] [76.0] [cxt 0] Action entry is MyIngress.drop - 
[12:53:20.434] [bmv2] [T] [thread 7259] [76.0] [cxt 0] Action MyIngress.drop
[12:53:20.434] [bmv2] [T] [thread 7259] [76.0] [cxt 0] straggler.p4(158) Primitive mark_to_drop(standard_metadata)
[12:53:20.435] [bmv2] [T] [thread 7259] [76.0] [cxt 0] straggler.p4(288) Condition "hdr.collective.isValid()" (node_3) is false
[12:53:20.435] [bmv2] [D] [thread 7259] [76.0] [cxt 0] Pipeline 'ingress': end
[12:53:20.435] [bmv2] [D] [thread 7259] [76.0] [cxt 0] Egress port is 511
[12:53:20.435] [bmv2] [D] [thread 7259] [76.0] [cxt 0] Dropping packet at the end of ingress
[12:54:13.681] [bmv2] [D] [thread 7259] [77.0] [cxt 0] Processing packet received on port 2
[12:54:13.682] [bmv2] [D] [thread 7259] [77.0] [cxt 0] Parser 'parser': start
[12:54:13.682] [bmv2] [D] [thread 7259] [77.0] [cxt 0] Parser 'parser' entering state 'start'
[12:54:13.682] [bmv2] [D] [thread 7259] [77.0] [cxt 0] Extracting header 'ethernet'
[12:54:13.682] [bmv2] [D] [thread 7259] [77.0] [cxt 0] Parser state 'start': key is 86dd
[12:54:13.682] [bmv2] [T] [thread 7259] [77.0] [cxt 0] Bytes parsed: 14
[12:54:13.682] [bmv2] [D] [thread 7259] [77.0] [cxt 0] Parser 'parser': end
[12:54:13.682] [bmv2] [D] [thread 7259] [77.0] [cxt 0] Pipeline 'ingress': start
[12:54:13.682] [bmv2] [T] [thread 7259] [77.0] [cxt 0] Applying table 'MyIngress.ipv4_forward'
[12:54:13.682] [bmv2] [D] [thread 7259] [77.0] [cxt 0] Looking up key:
* hdr.ipv4.dstAddr    : 00000000

[12:54:13.682] [bmv2] [D] [thread 7259] [77.0] [cxt 0] Table 'MyIngress.ipv4_forward': miss
[12:54:13.682] [bmv2] [D] [thread 7259] [77.0] [cxt 0] Action entry is MyIngress.drop - 
[12:54:13.682] [bmv2] [T] [thread 7259] [77.0] [cxt 0] Action MyIngress.drop
[12:54:13.682] [bmv2] [T] [thread 7259] [77.0] [cxt 0] straggler.p4(158) Primitive mark_to_drop(standard_metadata)
[12:54:13.682] [bmv2] [T] [thread 7259] [77.0] [cxt 0] straggler.p4(288) Condition "hdr.collective.isValid()" (node_3) is false
[12:54:13.682] [bmv2] [D] [thread 7259] [77.0] [cxt 0] Pipeline 'ingress': end
[12:54:13.682] [bmv2] [D] [thread 7259] [77.0] [cxt 0] Egress port is 511
[12:54:13.682] [bmv2] [D] [thread 7259] [77.0] [cxt 0] Dropping packet at the end of ingress
[12:54:17.776] [bmv2] [D] [thread 7259] [78.0] [cxt 0] Processing packet received on port 2
[12:54:17.776] [bmv2] [D] [thread 7259] [78.0] [cxt 0] Parser 'parser': start
[12:54:17.776] [bmv2] [D] [thread 7259] [78.0] [cxt 0] Parser 'parser' entering state 'start'
[12:54:17.776] [bmv2] [D] [thread 7259] [78.0] [cxt 0] Extracting header 'ethernet'
[12:54:17.777] [bmv2] [D] [thread 7259] [78.0] [cxt 0] Parser state 'start': key is 86dd
[12:54:17.777] [bmv2] [T] [thread 7259] [78.0] [cxt 0] Bytes parsed: 14
[12:54:17.777] [bmv2] [D] [thread 7259] [78.0] [cxt 0] Parser 'parser': end
[12:54:17.777] [bmv2] [D] [thread 7259] [78.0] [cxt 0] Pipeline 'ingress': start
[12:54:17.777] [bmv2] [T] [thread 7259] [78.0] [cxt 0] Applying table 'MyIngress.ipv4_forward'
[12:54:17.777] [bmv2] [D] [thread 7259] [78.0] [cxt 0] Looking up key:
* hdr.ipv4.dstAddr    : 00000000

[12:54:17.777] [bmv2] [D] [thread 7259] [78.0] [cxt 0] Table 'MyIngress.ipv4_forward': miss
[12:54:17.777] [bmv2] [D] [thread 7259] [78.0] [cxt 0] Action entry is MyIngress.drop - 
[12:54:17.777] [bmv2] [T] [thread 7259] [78.0] [cxt 0] Action MyIngress.drop
[12:54:17.777] [bmv2] [T] [thread 7259] [78.0] [cxt 0] straggler.p4(158) Primitive mark_to_drop(standard_metadata)
[12:54:17.777] [bmv2] [T] [thread 7259] [78.0] [cxt 0] straggler.p4(288) Condition "hdr.collective.isValid()" (node_3) is false
[12:54:17.777] [bmv2] [D] [thread 7259] [78.0] [cxt 0] Pipeline 'ingress': end
[12:54:17.777] [bmv2] [D] [thread 7259] [78.0] [cxt 0] Egress port is 511
[12:54:17.777] [bmv2] [D] [thread 7259] [78.0] [cxt 0] Dropping packet at the end of ingress
[12:54:18.557] [bmv2] [D] [thread 7259] [79.0] [cxt 0] Processing packet received on port 1
[12:54:18.557] [bmv2] [D] [thread 7259] [79.0] [cxt 0] Parser 'parser': start
[12:54:18.557] [bmv2] [D] [thread 7259] [79.0] [cxt 0] Parser 'parser' entering state 'start'
[12:54:18.557] [bmv2] [D] [thread 7259] [79.0] [cxt 0] Extracting header 'ethernet'
[12:54:18.557] [bmv2] [D] [thread 7259] [79.0] [cxt 0] Parser state 'start': key is 86dd
[12:54:18.557] [bmv2] [T] [thread 7259] [79.0] [cxt 0] Bytes parsed: 14
[12:54:18.557] [bmv2] [D] [thread 7259] [79.0] [cxt 0] Parser 'parser': end
[12:54:18.557] [bmv2] [D] [thread 7259] [79.0] [cxt 0] Pipeline 'ingress': start
[12:54:18.557] [bmv2] [T] [thread 7259] [79.0] [cxt 0] Applying table 'MyIngress.ipv4_forward'
[12:54:18.557] [bmv2] [D] [thread 7259] [79.0] [cxt 0] Looking up key:
* hdr.ipv4.dstAddr    : 00000000

[12:54:18.557] [bmv2] [D] [thread 7259] [79.0] [cxt 0] Table 'MyIngress.ipv4_forward': miss
[12:54:18.557] [bmv2] [D] [thread 7259] [79.0] [cxt 0] Action entry is MyIngress.drop - 
[12:54:18.557] [bmv2] [T] [thread 7259] [79.0] [cxt 0] Action MyIngress.drop
[12:54:18.557] [bmv2] [T] [thread 7259] [79.0] [cxt 0] straggler.p4(158) Primitive mark_to_drop(standard_metadata)
[12:54:18.557] [bmv2] [T] [thread 7259] [79.0] [cxt 0] straggler.p4(288) Condition "hdr.collective.isValid()" (node_3) is false
[12:54:18.557] [bmv2] [D] [thread 7259] [79.0] [cxt 0] Pipeline 'ingress': end
[12:54:18.557] [bmv2] [D] [thread 7259] [79.0] [cxt 0] Egress port is 511
[12:54:18.557] [bmv2] [D] [thread 7259] [79.0] [cxt 0] Dropping packet at the end of ingress
[12:54:18.740] [bmv2] [D] [thread 7259] [80.0] [cxt 0] Processing packet received on port 2
[12:54:18.740] [bmv2] [D] [thread 7259] [80.0] [cxt 0] Parser 'parser': start
[12:54:18.740] [bmv2] [D] [thread 7259] [80.0] [cxt 0] Parser 'parser' entering state 'start'
[12:54:18.740] [bmv2] [D] [thread 7259] [80.0] [cxt 0] Extracting header 'ethernet'
[12:54:18.740] [bmv2] [D] [thread 7259] [80.0] [cxt 0] Parser state 'start': key is 86dd
[12:54:18.740] [bmv2] [T] [thread 7259] [80.0] [cxt 0] Bytes parsed: 14
[12:54:18.740] [bmv2] [D] [thread 7259] [80.0] [cxt 0] Parser 'parser': end
[12:54:18.740] [bmv2] [D] [thread 7259] [80.0] [cxt 0] Pipeline 'ingress': start
[12:54:18.740] [bmv2] [T] [thread 7259] [80.0] [cxt 0] Applying table 'MyIngress.ipv4_forward'
[12:54:18.740] [bmv2] [D] [thread 7259] [80.0] [cxt 0] Looking up key:
* hdr.ipv4.dstAddr    : 00000000

[12:54:18.740] [bmv2] [D] [thread 7259] [80.0] [cxt 0] Table 'MyIngress.ipv4_forward': miss
[12:54:18.740] [bmv2] [D] [thread 7259] [80.0] [cxt 0] Action entry is MyIngress.drop - 
[12:54:18.740] [bmv2] [T] [thread 7259] [80.0] [cxt 0] Action MyIngress.drop
[12:54:18.740] [bmv2] [T] [thread 7259] [80.0] [cxt 0] straggler.p4(158) Primitive mark_to_drop(standard_metadata)
[12:54:18.740] [bmv2] [T] [thread 7259] [80.0] [cxt 0] straggler.p4(288) Condition "hdr.collective.isValid()" (node_3) is false
[12:54:18.740] [bmv2] [D] [thread 7259] [80.0] [cxt 0] Pipeline 'ingress': end
[12:54:18.740] [bmv2] [D] [thread 7259] [80.0] [cxt 0] Egress port is 511
[12:54:18.740] [bmv2] [D] [thread 7259] [80.0] [cxt 0] Dropping packet at the end of ingress
[12:54:19.123] [bmv2] [D] [thread 7259] [81.0] [cxt 0] Processing packet received on port 1
[12:54:19.123] [bmv2] [D] [thread 7259] [81.0] [cxt 0] Parser 'parser': start
[12:54:19.123] [bmv2] [D] [thread 7259] [81.0] [cxt 0] Parser 'parser' entering state 'start'
[12:54:19.123] [bmv2] [D] [thread 7259] [81.0] [cxt 0] Extracting header 'ethernet'
[12:54:19.123] [bmv2] [D] [thread 7259] [81.0] [cxt 0] Parser state 'start': key is 86dd
[12:54:19.124] [bmv2] [T] [thread 7259] [81.0] [cxt 0] Bytes parsed: 14
[12:54:19.124] [bmv2] [D] [thread 7259] [81.0] [cxt 0] Parser 'parser': end
[12:54:19.124] [bmv2] [D] [thread 7259] [81.0] [cxt 0] Pipeline 'ingress': start
[12:54:19.124] [bmv2] [T] [thread 7259] [81.0] [cxt 0] Applying table 'MyIngress.ipv4_forward'
[12:54:19.124] [bmv2] [D] [thread 7259] [81.0] [cxt 0] Looking up key:
* hdr.ipv4.dstAddr    : 00000000

[12:54:19.124] [bmv2] [D] [thread 7259] [81.0] [cxt 0] Table 'MyIngress.ipv4_forward': miss
[12:54:19.124] [bmv2] [D] [thread 7259] [81.0] [cxt 0] Action entry is MyIngress.drop - 
[12:54:19.124] [bmv2] [T] [thread 7259] [81.0] [cxt 0] Action MyIngress.drop
[12:54:19.124] [bmv2] [T] [thread 7259] [81.0] [cxt 0] straggler.p4(158) Primitive mark_to_drop(standard_metadata)
[12:54:19.124] [bmv2] [T] [thread 7259] [81.0] [cxt 0] straggler.p4(288) Condition "hdr.collective.isValid()" (node_3) is false
[12:54:19.124] [bmv2] [D] [thread 7259] [81.0] [cxt 0] Pipeline 'ingress': end
[12:54:19.124] [bmv2] [D] [thread 7259] [81.0] [cxt 0] Egress port is 511
[12:54:19.124] [bmv2] [D] [thread 7259] [81.0] [cxt 0] Dropping packet at the end of ingress
[12:54:21.875] [bmv2] [D] [thread 7259] [82.0] [cxt 0] Processing packet received on port 1
[12:54:21.875] [bmv2] [D] [thread 7259] [82.0] [cxt 0] Parser 'parser': start
[12:54:21.875] [bmv2] [D] [thread 7259] [82.0] [cxt 0] Parser 'parser' entering state 'start'
[12:54:21.875] [bmv2] [D] [thread 7259] [82.0] [cxt 0] Extracting header 'ethernet'
[12:54:21.875] [bmv2] [D] [thread 7259] [82.0] [cxt 0] Parser state 'start': key is 86dd
[12:54:21.876] [bmv2] [T] [thread 7259] [82.0] [cxt 0] Bytes parsed: 14
[12:54:21.876] [bmv2] [D] [thread 7259] [82.0] [cxt 0] Parser 'parser': end
[12:54:21.876] [bmv2] [D] [thread 7259] [82.0] [cxt 0] Pipeline 'ingress': start
[12:54:21.876] [bmv2] [T] [thread 7259] [82.0] [cxt 0] Applying table 'MyIngress.ipv4_forward'
[12:54:21.876] [bmv2] [D] [thread 7259] [82.0] [cxt 0] Looking up key:
* hdr.ipv4.dstAddr    : 00000000

[12:54:21.876] [bmv2] [D] [thread 7259] [82.0] [cxt 0] Table 'MyIngress.ipv4_forward': miss
[12:54:21.876] [bmv2] [D] [thread 7259] [82.0] [cxt 0] Action entry is MyIngress.drop - 
[12:54:21.876] [bmv2] [T] [thread 7259] [82.0] [cxt 0] Action MyIngress.drop
[12:54:21.876] [bmv2] [T] [thread 7259] [82.0] [cxt 0] straggler.p4(158) Primitive mark_to_drop(standard_metadata)
[12:54:21.876] [bmv2] [T] [thread 7259] [82.0] [cxt 0] straggler.p4(288) Condition "hdr.collective.isValid()" (node_3) is false
[12:54:21.876] [bmv2] [D] [thread 7259] [82.0] [cxt 0] Pipeline 'ingress': end
[12:54:21.876] [bmv2] [D] [thread 7259] [82.0] [cxt 0] Egress port is 511
[12:54:21.876] [bmv2] [D] [thread 7259] [82.0] [cxt 0] Dropping packet at the end of ingress
[12:54:30.067] [bmv2] [D] [thread 7259] [83.0] [cxt 0] Processing packet received on port 1
[12:54:30.067] [bmv2] [D] [thread 7259] [83.0] [cxt 0] Parser 'parser': start
[12:54:30.067] [bmv2] [D] [thread 7259] [83.0] [cxt 0] Parser 'parser' entering state 'start'
[12:54:30.067] [bmv2] [D] [thread 7259] [83.0] [cxt 0] Extracting header 'ethernet'
[12:54:30.067] [bmv2] [D] [thread 7259] [83.0] [cxt 0] Parser state 'start': key is 86dd
[12:54:30.067] [bmv2] [T] [thread 7259] [83.0] [cxt 0] Bytes parsed: 14
[12:54:30.067] [bmv2] [D] [thread 7259] [83.0] [cxt 0] Parser 'parser': end
[12:54:30.068] [bmv2] [D] [thread 7259] [83.0] [cxt 0] Pipeline 'ingress': start
[12:54:30.068] [bmv2] [T] [thread 7259] [83.0] [cxt 0] Applying table 'MyIngress.ipv4_forward'
[12:54:30.068] [bmv2] [D] [thread 7259] [83.0] [cxt 0] Looking up key:
* hdr.ipv4.dstAddr    : 00000000

[12:54:30.068] [bmv2] [D] [thread 7259] [83.0] [cxt 0] Table 'MyIngress.ipv4_forward': miss
[12:54:30.068] [bmv2] [D] [thread 7259] [83.0] [cxt 0] Action entry is MyIngress.drop - 
[12:54:30.068] [bmv2] [T] [thread 7259] [83.0] [cxt 0] Action MyIngress.drop
[12:54:30.068] [bmv2] [T] [thread 7259] [83.0] [cxt 0] straggler.p4(158) Primitive mark_to_drop(standard_metadata)
[12:54:30.068] [bmv2] [T] [thread 7259] [83.0] [cxt 0] straggler.p4(288) Condition "hdr.collective.isValid()" (node_3) is false
[12:54:30.068] [bmv2] [D] [thread 7259] [83.0] [cxt 0] Pipeline 'ingress': end
[12:54:30.068] [bmv2] [D] [thread 7259] [83.0] [cxt 0] Egress port is 511
[12:54:30.068] [bmv2] [D] [thread 7259] [83.0] [cxt 0] Dropping packet at the end of ingress
