Calling target program-options parser
[09:12:50.738] [bmv2] [D] [thread 11357] Set default default entry for table 'MyIngress.ipv4_forward': MyIngress.drop - 
[09:12:50.738] [bmv2] [D] [thread 11357] Entry 0 added to table 'MyIngress.ipv4_forward'
[09:12:50.738] [bmv2] [D] [thread 11357] Dumping entry 0
Match key:
* hdr.ipv4.dstAddr    : EXACT     0a000101
Action entry: MyIngress.forward - 2,

[09:12:50.738] [bmv2] [D] [thread 11357] Entry 1 added to table 'MyIngress.ipv4_forward'
[09:12:50.738] [bmv2] [D] [thread 11357] Dumping entry 1
Match key:
* hdr.ipv4.dstAddr    : EXACT     0a000202
Action entry: MyIngress.forward - 2,

[09:12:50.738] [bmv2] [D] [thread 11357] Entry 2 added to table 'MyIngress.ipv4_forward'
[09:12:50.738] [bmv2] [D] [thread 11357] Dumping entry 2
Match key:
* hdr.ipv4.dstAddr    : EXACT     0a000303
Action entry: MyIngress.forward - 1,

[09:12:50.738] [bmv2] [D] [thread 11357] Entry 3 added to table 'MyIngress.ipv4_forward'
[09:12:50.738] [bmv2] [D] [thread 11357] Dumping entry 3
Match key:
* hdr.ipv4.dstAddr    : EXACT     0a000404
Action entry: MyIngress.forward - 1,

[09:12:50.738] [bmv2] [D] [thread 11357] Set default default entry for table 'tbl_detect_straggler': MyIngress.detect_straggler - 
Adding interface s4-eth1 as port 1
[09:12:50.740] [bmv2] [D] [thread 11357] Adding interface s4-eth1 as port 1
Adding interface s4-eth2 as port 2
[09:12:50.751] [bmv2] [D] [thread 11357] Adding interface s4-eth2 as port 2
[09:12:50.761] [bmv2] [I] [thread 11357] Starting Thrift server on port 9093
[09:12:50.761] [bmv2] [I] [thread 11357] Thrift server was started
[09:12:50.768] [bmv2] [D] [thread 11363] [0.0] [cxt 0] Processing packet received on port 1
[09:12:50.768] [bmv2] [D] [thread 11363] [0.0] [cxt 0] Parser 'parser': start
[09:12:50.768] [bmv2] [D] [thread 11363] [0.0] [cxt 0] Parser 'parser' entering state 'start'
[09:12:50.768] [bmv2] [D] [thread 11363] [0.0] [cxt 0] Extracting header 'ethernet'
[09:12:50.768] [bmv2] [D] [thread 11363] [0.0] [cxt 0] Parser state 'start': key is 86dd
[09:12:50.768] [bmv2] [T] [thread 11363] [0.0] [cxt 0] Bytes parsed: 14
[09:12:50.768] [bmv2] [D] [thread 11363] [0.0] [cxt 0] Parser 'parser': end
[09:12:50.768] [bmv2] [D] [thread 11363] [0.0] [cxt 0] Pipeline 'ingress': start
[09:12:50.768] [bmv2] [T] [thread 11363] [0.0] [cxt 0] Applying table 'MyIngress.ipv4_forward'
[09:12:50.768] [bmv2] [D] [thread 11363] [0.0] [cxt 0] Looking up key:
* hdr.ipv4.dstAddr    : 00000000

[09:12:50.768] [bmv2] [D] [thread 11363] [0.0] [cxt 0] Table 'MyIngress.ipv4_forward': miss
[09:12:50.768] [bmv2] [D] [thread 11363] [0.0] [cxt 0] Action entry is MyIngress.drop - 
[09:12:50.768] [bmv2] [T] [thread 11363] [0.0] [cxt 0] Action MyIngress.drop
[09:12:50.768] [bmv2] [T] [thread 11363] [0.0] [cxt 0] straggler.p4(155) Primitive mark_to_drop(standard_metadata)
[09:12:50.768] [bmv2] [T] [thread 11363] [0.0] [cxt 0] straggler.p4(284) Condition "hdr.collective.isValid()" (node_3) is false
[09:12:50.768] [bmv2] [D] [thread 11363] [0.0] [cxt 0] Pipeline 'ingress': end
[09:12:50.768] [bmv2] [D] [thread 11363] [0.0] [cxt 0] Egress port is 511
[09:12:50.768] [bmv2] [D] [thread 11363] [0.0] [cxt 0] Dropping packet at the end of ingress
[09:12:50.827] [bmv2] [D] [thread 11363] [1.0] [cxt 0] Processing packet received on port 2
[09:12:50.827] [bmv2] [D] [thread 11363] [1.0] [cxt 0] Parser 'parser': start
[09:12:50.827] [bmv2] [D] [thread 11363] [1.0] [cxt 0] Parser 'parser' entering state 'start'
[09:12:50.827] [bmv2] [D] [thread 11363] [1.0] [cxt 0] Extracting header 'ethernet'
[09:12:50.827] [bmv2] [D] [thread 11363] [1.0] [cxt 0] Parser state 'start': key is 86dd
[09:12:50.827] [bmv2] [T] [thread 11363] [1.0] [cxt 0] Bytes parsed: 14
[09:12:50.827] [bmv2] [D] [thread 11363] [1.0] [cxt 0] Parser 'parser': end
[09:12:50.827] [bmv2] [D] [thread 11363] [1.0] [cxt 0] Pipeline 'ingress': start
[09:12:50.827] [bmv2] [T] [thread 11363] [1.0] [cxt 0] Applying table 'MyIngress.ipv4_forward'
[09:12:50.827] [bmv2] [D] [thread 11363] [1.0] [cxt 0] Looking up key:
* hdr.ipv4.dstAddr    : 00000000

[09:12:50.827] [bmv2] [D] [thread 11363] [1.0] [cxt 0] Table 'MyIngress.ipv4_forward': miss
[09:12:50.827] [bmv2] [D] [thread 11363] [1.0] [cxt 0] Action entry is MyIngress.drop - 
[09:12:50.827] [bmv2] [T] [thread 11363] [1.0] [cxt 0] Action MyIngress.drop
[09:12:50.827] [bmv2] [T] [thread 11363] [1.0] [cxt 0] straggler.p4(155) Primitive mark_to_drop(standard_metadata)
[09:12:50.827] [bmv2] [T] [thread 11363] [1.0] [cxt 0] straggler.p4(284) Condition "hdr.collective.isValid()" (node_3) is false
[09:12:50.827] [bmv2] [D] [thread 11363] [1.0] [cxt 0] Pipeline 'ingress': end
[09:12:50.827] [bmv2] [D] [thread 11363] [1.0] [cxt 0] Egress port is 511
[09:12:50.827] [bmv2] [D] [thread 11363] [1.0] [cxt 0] Dropping packet at the end of ingress
[09:12:50.859] [bmv2] [D] [thread 11363] [2.0] [cxt 0] Processing packet received on port 1
[09:12:50.859] [bmv2] [D] [thread 11363] [2.0] [cxt 0] Parser 'parser': start
[09:12:50.859] [bmv2] [D] [thread 11363] [2.0] [cxt 0] Parser 'parser' entering state 'start'
[09:12:50.859] [bmv2] [D] [thread 11363] [2.0] [cxt 0] Extracting header 'ethernet'
[09:12:50.859] [bmv2] [D] [thread 11363] [2.0] [cxt 0] Parser state 'start': key is 86dd
[09:12:50.859] [bmv2] [T] [thread 11363] [2.0] [cxt 0] Bytes parsed: 14
[09:12:50.859] [bmv2] [D] [thread 11363] [2.0] [cxt 0] Parser 'parser': end
[09:12:50.859] [bmv2] [D] [thread 11363] [2.0] [cxt 0] Pipeline 'ingress': start
[09:12:50.859] [bmv2] [T] [thread 11363] [2.0] [cxt 0] Applying table 'MyIngress.ipv4_forward'
[09:12:50.859] [bmv2] [D] [thread 11363] [2.0] [cxt 0] Looking up key:
* hdr.ipv4.dstAddr    : 00000000

[09:12:50.859] [bmv2] [D] [thread 11363] [2.0] [cxt 0] Table 'MyIngress.ipv4_forward': miss
[09:12:50.859] [bmv2] [D] [thread 11363] [2.0] [cxt 0] Action entry is MyIngress.drop - 
[09:12:50.859] [bmv2] [T] [thread 11363] [2.0] [cxt 0] Action MyIngress.drop
[09:12:50.859] [bmv2] [T] [thread 11363] [2.0] [cxt 0] straggler.p4(155) Primitive mark_to_drop(standard_metadata)
[09:12:50.859] [bmv2] [T] [thread 11363] [2.0] [cxt 0] straggler.p4(284) Condition "hdr.collective.isValid()" (node_3) is false
[09:12:50.859] [bmv2] [D] [thread 11363] [2.0] [cxt 0] Pipeline 'ingress': end
[09:12:50.859] [bmv2] [D] [thread 11363] [2.0] [cxt 0] Egress port is 511
[09:12:50.859] [bmv2] [D] [thread 11363] [2.0] [cxt 0] Dropping packet at the end of ingress
[09:12:50.892] [bmv2] [D] [thread 11363] [3.0] [cxt 0] Processing packet received on port 2
[09:12:50.892] [bmv2] [D] [thread 11363] [3.0] [cxt 0] Parser 'parser': start
[09:12:50.892] [bmv2] [D] [thread 11363] [3.0] [cxt 0] Parser 'parser' entering state 'start'
[09:12:50.892] [bmv2] [D] [thread 11363] [3.0] [cxt 0] Extracting header 'ethernet'
[09:12:50.892] [bmv2] [D] [thread 11363] [3.0] [cxt 0] Parser state 'start': key is 86dd
[09:12:50.892] [bmv2] [T] [thread 11363] [3.0] [cxt 0] Bytes parsed: 14
[09:12:50.892] [bmv2] [D] [thread 11363] [3.0] [cxt 0] Parser 'parser': end
[09:12:50.892] [bmv2] [D] [thread 11363] [3.0] [cxt 0] Pipeline 'ingress': start
[09:12:50.892] [bmv2] [T] [thread 11363] [3.0] [cxt 0] Applying table 'MyIngress.ipv4_forward'
[09:12:50.892] [bmv2] [D] [thread 11363] [3.0] [cxt 0] Looking up key:
* hdr.ipv4.dstAddr    : 00000000

[09:12:50.892] [bmv2] [D] [thread 11363] [3.0] [cxt 0] Table 'MyIngress.ipv4_forward': miss
[09:12:50.892] [bmv2] [D] [thread 11363] [3.0] [cxt 0] Action entry is MyIngress.drop - 
[09:12:50.892] [bmv2] [T] [thread 11363] [3.0] [cxt 0] Action MyIngress.drop
[09:12:50.892] [bmv2] [T] [thread 11363] [3.0] [cxt 0] straggler.p4(155) Primitive mark_to_drop(standard_metadata)
[09:12:50.893] [bmv2] [T] [thread 11363] [3.0] [cxt 0] straggler.p4(284) Condition "hdr.collective.isValid()" (node_3) is false
[09:12:50.893] [bmv2] [D] [thread 11363] [3.0] [cxt 0] Pipeline 'ingress': end
[09:12:50.893] [bmv2] [D] [thread 11363] [3.0] [cxt 0] Egress port is 511
[09:12:50.893] [bmv2] [D] [thread 11363] [3.0] [cxt 0] Dropping packet at the end of ingress
[09:12:50.951] [bmv2] [D] [thread 11363] [4.0] [cxt 0] Processing packet received on port 1
[09:12:50.951] [bmv2] [D] [thread 11363] [4.0] [cxt 0] Parser 'parser': start
[09:12:50.951] [bmv2] [D] [thread 11363] [4.0] [cxt 0] Parser 'parser' entering state 'start'
[09:12:50.951] [bmv2] [D] [thread 11363] [4.0] [cxt 0] Extracting header 'ethernet'
[09:12:50.951] [bmv2] [D] [thread 11363] [4.0] [cxt 0] Parser state 'start': key is 86dd
[09:12:50.951] [bmv2] [T] [thread 11363] [4.0] [cxt 0] Bytes parsed: 14
[09:12:50.951] [bmv2] [D] [thread 11363] [4.0] [cxt 0] Parser 'parser': end
[09:12:50.951] [bmv2] [D] [thread 11363] [4.0] [cxt 0] Pipeline 'ingress': start
[09:12:50.951] [bmv2] [T] [thread 11363] [4.0] [cxt 0] Applying table 'MyIngress.ipv4_forward'
[09:12:50.951] [bmv2] [D] [thread 11363] [4.0] [cxt 0] Looking up key:
* hdr.ipv4.dstAddr    : 00000000

[09:12:50.951] [bmv2] [D] [thread 11363] [4.0] [cxt 0] Table 'MyIngress.ipv4_forward': miss
[09:12:50.951] [bmv2] [D] [thread 11363] [4.0] [cxt 0] Action entry is MyIngress.drop - 
[09:12:50.951] [bmv2] [T] [thread 11363] [4.0] [cxt 0] Action MyIngress.drop
[09:12:50.951] [bmv2] [T] [thread 11363] [4.0] [cxt 0] straggler.p4(155) Primitive mark_to_drop(standard_metadata)
[09:12:50.951] [bmv2] [T] [thread 11363] [4.0] [cxt 0] straggler.p4(284) Condition "hdr.collective.isValid()" (node_3) is false
[09:12:50.951] [bmv2] [D] [thread 11363] [4.0] [cxt 0] Pipeline 'ingress': end
[09:12:50.951] [bmv2] [D] [thread 11363] [4.0] [cxt 0] Egress port is 511
[09:12:50.951] [bmv2] [D] [thread 11363] [4.0] [cxt 0] Dropping packet at the end of ingress
[09:12:51.019] [bmv2] [D] [thread 11363] [5.0] [cxt 0] Processing packet received on port 1
[09:12:51.019] [bmv2] [D] [thread 11363] [5.0] [cxt 0] Parser 'parser': start
[09:12:51.019] [bmv2] [D] [thread 11363] [5.0] [cxt 0] Parser 'parser' entering state 'start'
[09:12:51.019] [bmv2] [D] [thread 11363] [5.0] [cxt 0] Extracting header 'ethernet'
[09:12:51.019] [bmv2] [D] [thread 11363] [5.0] [cxt 0] Parser state 'start': key is 86dd
[09:12:51.019] [bmv2] [T] [thread 11363] [5.0] [cxt 0] Bytes parsed: 14
[09:12:51.019] [bmv2] [D] [thread 11363] [5.0] [cxt 0] Parser 'parser': end
[09:12:51.019] [bmv2] [D] [thread 11363] [5.0] [cxt 0] Pipeline 'ingress': start
[09:12:51.019] [bmv2] [T] [thread 11363] [5.0] [cxt 0] Applying table 'MyIngress.ipv4_forward'
[09:12:51.019] [bmv2] [D] [thread 11363] [5.0] [cxt 0] Looking up key:
* hdr.ipv4.dstAddr    : 00000000

[09:12:51.019] [bmv2] [D] [thread 11363] [5.0] [cxt 0] Table 'MyIngress.ipv4_forward': miss
[09:12:51.019] [bmv2] [D] [thread 11363] [5.0] [cxt 0] Action entry is MyIngress.drop - 
[09:12:51.019] [bmv2] [T] [thread 11363] [5.0] [cxt 0] Action MyIngress.drop
[09:12:51.019] [bmv2] [T] [thread 11363] [5.0] [cxt 0] straggler.p4(155) Primitive mark_to_drop(standard_metadata)
[09:12:51.019] [bmv2] [T] [thread 11363] [5.0] [cxt 0] straggler.p4(284) Condition "hdr.collective.isValid()" (node_3) is false
[09:12:51.019] [bmv2] [D] [thread 11363] [5.0] [cxt 0] Pipeline 'ingress': end
[09:12:51.019] [bmv2] [D] [thread 11363] [5.0] [cxt 0] Egress port is 511
[09:12:51.019] [bmv2] [D] [thread 11363] [5.0] [cxt 0] Dropping packet at the end of ingress
[09:12:51.043] [bmv2] [D] [thread 11363] [6.0] [cxt 0] Processing packet received on port 1
[09:12:51.043] [bmv2] [D] [thread 11363] [6.0] [cxt 0] Parser 'parser': start
[09:12:51.043] [bmv2] [D] [thread 11363] [6.0] [cxt 0] Parser 'parser' entering state 'start'
[09:12:51.043] [bmv2] [D] [thread 11363] [6.0] [cxt 0] Extracting header 'ethernet'
[09:12:51.043] [bmv2] [D] [thread 11363] [6.0] [cxt 0] Parser state 'start': key is 86dd
[09:12:51.043] [bmv2] [T] [thread 11363] [6.0] [cxt 0] Bytes parsed: 14
[09:12:51.043] [bmv2] [D] [thread 11363] [6.0] [cxt 0] Parser 'parser': end
[09:12:51.043] [bmv2] [D] [thread 11363] [6.0] [cxt 0] Pipeline 'ingress': start
[09:12:51.043] [bmv2] [T] [thread 11363] [6.0] [cxt 0] Applying table 'MyIngress.ipv4_forward'
[09:12:51.043] [bmv2] [D] [thread 11363] [6.0] [cxt 0] Looking up key:
* hdr.ipv4.dstAddr    : 00000000

[09:12:51.043] [bmv2] [D] [thread 11363] [6.0] [cxt 0] Table 'MyIngress.ipv4_forward': miss
[09:12:51.043] [bmv2] [D] [thread 11363] [6.0] [cxt 0] Action entry is MyIngress.drop - 
[09:12:51.043] [bmv2] [T] [thread 11363] [6.0] [cxt 0] Action MyIngress.drop
[09:12:51.043] [bmv2] [T] [thread 11363] [6.0] [cxt 0] straggler.p4(155) Primitive mark_to_drop(standard_metadata)
[09:12:51.043] [bmv2] [T] [thread 11363] [6.0] [cxt 0] straggler.p4(284) Condition "hdr.collective.isValid()" (node_3) is false
[09:12:51.043] [bmv2] [D] [thread 11363] [6.0] [cxt 0] Pipeline 'ingress': end
[09:12:51.043] [bmv2] [D] [thread 11363] [6.0] [cxt 0] Egress port is 511
[09:12:51.043] [bmv2] [D] [thread 11363] [6.0] [cxt 0] Dropping packet at the end of ingress
[09:12:51.078] [bmv2] [D] [thread 11363] [7.0] [cxt 0] Processing packet received on port 2
[09:12:51.078] [bmv2] [D] [thread 11363] [7.0] [cxt 0] Parser 'parser': start
[09:12:51.078] [bmv2] [D] [thread 11363] [7.0] [cxt 0] Parser 'parser' entering state 'start'
[09:12:51.078] [bmv2] [D] [thread 11363] [7.0] [cxt 0] Extracting header 'ethernet'
[09:12:51.078] [bmv2] [D] [thread 11363] [7.0] [cxt 0] Parser state 'start': key is 86dd
[09:12:51.078] [bmv2] [T] [thread 11363] [7.0] [cxt 0] Bytes parsed: 14
[09:12:51.078] [bmv2] [D] [thread 11363] [7.0] [cxt 0] Parser 'parser': end
[09:12:51.078] [bmv2] [D] [thread 11363] [7.0] [cxt 0] Pipeline 'ingress': start
[09:12:51.078] [bmv2] [T] [thread 11363] [7.0] [cxt 0] Applying table 'MyIngress.ipv4_forward'
[09:12:51.078] [bmv2] [D] [thread 11363] [7.0] [cxt 0] Looking up key:
* hdr.ipv4.dstAddr    : 00000000

[09:12:51.078] [bmv2] [D] [thread 11363] [7.0] [cxt 0] Table 'MyIngress.ipv4_forward': miss
[09:12:51.078] [bmv2] [D] [thread 11363] [7.0] [cxt 0] Action entry is MyIngress.drop - 
[09:12:51.078] [bmv2] [T] [thread 11363] [7.0] [cxt 0] Action MyIngress.drop
[09:12:51.078] [bmv2] [T] [thread 11363] [7.0] [cxt 0] straggler.p4(155) Primitive mark_to_drop(standard_metadata)
[09:12:51.078] [bmv2] [T] [thread 11363] [7.0] [cxt 0] straggler.p4(284) Condition "hdr.collective.isValid()" (node_3) is false
[09:12:51.078] [bmv2] [D] [thread 11363] [7.0] [cxt 0] Pipeline 'ingress': end
[09:12:51.078] [bmv2] [D] [thread 11363] [7.0] [cxt 0] Egress port is 511
[09:12:51.078] [bmv2] [D] [thread 11363] [7.0] [cxt 0] Dropping packet at the end of ingress
[09:12:51.139] [bmv2] [D] [thread 11363] [8.0] [cxt 0] Processing packet received on port 2
[09:12:51.139] [bmv2] [D] [thread 11363] [8.0] [cxt 0] Parser 'parser': start
[09:12:51.139] [bmv2] [D] [thread 11363] [8.0] [cxt 0] Parser 'parser' entering state 'start'
[09:12:51.139] [bmv2] [D] [thread 11363] [8.0] [cxt 0] Extracting header 'ethernet'
[09:12:51.139] [bmv2] [D] [thread 11363] [8.0] [cxt 0] Parser state 'start': key is 86dd
[09:12:51.139] [bmv2] [T] [thread 11363] [8.0] [cxt 0] Bytes parsed: 14
[09:12:51.139] [bmv2] [D] [thread 11363] [8.0] [cxt 0] Parser 'parser': end
[09:12:51.139] [bmv2] [D] [thread 11363] [8.0] [cxt 0] Pipeline 'ingress': start
[09:12:51.139] [bmv2] [T] [thread 11363] [8.0] [cxt 0] Applying table 'MyIngress.ipv4_forward'
[09:12:51.139] [bmv2] [D] [thread 11363] [8.0] [cxt 0] Looking up key:
* hdr.ipv4.dstAddr    : 00000000

[09:12:51.139] [bmv2] [D] [thread 11363] [8.0] [cxt 0] Table 'MyIngress.ipv4_forward': miss
[09:12:51.139] [bmv2] [D] [thread 11363] [8.0] [cxt 0] Action entry is MyIngress.drop - 
[09:12:51.139] [bmv2] [T] [thread 11363] [8.0] [cxt 0] Action MyIngress.drop
[09:12:51.139] [bmv2] [T] [thread 11363] [8.0] [cxt 0] straggler.p4(155) Primitive mark_to_drop(standard_metadata)
[09:12:51.139] [bmv2] [T] [thread 11363] [8.0] [cxt 0] straggler.p4(284) Condition "hdr.collective.isValid()" (node_3) is false
[09:12:51.139] [bmv2] [D] [thread 11363] [8.0] [cxt 0] Pipeline 'ingress': end
[09:12:51.139] [bmv2] [D] [thread 11363] [8.0] [cxt 0] Egress port is 511
[09:12:51.139] [bmv2] [D] [thread 11363] [8.0] [cxt 0] Dropping packet at the end of ingress
[09:12:51.143] [bmv2] [D] [thread 11363] [9.0] [cxt 0] Processing packet received on port 2
[09:12:51.143] [bmv2] [D] [thread 11363] [9.0] [cxt 0] Parser 'parser': start
[09:12:51.143] [bmv2] [D] [thread 11363] [9.0] [cxt 0] Parser 'parser' entering state 'start'
[09:12:51.143] [bmv2] [D] [thread 11363] [9.0] [cxt 0] Extracting header 'ethernet'
[09:12:51.143] [bmv2] [D] [thread 11363] [9.0] [cxt 0] Parser state 'start': key is 86dd
[09:12:51.143] [bmv2] [T] [thread 11363] [9.0] [cxt 0] Bytes parsed: 14
[09:12:51.143] [bmv2] [D] [thread 11363] [9.0] [cxt 0] Parser 'parser': end
[09:12:51.143] [bmv2] [D] [thread 11363] [9.0] [cxt 0] Pipeline 'ingress': start
[09:12:51.143] [bmv2] [T] [thread 11363] [9.0] [cxt 0] Applying table 'MyIngress.ipv4_forward'
[09:12:51.143] [bmv2] [D] [thread 11363] [9.0] [cxt 0] Looking up key:
* hdr.ipv4.dstAddr    : 00000000

[09:12:51.143] [bmv2] [D] [thread 11363] [9.0] [cxt 0] Table 'MyIngress.ipv4_forward': miss
[09:12:51.143] [bmv2] [D] [thread 11363] [9.0] [cxt 0] Action entry is MyIngress.drop - 
[09:12:51.143] [bmv2] [T] [thread 11363] [9.0] [cxt 0] Action MyIngress.drop
[09:12:51.143] [bmv2] [T] [thread 11363] [9.0] [cxt 0] straggler.p4(155) Primitive mark_to_drop(standard_metadata)
[09:12:51.143] [bmv2] [T] [thread 11363] [9.0] [cxt 0] straggler.p4(284) Condition "hdr.collective.isValid()" (node_3) is false
[09:12:51.143] [bmv2] [D] [thread 11363] [9.0] [cxt 0] Pipeline 'ingress': end
[09:12:51.143] [bmv2] [D] [thread 11363] [9.0] [cxt 0] Egress port is 511
[09:12:51.143] [bmv2] [D] [thread 11363] [9.0] [cxt 0] Dropping packet at the end of ingress
[09:12:51.151] [bmv2] [D] [thread 11363] [10.0] [cxt 0] Processing packet received on port 1
[09:12:51.151] [bmv2] [D] [thread 11363] [10.0] [cxt 0] Parser 'parser': start
[09:12:51.151] [bmv2] [D] [thread 11363] [10.0] [cxt 0] Parser 'parser' entering state 'start'
[09:12:51.151] [bmv2] [D] [thread 11363] [10.0] [cxt 0] Extracting header 'ethernet'
[09:12:51.151] [bmv2] [D] [thread 11363] [10.0] [cxt 0] Parser state 'start': key is 86dd
[09:12:51.151] [bmv2] [T] [thread 11363] [10.0] [cxt 0] Bytes parsed: 14
[09:12:51.151] [bmv2] [D] [thread 11363] [10.0] [cxt 0] Parser 'parser': end
[09:12:51.151] [bmv2] [D] [thread 11363] [10.0] [cxt 0] Pipeline 'ingress': start
[09:12:51.151] [bmv2] [T] [thread 11363] [10.0] [cxt 0] Applying table 'MyIngress.ipv4_forward'
[09:12:51.151] [bmv2] [D] [thread 11363] [10.0] [cxt 0] Looking up key:
* hdr.ipv4.dstAddr    : 00000000

[09:12:51.151] [bmv2] [D] [thread 11363] [10.0] [cxt 0] Table 'MyIngress.ipv4_forward': miss
[09:12:51.151] [bmv2] [D] [thread 11363] [10.0] [cxt 0] Action entry is MyIngress.drop - 
[09:12:51.151] [bmv2] [T] [thread 11363] [10.0] [cxt 0] Action MyIngress.drop
[09:12:51.151] [bmv2] [T] [thread 11363] [10.0] [cxt 0] straggler.p4(155) Primitive mark_to_drop(standard_metadata)
[09:12:51.151] [bmv2] [T] [thread 11363] [10.0] [cxt 0] straggler.p4(284) Condition "hdr.collective.isValid()" (node_3) is false
[09:12:51.151] [bmv2] [D] [thread 11363] [10.0] [cxt 0] Pipeline 'ingress': end
[09:12:51.151] [bmv2] [D] [thread 11363] [10.0] [cxt 0] Egress port is 511
[09:12:51.151] [bmv2] [D] [thread 11363] [10.0] [cxt 0] Dropping packet at the end of ingress
[09:12:51.267] [bmv2] [D] [thread 11363] [11.0] [cxt 0] Processing packet received on port 1
[09:12:51.268] [bmv2] [D] [thread 11363] [11.0] [cxt 0] Parser 'parser': start
[09:12:51.268] [bmv2] [D] [thread 11363] [11.0] [cxt 0] Parser 'parser' entering state 'start'
[09:12:51.268] [bmv2] [D] [thread 11363] [11.0] [cxt 0] Extracting header 'ethernet'
[09:12:51.268] [bmv2] [D] [thread 11363] [11.0] [cxt 0] Parser state 'start': key is 86dd
[09:12:51.268] [bmv2] [T] [thread 11363] [11.0] [cxt 0] Bytes parsed: 14
[09:12:51.268] [bmv2] [D] [thread 11363] [11.0] [cxt 0] Parser 'parser': end
[09:12:51.268] [bmv2] [D] [thread 11363] [11.0] [cxt 0] Pipeline 'ingress': start
[09:12:51.268] [bmv2] [T] [thread 11363] [11.0] [cxt 0] Applying table 'MyIngress.ipv4_forward'
[09:12:51.268] [bmv2] [D] [thread 11363] [11.0] [cxt 0] Looking up key:
* hdr.ipv4.dstAddr    : 00000000

[09:12:51.268] [bmv2] [D] [thread 11363] [11.0] [cxt 0] Table 'MyIngress.ipv4_forward': miss
[09:12:51.268] [bmv2] [D] [thread 11363] [11.0] [cxt 0] Action entry is MyIngress.drop - 
[09:12:51.268] [bmv2] [T] [thread 11363] [11.0] [cxt 0] Action MyIngress.drop
[09:12:51.268] [bmv2] [T] [thread 11363] [11.0] [cxt 0] straggler.p4(155) Primitive mark_to_drop(standard_metadata)
[09:12:51.268] [bmv2] [T] [thread 11363] [11.0] [cxt 0] straggler.p4(284) Condition "hdr.collective.isValid()" (node_3) is false
[09:12:51.268] [bmv2] [D] [thread 11363] [11.0] [cxt 0] Pipeline 'ingress': end
[09:12:51.268] [bmv2] [D] [thread 11363] [11.0] [cxt 0] Egress port is 511
[09:12:51.268] [bmv2] [D] [thread 11363] [11.0] [cxt 0] Dropping packet at the end of ingress
[09:12:51.269] [bmv2] [D] [thread 11363] [12.0] [cxt 0] Processing packet received on port 1
[09:12:51.270] [bmv2] [D] [thread 11363] [12.0] [cxt 0] Parser 'parser': start
[09:12:51.270] [bmv2] [D] [thread 11363] [12.0] [cxt 0] Parser 'parser' entering state 'start'
[09:12:51.270] [bmv2] [D] [thread 11363] [12.0] [cxt 0] Extracting header 'ethernet'
[09:12:51.270] [bmv2] [D] [thread 11363] [12.0] [cxt 0] Parser state 'start': key is 86dd
[09:12:51.270] [bmv2] [T] [thread 11363] [12.0] [cxt 0] Bytes parsed: 14
[09:12:51.270] [bmv2] [D] [thread 11363] [12.0] [cxt 0] Parser 'parser': end
[09:12:51.270] [bmv2] [D] [thread 11363] [12.0] [cxt 0] Pipeline 'ingress': start
[09:12:51.270] [bmv2] [T] [thread 11363] [12.0] [cxt 0] Applying table 'MyIngress.ipv4_forward'
[09:12:51.270] [bmv2] [D] [thread 11363] [12.0] [cxt 0] Looking up key:
* hdr.ipv4.dstAddr    : 00000000

[09:12:51.270] [bmv2] [D] [thread 11363] [12.0] [cxt 0] Table 'MyIngress.ipv4_forward': miss
[09:12:51.270] [bmv2] [D] [thread 11363] [12.0] [cxt 0] Action entry is MyIngress.drop - 
[09:12:51.270] [bmv2] [T] [thread 11363] [12.0] [cxt 0] Action MyIngress.drop
[09:12:51.270] [bmv2] [T] [thread 11363] [12.0] [cxt 0] straggler.p4(155) Primitive mark_to_drop(standard_metadata)
[09:12:51.270] [bmv2] [T] [thread 11363] [12.0] [cxt 0] straggler.p4(284) Condition "hdr.collective.isValid()" (node_3) is false
[09:12:51.270] [bmv2] [D] [thread 11363] [12.0] [cxt 0] Pipeline 'ingress': end
[09:12:51.270] [bmv2] [D] [thread 11363] [12.0] [cxt 0] Egress port is 511
[09:12:51.270] [bmv2] [D] [thread 11363] [12.0] [cxt 0] Dropping packet at the end of ingress
[09:12:51.278] [bmv2] [D] [thread 11363] [13.0] [cxt 0] Processing packet received on port 2
[09:12:51.278] [bmv2] [D] [thread 11363] [13.0] [cxt 0] Parser 'parser': start
[09:12:51.278] [bmv2] [D] [thread 11363] [13.0] [cxt 0] Parser 'parser' entering state 'start'
[09:12:51.278] [bmv2] [D] [thread 11363] [13.0] [cxt 0] Extracting header 'ethernet'
[09:12:51.278] [bmv2] [D] [thread 11363] [13.0] [cxt 0] Parser state 'start': key is 86dd
[09:12:51.278] [bmv2] [T] [thread 11363] [13.0] [cxt 0] Bytes parsed: 14
[09:12:51.278] [bmv2] [D] [thread 11363] [13.0] [cxt 0] Parser 'parser': end
[09:12:51.278] [bmv2] [D] [thread 11363] [13.0] [cxt 0] Pipeline 'ingress': start
[09:12:51.278] [bmv2] [T] [thread 11363] [13.0] [cxt 0] Applying table 'MyIngress.ipv4_forward'
[09:12:51.278] [bmv2] [D] [thread 11363] [13.0] [cxt 0] Looking up key:
* hdr.ipv4.dstAddr    : 00000000

[09:12:51.278] [bmv2] [D] [thread 11363] [13.0] [cxt 0] Table 'MyIngress.ipv4_forward': miss
[09:12:51.278] [bmv2] [D] [thread 11363] [13.0] [cxt 0] Action entry is MyIngress.drop - 
[09:12:51.278] [bmv2] [T] [thread 11363] [13.0] [cxt 0] Action MyIngress.drop
[09:12:51.278] [bmv2] [T] [thread 11363] [13.0] [cxt 0] straggler.p4(155) Primitive mark_to_drop(standard_metadata)
[09:12:51.278] [bmv2] [T] [thread 11363] [13.0] [cxt 0] straggler.p4(284) Condition "hdr.collective.isValid()" (node_3) is false
[09:12:51.278] [bmv2] [D] [thread 11363] [13.0] [cxt 0] Pipeline 'ingress': end
[09:12:51.278] [bmv2] [D] [thread 11363] [13.0] [cxt 0] Egress port is 511
[09:12:51.278] [bmv2] [D] [thread 11363] [13.0] [cxt 0] Dropping packet at the end of ingress
[09:12:51.344] [bmv2] [D] [thread 11363] [14.0] [cxt 0] Processing packet received on port 2
[09:12:51.344] [bmv2] [D] [thread 11363] [14.0] [cxt 0] Parser 'parser': start
[09:12:51.344] [bmv2] [D] [thread 11363] [14.0] [cxt 0] Parser 'parser' entering state 'start'
[09:12:51.344] [bmv2] [D] [thread 11363] [14.0] [cxt 0] Extracting header 'ethernet'
[09:12:51.344] [bmv2] [D] [thread 11363] [14.0] [cxt 0] Parser state 'start': key is 86dd
[09:12:51.344] [bmv2] [T] [thread 11363] [14.0] [cxt 0] Bytes parsed: 14
[09:12:51.344] [bmv2] [D] [thread 11363] [14.0] [cxt 0] Parser 'parser': end
[09:12:51.344] [bmv2] [D] [thread 11363] [14.0] [cxt 0] Pipeline 'ingress': start
[09:12:51.344] [bmv2] [T] [thread 11363] [14.0] [cxt 0] Applying table 'MyIngress.ipv4_forward'
[09:12:51.344] [bmv2] [D] [thread 11363] [14.0] [cxt 0] Looking up key:
* hdr.ipv4.dstAddr    : 00000000

[09:12:51.344] [bmv2] [D] [thread 11363] [14.0] [cxt 0] Table 'MyIngress.ipv4_forward': miss
[09:12:51.344] [bmv2] [D] [thread 11363] [14.0] [cxt 0] Action entry is MyIngress.drop - 
[09:12:51.344] [bmv2] [T] [thread 11363] [14.0] [cxt 0] Action MyIngress.drop
[09:12:51.344] [bmv2] [T] [thread 11363] [14.0] [cxt 0] straggler.p4(155) Primitive mark_to_drop(standard_metadata)
[09:12:51.344] [bmv2] [T] [thread 11363] [14.0] [cxt 0] straggler.p4(284) Condition "hdr.collective.isValid()" (node_3) is false
[09:12:51.344] [bmv2] [D] [thread 11363] [14.0] [cxt 0] Pipeline 'ingress': end
[09:12:51.344] [bmv2] [D] [thread 11363] [14.0] [cxt 0] Egress port is 511
[09:12:51.344] [bmv2] [D] [thread 11363] [14.0] [cxt 0] Dropping packet at the end of ingress
[09:12:51.414] [bmv2] [D] [thread 11363] [15.0] [cxt 0] Processing packet received on port 1
[09:12:51.415] [bmv2] [D] [thread 11363] [15.0] [cxt 0] Parser 'parser': start
[09:12:51.415] [bmv2] [D] [thread 11363] [15.0] [cxt 0] Parser 'parser' entering state 'start'
[09:12:51.415] [bmv2] [D] [thread 11363] [15.0] [cxt 0] Extracting header 'ethernet'
[09:12:51.415] [bmv2] [D] [thread 11363] [15.0] [cxt 0] Parser state 'start': key is 86dd
[09:12:51.415] [bmv2] [T] [thread 11363] [15.0] [cxt 0] Bytes parsed: 14
[09:12:51.415] [bmv2] [D] [thread 11363] [15.0] [cxt 0] Parser 'parser': end
[09:12:51.415] [bmv2] [D] [thread 11363] [15.0] [cxt 0] Pipeline 'ingress': start
[09:12:51.415] [bmv2] [T] [thread 11363] [15.0] [cxt 0] Applying table 'MyIngress.ipv4_forward'
[09:12:51.415] [bmv2] [D] [thread 11363] [15.0] [cxt 0] Looking up key:
* hdr.ipv4.dstAddr    : 00000000

[09:12:51.415] [bmv2] [D] [thread 11363] [15.0] [cxt 0] Table 'MyIngress.ipv4_forward': miss
[09:12:51.415] [bmv2] [D] [thread 11363] [15.0] [cxt 0] Action entry is MyIngress.drop - 
[09:12:51.415] [bmv2] [T] [thread 11363] [15.0] [cxt 0] Action MyIngress.drop
[09:12:51.415] [bmv2] [T] [thread 11363] [15.0] [cxt 0] straggler.p4(155) Primitive mark_to_drop(standard_metadata)
[09:12:51.415] [bmv2] [T] [thread 11363] [15.0] [cxt 0] straggler.p4(284) Condition "hdr.collective.isValid()" (node_3) is false
[09:12:51.415] [bmv2] [D] [thread 11363] [15.0] [cxt 0] Pipeline 'ingress': end
[09:12:51.415] [bmv2] [D] [thread 11363] [15.0] [cxt 0] Egress port is 511
[09:12:51.415] [bmv2] [D] [thread 11363] [15.0] [cxt 0] Dropping packet at the end of ingress
[09:12:51.469] [bmv2] [D] [thread 11363] [16.0] [cxt 0] Processing packet received on port 1
[09:12:51.469] [bmv2] [D] [thread 11363] [16.0] [cxt 0] Parser 'parser': start
[09:12:51.470] [bmv2] [D] [thread 11363] [16.0] [cxt 0] Parser 'parser' entering state 'start'
[09:12:51.470] [bmv2] [D] [thread 11363] [16.0] [cxt 0] Extracting header 'ethernet'
[09:12:51.470] [bmv2] [D] [thread 11363] [16.0] [cxt 0] Parser state 'start': key is 86dd
[09:12:51.470] [bmv2] [T] [thread 11363] [16.0] [cxt 0] Bytes parsed: 14
[09:12:51.470] [bmv2] [D] [thread 11363] [16.0] [cxt 0] Parser 'parser': end
[09:12:51.470] [bmv2] [D] [thread 11363] [16.0] [cxt 0] Pipeline 'ingress': start
[09:12:51.470] [bmv2] [T] [thread 11363] [16.0] [cxt 0] Applying table 'MyIngress.ipv4_forward'
[09:12:51.470] [bmv2] [D] [thread 11363] [16.0] [cxt 0] Looking up key:
* hdr.ipv4.dstAddr    : 00000000

[09:12:51.470] [bmv2] [D] [thread 11363] [16.0] [cxt 0] Table 'MyIngress.ipv4_forward': miss
[09:12:51.470] [bmv2] [D] [thread 11363] [16.0] [cxt 0] Action entry is MyIngress.drop - 
[09:12:51.470] [bmv2] [T] [thread 11363] [16.0] [cxt 0] Action MyIngress.drop
[09:12:51.470] [bmv2] [T] [thread 11363] [16.0] [cxt 0] straggler.p4(155) Primitive mark_to_drop(standard_metadata)
[09:12:51.470] [bmv2] [T] [thread 11363] [16.0] [cxt 0] straggler.p4(284) Condition "hdr.collective.isValid()" (node_3) is false
[09:12:51.470] [bmv2] [D] [thread 11363] [16.0] [cxt 0] Pipeline 'ingress': end
[09:12:51.470] [bmv2] [D] [thread 11363] [16.0] [cxt 0] Egress port is 511
[09:12:51.471] [bmv2] [D] [thread 11363] [16.0] [cxt 0] Dropping packet at the end of ingress
[09:12:51.541] [bmv2] [D] [thread 11363] [17.0] [cxt 0] Processing packet received on port 2
[09:12:51.541] [bmv2] [D] [thread 11363] [17.0] [cxt 0] Parser 'parser': start
[09:12:51.541] [bmv2] [D] [thread 11363] [17.0] [cxt 0] Parser 'parser' entering state 'start'
[09:12:51.541] [bmv2] [D] [thread 11363] [17.0] [cxt 0] Extracting header 'ethernet'
[09:12:51.541] [bmv2] [D] [thread 11363] [17.0] [cxt 0] Parser state 'start': key is 86dd
[09:12:51.541] [bmv2] [T] [thread 11363] [17.0] [cxt 0] Bytes parsed: 14
[09:12:51.541] [bmv2] [D] [thread 11363] [17.0] [cxt 0] Parser 'parser': end
[09:12:51.541] [bmv2] [D] [thread 11363] [17.0] [cxt 0] Pipeline 'ingress': start
[09:12:51.541] [bmv2] [T] [thread 11363] [17.0] [cxt 0] Applying table 'MyIngress.ipv4_forward'
[09:12:51.541] [bmv2] [D] [thread 11363] [17.0] [cxt 0] Looking up key:
* hdr.ipv4.dstAddr    : 00000000

[09:12:51.541] [bmv2] [D] [thread 11363] [17.0] [cxt 0] Table 'MyIngress.ipv4_forward': miss
[09:12:51.541] [bmv2] [D] [thread 11363] [17.0] [cxt 0] Action entry is MyIngress.drop - 
[09:12:51.541] [bmv2] [T] [thread 11363] [17.0] [cxt 0] Action MyIngress.drop
[09:12:51.541] [bmv2] [T] [thread 11363] [17.0] [cxt 0] straggler.p4(155) Primitive mark_to_drop(standard_metadata)
[09:12:51.541] [bmv2] [T] [thread 11363] [17.0] [cxt 0] straggler.p4(284) Condition "hdr.collective.isValid()" (node_3) is false
[09:12:51.541] [bmv2] [D] [thread 11363] [17.0] [cxt 0] Pipeline 'ingress': end
[09:12:51.541] [bmv2] [D] [thread 11363] [17.0] [cxt 0] Egress port is 511
[09:12:51.541] [bmv2] [D] [thread 11363] [17.0] [cxt 0] Dropping packet at the end of ingress
[09:12:51.729] [bmv2] [D] [thread 11363] [18.0] [cxt 0] Processing packet received on port 1
[09:12:51.729] [bmv2] [D] [thread 11363] [18.0] [cxt 0] Parser 'parser': start
[09:12:51.729] [bmv2] [D] [thread 11363] [18.0] [cxt 0] Parser 'parser' entering state 'start'
[09:12:51.729] [bmv2] [D] [thread 11363] [18.0] [cxt 0] Extracting header 'ethernet'
[09:12:51.729] [bmv2] [D] [thread 11363] [18.0] [cxt 0] Parser state 'start': key is 86dd
[09:12:51.729] [bmv2] [T] [thread 11363] [18.0] [cxt 0] Bytes parsed: 14
[09:12:51.729] [bmv2] [D] [thread 11363] [18.0] [cxt 0] Parser 'parser': end
[09:12:51.729] [bmv2] [D] [thread 11363] [18.0] [cxt 0] Pipeline 'ingress': start
[09:12:51.729] [bmv2] [T] [thread 11363] [18.0] [cxt 0] Applying table 'MyIngress.ipv4_forward'
[09:12:51.729] [bmv2] [D] [thread 11363] [18.0] [cxt 0] Looking up key:
* hdr.ipv4.dstAddr    : 00000000

[09:12:51.729] [bmv2] [D] [thread 11363] [18.0] [cxt 0] Table 'MyIngress.ipv4_forward': miss
[09:12:51.729] [bmv2] [D] [thread 11363] [18.0] [cxt 0] Action entry is MyIngress.drop - 
[09:12:51.729] [bmv2] [T] [thread 11363] [18.0] [cxt 0] Action MyIngress.drop
[09:12:51.729] [bmv2] [T] [thread 11363] [18.0] [cxt 0] straggler.p4(155) Primitive mark_to_drop(standard_metadata)
[09:12:51.729] [bmv2] [T] [thread 11363] [18.0] [cxt 0] straggler.p4(284) Condition "hdr.collective.isValid()" (node_3) is false
[09:12:51.729] [bmv2] [D] [thread 11363] [18.0] [cxt 0] Pipeline 'ingress': end
[09:12:51.729] [bmv2] [D] [thread 11363] [18.0] [cxt 0] Egress port is 511
[09:12:51.729] [bmv2] [D] [thread 11363] [18.0] [cxt 0] Dropping packet at the end of ingress
[09:12:52.240] [bmv2] [D] [thread 11363] [19.0] [cxt 0] Processing packet received on port 1
[09:12:52.241] [bmv2] [D] [thread 11363] [19.0] [cxt 0] Parser 'parser': start
[09:12:52.241] [bmv2] [D] [thread 11363] [19.0] [cxt 0] Parser 'parser' entering state 'start'
[09:12:52.241] [bmv2] [D] [thread 11363] [19.0] [cxt 0] Extracting header 'ethernet'
[09:12:52.241] [bmv2] [D] [thread 11363] [19.0] [cxt 0] Parser state 'start': key is 86dd
[09:12:52.241] [bmv2] [T] [thread 11363] [19.0] [cxt 0] Bytes parsed: 14
[09:12:52.241] [bmv2] [D] [thread 11363] [19.0] [cxt 0] Parser 'parser': end
[09:12:52.241] [bmv2] [D] [thread 11363] [19.0] [cxt 0] Pipeline 'ingress': start
[09:12:52.241] [bmv2] [T] [thread 11363] [19.0] [cxt 0] Applying table 'MyIngress.ipv4_forward'
[09:12:52.241] [bmv2] [D] [thread 11363] [19.0] [cxt 0] Looking up key:
* hdr.ipv4.dstAddr    : 00000000

[09:12:52.241] [bmv2] [D] [thread 11363] [19.0] [cxt 0] Table 'MyIngress.ipv4_forward': miss
[09:12:52.241] [bmv2] [D] [thread 11363] [19.0] [cxt 0] Action entry is MyIngress.drop - 
[09:12:52.241] [bmv2] [T] [thread 11363] [19.0] [cxt 0] Action MyIngress.drop
[09:12:52.241] [bmv2] [T] [thread 11363] [19.0] [cxt 0] straggler.p4(155) Primitive mark_to_drop(standard_metadata)
[09:12:52.241] [bmv2] [T] [thread 11363] [19.0] [cxt 0] straggler.p4(284) Condition "hdr.collective.isValid()" (node_3) is false
[09:12:52.241] [bmv2] [D] [thread 11363] [19.0] [cxt 0] Pipeline 'ingress': end
[09:12:52.241] [bmv2] [D] [thread 11363] [19.0] [cxt 0] Egress port is 511
[09:12:52.241] [bmv2] [D] [thread 11363] [19.0] [cxt 0] Dropping packet at the end of ingress
[09:12:52.368] [bmv2] [D] [thread 11363] [20.0] [cxt 0] Processing packet received on port 2
[09:12:52.368] [bmv2] [D] [thread 11363] [20.0] [cxt 0] Parser 'parser': start
[09:12:52.368] [bmv2] [D] [thread 11363] [20.0] [cxt 0] Parser 'parser' entering state 'start'
[09:12:52.368] [bmv2] [D] [thread 11363] [20.0] [cxt 0] Extracting header 'ethernet'
[09:12:52.368] [bmv2] [D] [thread 11363] [20.0] [cxt 0] Parser state 'start': key is 86dd
[09:12:52.368] [bmv2] [T] [thread 11363] [20.0] [cxt 0] Bytes parsed: 14
[09:12:52.368] [bmv2] [D] [thread 11363] [20.0] [cxt 0] Parser 'parser': end
[09:12:52.368] [bmv2] [D] [thread 11363] [20.0] [cxt 0] Pipeline 'ingress': start
[09:12:52.368] [bmv2] [T] [thread 11363] [20.0] [cxt 0] Applying table 'MyIngress.ipv4_forward'
[09:12:52.368] [bmv2] [D] [thread 11363] [20.0] [cxt 0] Looking up key:
* hdr.ipv4.dstAddr    : 00000000

[09:12:52.368] [bmv2] [D] [thread 11363] [20.0] [cxt 0] Table 'MyIngress.ipv4_forward': miss
[09:12:52.368] [bmv2] [D] [thread 11363] [20.0] [cxt 0] Action entry is MyIngress.drop - 
[09:12:52.368] [bmv2] [T] [thread 11363] [20.0] [cxt 0] Action MyIngress.drop
[09:12:52.368] [bmv2] [T] [thread 11363] [20.0] [cxt 0] straggler.p4(155) Primitive mark_to_drop(standard_metadata)
[09:12:52.368] [bmv2] [T] [thread 11363] [20.0] [cxt 0] straggler.p4(284) Condition "hdr.collective.isValid()" (node_3) is false
[09:12:52.368] [bmv2] [D] [thread 11363] [20.0] [cxt 0] Pipeline 'ingress': end
[09:12:52.368] [bmv2] [D] [thread 11363] [20.0] [cxt 0] Egress port is 511
[09:12:52.368] [bmv2] [D] [thread 11363] [20.0] [cxt 0] Dropping packet at the end of ingress
[09:12:52.433] [bmv2] [D] [thread 11363] [21.0] [cxt 0] Processing packet received on port 2
[09:12:52.433] [bmv2] [D] [thread 11363] [21.0] [cxt 0] Parser 'parser': start
[09:12:52.433] [bmv2] [D] [thread 11363] [21.0] [cxt 0] Parser 'parser' entering state 'start'
[09:12:52.433] [bmv2] [D] [thread 11363] [21.0] [cxt 0] Extracting header 'ethernet'
[09:12:52.433] [bmv2] [D] [thread 11363] [21.0] [cxt 0] Parser state 'start': key is 86dd
[09:12:52.433] [bmv2] [T] [thread 11363] [21.0] [cxt 0] Bytes parsed: 14
[09:12:52.433] [bmv2] [D] [thread 11363] [21.0] [cxt 0] Parser 'parser': end
[09:12:52.433] [bmv2] [D] [thread 11363] [21.0] [cxt 0] Pipeline 'ingress': start
[09:12:52.433] [bmv2] [T] [thread 11363] [21.0] [cxt 0] Applying table 'MyIngress.ipv4_forward'
[09:12:52.433] [bmv2] [D] [thread 11363] [21.0] [cxt 0] Looking up key:
* hdr.ipv4.dstAddr    : 00000000

[09:12:52.433] [bmv2] [D] [thread 11363] [21.0] [cxt 0] Table 'MyIngress.ipv4_forward': miss
[09:12:52.433] [bmv2] [D] [thread 11363] [21.0] [cxt 0] Action entry is MyIngress.drop - 
[09:12:52.433] [bmv2] [T] [thread 11363] [21.0] [cxt 0] Action MyIngress.drop
[09:12:52.433] [bmv2] [T] [thread 11363] [21.0] [cxt 0] straggler.p4(155) Primitive mark_to_drop(standard_metadata)
[09:12:52.433] [bmv2] [T] [thread 11363] [21.0] [cxt 0] straggler.p4(284) Condition "hdr.collective.isValid()" (node_3) is false
[09:12:52.433] [bmv2] [D] [thread 11363] [21.0] [cxt 0] Pipeline 'ingress': end
[09:12:52.433] [bmv2] [D] [thread 11363] [21.0] [cxt 0] Egress port is 511
[09:12:52.433] [bmv2] [D] [thread 11363] [21.0] [cxt 0] Dropping packet at the end of ingress
[09:12:52.559] [bmv2] [D] [thread 11363] [22.0] [cxt 0] Processing packet received on port 1
[09:12:52.559] [bmv2] [D] [thread 11363] [22.0] [cxt 0] Parser 'parser': start
[09:12:52.559] [bmv2] [D] [thread 11363] [22.0] [cxt 0] Parser 'parser' entering state 'start'
[09:12:52.559] [bmv2] [D] [thread 11363] [22.0] [cxt 0] Extracting header 'ethernet'
[09:12:52.559] [bmv2] [D] [thread 11363] [22.0] [cxt 0] Parser state 'start': key is 86dd
[09:12:52.559] [bmv2] [T] [thread 11363] [22.0] [cxt 0] Bytes parsed: 14
[09:12:52.559] [bmv2] [D] [thread 11363] [22.0] [cxt 0] Parser 'parser': end
[09:12:52.559] [bmv2] [D] [thread 11363] [22.0] [cxt 0] Pipeline 'ingress': start
[09:12:52.559] [bmv2] [T] [thread 11363] [22.0] [cxt 0] Applying table 'MyIngress.ipv4_forward'
[09:12:52.559] [bmv2] [D] [thread 11363] [22.0] [cxt 0] Looking up key:
* hdr.ipv4.dstAddr    : 00000000

[09:12:52.559] [bmv2] [D] [thread 11363] [22.0] [cxt 0] Table 'MyIngress.ipv4_forward': miss
[09:12:52.559] [bmv2] [D] [thread 11363] [22.0] [cxt 0] Action entry is MyIngress.drop - 
[09:12:52.559] [bmv2] [T] [thread 11363] [22.0] [cxt 0] Action MyIngress.drop
[09:12:52.559] [bmv2] [T] [thread 11363] [22.0] [cxt 0] straggler.p4(155) Primitive mark_to_drop(standard_metadata)
[09:12:52.559] [bmv2] [T] [thread 11363] [22.0] [cxt 0] straggler.p4(284) Condition "hdr.collective.isValid()" (node_3) is false
[09:12:52.559] [bmv2] [D] [thread 11363] [22.0] [cxt 0] Pipeline 'ingress': end
[09:12:52.559] [bmv2] [D] [thread 11363] [22.0] [cxt 0] Egress port is 511
[09:12:52.559] [bmv2] [D] [thread 11363] [22.0] [cxt 0] Dropping packet at the end of ingress
[09:12:53.411] [bmv2] [D] [thread 11363] [23.0] [cxt 0] Processing packet received on port 1
[09:12:53.411] [bmv2] [D] [thread 11363] [23.0] [cxt 0] Parser 'parser': start
[09:12:53.411] [bmv2] [D] [thread 11363] [23.0] [cxt 0] Parser 'parser' entering state 'start'
[09:12:53.411] [bmv2] [D] [thread 11363] [23.0] [cxt 0] Extracting header 'ethernet'
[09:12:53.411] [bmv2] [D] [thread 11363] [23.0] [cxt 0] Parser state 'start': key is 86dd
[09:12:53.411] [bmv2] [T] [thread 11363] [23.0] [cxt 0] Bytes parsed: 14
[09:12:53.411] [bmv2] [D] [thread 11363] [23.0] [cxt 0] Parser 'parser': end
[09:12:53.411] [bmv2] [D] [thread 11363] [23.0] [cxt 0] Pipeline 'ingress': start
[09:12:53.411] [bmv2] [T] [thread 11363] [23.0] [cxt 0] Applying table 'MyIngress.ipv4_forward'
[09:12:53.411] [bmv2] [D] [thread 11363] [23.0] [cxt 0] Looking up key:
* hdr.ipv4.dstAddr    : 00000000

[09:12:53.411] [bmv2] [D] [thread 11363] [23.0] [cxt 0] Table 'MyIngress.ipv4_forward': miss
[09:12:53.411] [bmv2] [D] [thread 11363] [23.0] [cxt 0] Action entry is MyIngress.drop - 
[09:12:53.411] [bmv2] [T] [thread 11363] [23.0] [cxt 0] Action MyIngress.drop
[09:12:53.411] [bmv2] [T] [thread 11363] [23.0] [cxt 0] straggler.p4(155) Primitive mark_to_drop(standard_metadata)
[09:12:53.411] [bmv2] [T] [thread 11363] [23.0] [cxt 0] straggler.p4(284) Condition "hdr.collective.isValid()" (node_3) is false
[09:12:53.411] [bmv2] [D] [thread 11363] [23.0] [cxt 0] Pipeline 'ingress': end
[09:12:53.411] [bmv2] [D] [thread 11363] [23.0] [cxt 0] Egress port is 511
[09:12:53.411] [bmv2] [D] [thread 11363] [23.0] [cxt 0] Dropping packet at the end of ingress
[09:12:53.538] [bmv2] [D] [thread 11363] [24.0] [cxt 0] Processing packet received on port 2
[09:12:53.538] [bmv2] [D] [thread 11363] [24.0] [cxt 0] Parser 'parser': start
[09:12:53.538] [bmv2] [D] [thread 11363] [24.0] [cxt 0] Parser 'parser' entering state 'start'
[09:12:53.538] [bmv2] [D] [thread 11363] [24.0] [cxt 0] Extracting header 'ethernet'
[09:12:53.538] [bmv2] [D] [thread 11363] [24.0] [cxt 0] Parser state 'start': key is 86dd
[09:12:53.538] [bmv2] [T] [thread 11363] [24.0] [cxt 0] Bytes parsed: 14
[09:12:53.538] [bmv2] [D] [thread 11363] [24.0] [cxt 0] Parser 'parser': end
[09:12:53.538] [bmv2] [D] [thread 11363] [24.0] [cxt 0] Pipeline 'ingress': start
[09:12:53.538] [bmv2] [T] [thread 11363] [24.0] [cxt 0] Applying table 'MyIngress.ipv4_forward'
[09:12:53.538] [bmv2] [D] [thread 11363] [24.0] [cxt 0] Looking up key:
* hdr.ipv4.dstAddr    : 00000000

[09:12:53.538] [bmv2] [D] [thread 11363] [24.0] [cxt 0] Table 'MyIngress.ipv4_forward': miss
[09:12:53.538] [bmv2] [D] [thread 11363] [24.0] [cxt 0] Action entry is MyIngress.drop - 
[09:12:53.538] [bmv2] [T] [thread 11363] [24.0] [cxt 0] Action MyIngress.drop
[09:12:53.538] [bmv2] [T] [thread 11363] [24.0] [cxt 0] straggler.p4(155) Primitive mark_to_drop(standard_metadata)
[09:12:53.538] [bmv2] [T] [thread 11363] [24.0] [cxt 0] straggler.p4(284) Condition "hdr.collective.isValid()" (node_3) is false
[09:12:53.538] [bmv2] [D] [thread 11363] [24.0] [cxt 0] Pipeline 'ingress': end
[09:12:53.538] [bmv2] [D] [thread 11363] [24.0] [cxt 0] Egress port is 511
[09:12:53.538] [bmv2] [D] [thread 11363] [24.0] [cxt 0] Dropping packet at the end of ingress
[09:12:53.730] [bmv2] [D] [thread 11363] [25.0] [cxt 0] Processing packet received on port 1
[09:12:53.730] [bmv2] [D] [thread 11363] [25.0] [cxt 0] Parser 'parser': start
[09:12:53.730] [bmv2] [D] [thread 11363] [25.0] [cxt 0] Parser 'parser' entering state 'start'
[09:12:53.730] [bmv2] [D] [thread 11363] [25.0] [cxt 0] Extracting header 'ethernet'
[09:12:53.730] [bmv2] [D] [thread 11363] [25.0] [cxt 0] Parser state 'start': key is 86dd
[09:12:53.730] [bmv2] [T] [thread 11363] [25.0] [cxt 0] Bytes parsed: 14
[09:12:53.730] [bmv2] [D] [thread 11363] [25.0] [cxt 0] Parser 'parser': end
[09:12:53.730] [bmv2] [D] [thread 11363] [25.0] [cxt 0] Pipeline 'ingress': start
[09:12:53.730] [bmv2] [T] [thread 11363] [25.0] [cxt 0] Applying table 'MyIngress.ipv4_forward'
[09:12:53.730] [bmv2] [D] [thread 11363] [25.0] [cxt 0] Looking up key:
* hdr.ipv4.dstAddr    : 00000000

[09:12:53.730] [bmv2] [D] [thread 11363] [25.0] [cxt 0] Table 'MyIngress.ipv4_forward': miss
[09:12:53.730] [bmv2] [D] [thread 11363] [25.0] [cxt 0] Action entry is MyIngress.drop - 
[09:12:53.730] [bmv2] [T] [thread 11363] [25.0] [cxt 0] Action MyIngress.drop
[09:12:53.730] [bmv2] [T] [thread 11363] [25.0] [cxt 0] straggler.p4(155) Primitive mark_to_drop(standard_metadata)
[09:12:53.730] [bmv2] [T] [thread 11363] [25.0] [cxt 0] straggler.p4(284) Condition "hdr.collective.isValid()" (node_3) is false
[09:12:53.730] [bmv2] [D] [thread 11363] [25.0] [cxt 0] Pipeline 'ingress': end
[09:12:53.730] [bmv2] [D] [thread 11363] [25.0] [cxt 0] Egress port is 511
[09:12:53.730] [bmv2] [D] [thread 11363] [25.0] [cxt 0] Dropping packet at the end of ingress
[09:12:54.020] [bmv2] [D] [thread 11363] [26.0] [cxt 0] Processing packet received on port 1
[09:12:54.020] [bmv2] [D] [thread 11363] [26.0] [cxt 0] Parser 'parser': start
[09:12:54.020] [bmv2] [D] [thread 11363] [26.0] [cxt 0] Parser 'parser' entering state 'start'
[09:12:54.020] [bmv2] [D] [thread 11363] [26.0] [cxt 0] Extracting header 'ethernet'
[09:12:54.020] [bmv2] [D] [thread 11363] [26.0] [cxt 0] Parser state 'start': key is 86dd
[09:12:54.020] [bmv2] [T] [thread 11363] [26.0] [cxt 0] Bytes parsed: 14
[09:12:54.020] [bmv2] [D] [thread 11363] [26.0] [cxt 0] Parser 'parser': end
[09:12:54.020] [bmv2] [D] [thread 11363] [26.0] [cxt 0] Pipeline 'ingress': start
[09:12:54.020] [bmv2] [T] [thread 11363] [26.0] [cxt 0] Applying table 'MyIngress.ipv4_forward'
[09:12:54.020] [bmv2] [D] [thread 11363] [26.0] [cxt 0] Looking up key:
* hdr.ipv4.dstAddr    : 00000000

[09:12:54.020] [bmv2] [D] [thread 11363] [26.0] [cxt 0] Table 'MyIngress.ipv4_forward': miss
[09:12:54.020] [bmv2] [D] [thread 11363] [26.0] [cxt 0] Action entry is MyIngress.drop - 
[09:12:54.020] [bmv2] [T] [thread 11363] [26.0] [cxt 0] Action MyIngress.drop
[09:12:54.020] [bmv2] [T] [thread 11363] [26.0] [cxt 0] straggler.p4(155) Primitive mark_to_drop(standard_metadata)
[09:12:54.020] [bmv2] [T] [thread 11363] [26.0] [cxt 0] straggler.p4(284) Condition "hdr.collective.isValid()" (node_3) is false
[09:12:54.020] [bmv2] [D] [thread 11363] [26.0] [cxt 0] Pipeline 'ingress': end
[09:12:54.020] [bmv2] [D] [thread 11363] [26.0] [cxt 0] Egress port is 511
[09:12:54.020] [bmv2] [D] [thread 11363] [26.0] [cxt 0] Dropping packet at the end of ingress
[09:12:54.330] [bmv2] [D] [thread 11363] [27.0] [cxt 0] Processing packet received on port 1
[09:12:54.330] [bmv2] [D] [thread 11363] [27.0] [cxt 0] Parser 'parser': start
[09:12:54.330] [bmv2] [D] [thread 11363] [27.0] [cxt 0] Parser 'parser' entering state 'start'
[09:12:54.330] [bmv2] [D] [thread 11363] [27.0] [cxt 0] Extracting header 'ethernet'
[09:12:54.330] [bmv2] [D] [thread 11363] [27.0] [cxt 0] Parser state 'start': key is 86dd
[09:12:54.330] [bmv2] [T] [thread 11363] [27.0] [cxt 0] Bytes parsed: 14
[09:12:54.330] [bmv2] [D] [thread 11363] [27.0] [cxt 0] Parser 'parser': end
[09:12:54.330] [bmv2] [D] [thread 11363] [27.0] [cxt 0] Pipeline 'ingress': start
[09:12:54.330] [bmv2] [T] [thread 11363] [27.0] [cxt 0] Applying table 'MyIngress.ipv4_forward'
[09:12:54.330] [bmv2] [D] [thread 11363] [27.0] [cxt 0] Looking up key:
* hdr.ipv4.dstAddr    : 00000000

[09:12:54.330] [bmv2] [D] [thread 11363] [27.0] [cxt 0] Table 'MyIngress.ipv4_forward': miss
[09:12:54.330] [bmv2] [D] [thread 11363] [27.0] [cxt 0] Action entry is MyIngress.drop - 
[09:12:54.330] [bmv2] [T] [thread 11363] [27.0] [cxt 0] Action MyIngress.drop
[09:12:54.330] [bmv2] [T] [thread 11363] [27.0] [cxt 0] straggler.p4(155) Primitive mark_to_drop(standard_metadata)
[09:12:54.330] [bmv2] [T] [thread 11363] [27.0] [cxt 0] straggler.p4(284) Condition "hdr.collective.isValid()" (node_3) is false
[09:12:54.330] [bmv2] [D] [thread 11363] [27.0] [cxt 0] Pipeline 'ingress': end
[09:12:54.330] [bmv2] [D] [thread 11363] [27.0] [cxt 0] Egress port is 511
[09:12:54.330] [bmv2] [D] [thread 11363] [27.0] [cxt 0] Dropping packet at the end of ingress
[09:12:54.462] [bmv2] [D] [thread 11363] [28.0] [cxt 0] Processing packet received on port 2
[09:12:54.462] [bmv2] [D] [thread 11363] [28.0] [cxt 0] Parser 'parser': start
[09:12:54.462] [bmv2] [D] [thread 11363] [28.0] [cxt 0] Parser 'parser' entering state 'start'
[09:12:54.462] [bmv2] [D] [thread 11363] [28.0] [cxt 0] Extracting header 'ethernet'
[09:12:54.462] [bmv2] [D] [thread 11363] [28.0] [cxt 0] Parser state 'start': key is 86dd
[09:12:54.462] [bmv2] [T] [thread 11363] [28.0] [cxt 0] Bytes parsed: 14
[09:12:54.462] [bmv2] [D] [thread 11363] [28.0] [cxt 0] Parser 'parser': end
[09:12:54.462] [bmv2] [D] [thread 11363] [28.0] [cxt 0] Pipeline 'ingress': start
[09:12:54.462] [bmv2] [T] [thread 11363] [28.0] [cxt 0] Applying table 'MyIngress.ipv4_forward'
[09:12:54.462] [bmv2] [D] [thread 11363] [28.0] [cxt 0] Looking up key:
* hdr.ipv4.dstAddr    : 00000000

[09:12:54.462] [bmv2] [D] [thread 11363] [28.0] [cxt 0] Table 'MyIngress.ipv4_forward': miss
[09:12:54.462] [bmv2] [D] [thread 11363] [28.0] [cxt 0] Action entry is MyIngress.drop - 
[09:12:54.462] [bmv2] [T] [thread 11363] [28.0] [cxt 0] Action MyIngress.drop
[09:12:54.462] [bmv2] [T] [thread 11363] [28.0] [cxt 0] straggler.p4(155) Primitive mark_to_drop(standard_metadata)
[09:12:54.462] [bmv2] [T] [thread 11363] [28.0] [cxt 0] straggler.p4(284) Condition "hdr.collective.isValid()" (node_3) is false
[09:12:54.462] [bmv2] [D] [thread 11363] [28.0] [cxt 0] Pipeline 'ingress': end
[09:12:54.462] [bmv2] [D] [thread 11363] [28.0] [cxt 0] Egress port is 511
[09:12:54.462] [bmv2] [D] [thread 11363] [28.0] [cxt 0] Dropping packet at the end of ingress
[09:12:54.467] [bmv2] [D] [thread 11363] [29.0] [cxt 0] Processing packet received on port 2
[09:12:54.467] [bmv2] [D] [thread 11363] [29.0] [cxt 0] Parser 'parser': start
[09:12:54.467] [bmv2] [D] [thread 11363] [29.0] [cxt 0] Parser 'parser' entering state 'start'
[09:12:54.467] [bmv2] [D] [thread 11363] [29.0] [cxt 0] Extracting header 'ethernet'
[09:12:54.467] [bmv2] [D] [thread 11363] [29.0] [cxt 0] Parser state 'start': key is 86dd
[09:12:54.467] [bmv2] [T] [thread 11363] [29.0] [cxt 0] Bytes parsed: 14
[09:12:54.467] [bmv2] [D] [thread 11363] [29.0] [cxt 0] Parser 'parser': end
[09:12:54.467] [bmv2] [D] [thread 11363] [29.0] [cxt 0] Pipeline 'ingress': start
[09:12:54.467] [bmv2] [T] [thread 11363] [29.0] [cxt 0] Applying table 'MyIngress.ipv4_forward'
[09:12:54.467] [bmv2] [D] [thread 11363] [29.0] [cxt 0] Looking up key:
* hdr.ipv4.dstAddr    : 00000000

[09:12:54.467] [bmv2] [D] [thread 11363] [29.0] [cxt 0] Table 'MyIngress.ipv4_forward': miss
[09:12:54.467] [bmv2] [D] [thread 11363] [29.0] [cxt 0] Action entry is MyIngress.drop - 
[09:12:54.467] [bmv2] [T] [thread 11363] [29.0] [cxt 0] Action MyIngress.drop
[09:12:54.467] [bmv2] [T] [thread 11363] [29.0] [cxt 0] straggler.p4(155) Primitive mark_to_drop(standard_metadata)
[09:12:54.467] [bmv2] [T] [thread 11363] [29.0] [cxt 0] straggler.p4(284) Condition "hdr.collective.isValid()" (node_3) is false
[09:12:54.467] [bmv2] [D] [thread 11363] [29.0] [cxt 0] Pipeline 'ingress': end
[09:12:54.467] [bmv2] [D] [thread 11363] [29.0] [cxt 0] Egress port is 511
[09:12:54.467] [bmv2] [D] [thread 11363] [29.0] [cxt 0] Dropping packet at the end of ingress
[09:12:54.523] [bmv2] [D] [thread 11363] [30.0] [cxt 0] Processing packet received on port 2
[09:12:54.523] [bmv2] [D] [thread 11363] [30.0] [cxt 0] Parser 'parser': start
[09:12:54.523] [bmv2] [D] [thread 11363] [30.0] [cxt 0] Parser 'parser' entering state 'start'
[09:12:54.523] [bmv2] [D] [thread 11363] [30.0] [cxt 0] Extracting header 'ethernet'
[09:12:54.523] [bmv2] [D] [thread 11363] [30.0] [cxt 0] Parser state 'start': key is 86dd
[09:12:54.523] [bmv2] [T] [thread 11363] [30.0] [cxt 0] Bytes parsed: 14
[09:12:54.523] [bmv2] [D] [thread 11363] [30.0] [cxt 0] Parser 'parser': end
[09:12:54.523] [bmv2] [D] [thread 11363] [30.0] [cxt 0] Pipeline 'ingress': start
[09:12:54.523] [bmv2] [T] [thread 11363] [30.0] [cxt 0] Applying table 'MyIngress.ipv4_forward'
[09:12:54.523] [bmv2] [D] [thread 11363] [30.0] [cxt 0] Looking up key:
* hdr.ipv4.dstAddr    : 00000000

[09:12:54.523] [bmv2] [D] [thread 11363] [30.0] [cxt 0] Table 'MyIngress.ipv4_forward': miss
[09:12:54.523] [bmv2] [D] [thread 11363] [30.0] [cxt 0] Action entry is MyIngress.drop - 
[09:12:54.523] [bmv2] [T] [thread 11363] [30.0] [cxt 0] Action MyIngress.drop
[09:12:54.523] [bmv2] [T] [thread 11363] [30.0] [cxt 0] straggler.p4(155) Primitive mark_to_drop(standard_metadata)
[09:12:54.523] [bmv2] [T] [thread 11363] [30.0] [cxt 0] straggler.p4(284) Condition "hdr.collective.isValid()" (node_3) is false
[09:12:54.523] [bmv2] [D] [thread 11363] [30.0] [cxt 0] Pipeline 'ingress': end
[09:12:54.523] [bmv2] [D] [thread 11363] [30.0] [cxt 0] Egress port is 511
[09:12:54.523] [bmv2] [D] [thread 11363] [30.0] [cxt 0] Dropping packet at the end of ingress
[09:12:54.649] [bmv2] [D] [thread 11363] [31.0] [cxt 0] Processing packet received on port 1
[09:12:54.649] [bmv2] [D] [thread 11363] [31.0] [cxt 0] Parser 'parser': start
[09:12:54.649] [bmv2] [D] [thread 11363] [31.0] [cxt 0] Parser 'parser' entering state 'start'
[09:12:54.649] [bmv2] [D] [thread 11363] [31.0] [cxt 0] Extracting header 'ethernet'
[09:12:54.649] [bmv2] [D] [thread 11363] [31.0] [cxt 0] Parser state 'start': key is 86dd
[09:12:54.649] [bmv2] [T] [thread 11363] [31.0] [cxt 0] Bytes parsed: 14
[09:12:54.649] [bmv2] [D] [thread 11363] [31.0] [cxt 0] Parser 'parser': end
[09:12:54.649] [bmv2] [D] [thread 11363] [31.0] [cxt 0] Pipeline 'ingress': start
[09:12:54.649] [bmv2] [T] [thread 11363] [31.0] [cxt 0] Applying table 'MyIngress.ipv4_forward'
[09:12:54.649] [bmv2] [D] [thread 11363] [31.0] [cxt 0] Looking up key:
* hdr.ipv4.dstAddr    : 00000000

[09:12:54.649] [bmv2] [D] [thread 11363] [31.0] [cxt 0] Table 'MyIngress.ipv4_forward': miss
[09:12:54.649] [bmv2] [D] [thread 11363] [31.0] [cxt 0] Action entry is MyIngress.drop - 
[09:12:54.649] [bmv2] [T] [thread 11363] [31.0] [cxt 0] Action MyIngress.drop
[09:12:54.649] [bmv2] [T] [thread 11363] [31.0] [cxt 0] straggler.p4(155) Primitive mark_to_drop(standard_metadata)
[09:12:54.649] [bmv2] [T] [thread 11363] [31.0] [cxt 0] straggler.p4(284) Condition "hdr.collective.isValid()" (node_3) is false
[09:12:54.649] [bmv2] [D] [thread 11363] [31.0] [cxt 0] Pipeline 'ingress': end
[09:12:54.649] [bmv2] [D] [thread 11363] [31.0] [cxt 0] Egress port is 511
[09:12:54.649] [bmv2] [D] [thread 11363] [31.0] [cxt 0] Dropping packet at the end of ingress
[09:12:54.723] [bmv2] [D] [thread 11363] [32.0] [cxt 0] Processing packet received on port 2
[09:12:54.723] [bmv2] [D] [thread 11363] [32.0] [cxt 0] Parser 'parser': start
[09:12:54.723] [bmv2] [D] [thread 11363] [32.0] [cxt 0] Parser 'parser' entering state 'start'
[09:12:54.723] [bmv2] [D] [thread 11363] [32.0] [cxt 0] Extracting header 'ethernet'
[09:12:54.723] [bmv2] [D] [thread 11363] [32.0] [cxt 0] Parser state 'start': key is 86dd
[09:12:54.723] [bmv2] [T] [thread 11363] [32.0] [cxt 0] Bytes parsed: 14
[09:12:54.723] [bmv2] [D] [thread 11363] [32.0] [cxt 0] Parser 'parser': end
[09:12:54.723] [bmv2] [D] [thread 11363] [32.0] [cxt 0] Pipeline 'ingress': start
[09:12:54.723] [bmv2] [T] [thread 11363] [32.0] [cxt 0] Applying table 'MyIngress.ipv4_forward'
[09:12:54.723] [bmv2] [D] [thread 11363] [32.0] [cxt 0] Looking up key:
* hdr.ipv4.dstAddr    : 00000000

[09:12:54.723] [bmv2] [D] [thread 11363] [32.0] [cxt 0] Table 'MyIngress.ipv4_forward': miss
[09:12:54.723] [bmv2] [D] [thread 11363] [32.0] [cxt 0] Action entry is MyIngress.drop - 
[09:12:54.723] [bmv2] [T] [thread 11363] [32.0] [cxt 0] Action MyIngress.drop
[09:12:54.723] [bmv2] [T] [thread 11363] [32.0] [cxt 0] straggler.p4(155) Primitive mark_to_drop(standard_metadata)
[09:12:54.723] [bmv2] [T] [thread 11363] [32.0] [cxt 0] straggler.p4(284) Condition "hdr.collective.isValid()" (node_3) is false
[09:12:54.723] [bmv2] [D] [thread 11363] [32.0] [cxt 0] Pipeline 'ingress': end
[09:12:54.723] [bmv2] [D] [thread 11363] [32.0] [cxt 0] Egress port is 511
[09:12:54.723] [bmv2] [D] [thread 11363] [32.0] [cxt 0] Dropping packet at the end of ingress
[09:12:55.235] [bmv2] [D] [thread 11363] [33.0] [cxt 0] Processing packet received on port 1
[09:12:55.235] [bmv2] [D] [thread 11363] [33.0] [cxt 0] Parser 'parser': start
[09:12:55.235] [bmv2] [D] [thread 11363] [33.0] [cxt 0] Parser 'parser' entering state 'start'
[09:12:55.235] [bmv2] [D] [thread 11363] [33.0] [cxt 0] Extracting header 'ethernet'
[09:12:55.235] [bmv2] [D] [thread 11363] [33.0] [cxt 0] Parser state 'start': key is 86dd
[09:12:55.235] [bmv2] [T] [thread 11363] [33.0] [cxt 0] Bytes parsed: 14
[09:12:55.235] [bmv2] [D] [thread 11363] [33.0] [cxt 0] Parser 'parser': end
[09:12:55.235] [bmv2] [D] [thread 11363] [33.0] [cxt 0] Pipeline 'ingress': start
[09:12:55.235] [bmv2] [T] [thread 11363] [33.0] [cxt 0] Applying table 'MyIngress.ipv4_forward'
[09:12:55.235] [bmv2] [D] [thread 11363] [33.0] [cxt 0] Looking up key:
* hdr.ipv4.dstAddr    : 00000000

[09:12:55.235] [bmv2] [D] [thread 11363] [33.0] [cxt 0] Table 'MyIngress.ipv4_forward': miss
[09:12:55.235] [bmv2] [D] [thread 11363] [33.0] [cxt 0] Action entry is MyIngress.drop - 
[09:12:55.235] [bmv2] [T] [thread 11363] [33.0] [cxt 0] Action MyIngress.drop
[09:12:55.235] [bmv2] [T] [thread 11363] [33.0] [cxt 0] straggler.p4(155) Primitive mark_to_drop(standard_metadata)
[09:12:55.235] [bmv2] [T] [thread 11363] [33.0] [cxt 0] straggler.p4(284) Condition "hdr.collective.isValid()" (node_3) is false
[09:12:55.235] [bmv2] [D] [thread 11363] [33.0] [cxt 0] Pipeline 'ingress': end
[09:12:55.235] [bmv2] [D] [thread 11363] [33.0] [cxt 0] Egress port is 511
[09:12:55.235] [bmv2] [D] [thread 11363] [33.0] [cxt 0] Dropping packet at the end of ingress
[09:12:57.415] [bmv2] [D] [thread 11363] [34.0] [cxt 0] Processing packet received on port 1
[09:12:57.415] [bmv2] [D] [thread 11363] [34.0] [cxt 0] Parser 'parser': start
[09:12:57.415] [bmv2] [D] [thread 11363] [34.0] [cxt 0] Parser 'parser' entering state 'start'
[09:12:57.415] [bmv2] [D] [thread 11363] [34.0] [cxt 0] Extracting header 'ethernet'
[09:12:57.415] [bmv2] [D] [thread 11363] [34.0] [cxt 0] Parser state 'start': key is 86dd
[09:12:57.415] [bmv2] [T] [thread 11363] [34.0] [cxt 0] Bytes parsed: 14
[09:12:57.415] [bmv2] [D] [thread 11363] [34.0] [cxt 0] Parser 'parser': end
[09:12:57.415] [bmv2] [D] [thread 11363] [34.0] [cxt 0] Pipeline 'ingress': start
[09:12:57.415] [bmv2] [T] [thread 11363] [34.0] [cxt 0] Applying table 'MyIngress.ipv4_forward'
[09:12:57.415] [bmv2] [D] [thread 11363] [34.0] [cxt 0] Looking up key:
* hdr.ipv4.dstAddr    : 00000000

[09:12:57.415] [bmv2] [D] [thread 11363] [34.0] [cxt 0] Table 'MyIngress.ipv4_forward': miss
[09:12:57.415] [bmv2] [D] [thread 11363] [34.0] [cxt 0] Action entry is MyIngress.drop - 
[09:12:57.415] [bmv2] [T] [thread 11363] [34.0] [cxt 0] Action MyIngress.drop
[09:12:57.415] [bmv2] [T] [thread 11363] [34.0] [cxt 0] straggler.p4(155) Primitive mark_to_drop(standard_metadata)
[09:12:57.416] [bmv2] [T] [thread 11363] [34.0] [cxt 0] straggler.p4(284) Condition "hdr.collective.isValid()" (node_3) is false
[09:12:57.416] [bmv2] [D] [thread 11363] [34.0] [cxt 0] Pipeline 'ingress': end
[09:12:57.416] [bmv2] [D] [thread 11363] [34.0] [cxt 0] Egress port is 511
[09:12:57.416] [bmv2] [D] [thread 11363] [34.0] [cxt 0] Dropping packet at the end of ingress
[09:12:57.545] [bmv2] [D] [thread 11363] [35.0] [cxt 0] Processing packet received on port 2
[09:12:57.545] [bmv2] [D] [thread 11363] [35.0] [cxt 0] Parser 'parser': start
[09:12:57.545] [bmv2] [D] [thread 11363] [35.0] [cxt 0] Parser 'parser' entering state 'start'
[09:12:57.545] [bmv2] [D] [thread 11363] [35.0] [cxt 0] Extracting header 'ethernet'
[09:12:57.545] [bmv2] [D] [thread 11363] [35.0] [cxt 0] Parser state 'start': key is 86dd
[09:12:57.545] [bmv2] [T] [thread 11363] [35.0] [cxt 0] Bytes parsed: 14
[09:12:57.545] [bmv2] [D] [thread 11363] [35.0] [cxt 0] Parser 'parser': end
[09:12:57.545] [bmv2] [D] [thread 11363] [35.0] [cxt 0] Pipeline 'ingress': start
[09:12:57.545] [bmv2] [T] [thread 11363] [35.0] [cxt 0] Applying table 'MyIngress.ipv4_forward'
[09:12:57.545] [bmv2] [D] [thread 11363] [35.0] [cxt 0] Looking up key:
* hdr.ipv4.dstAddr    : 00000000

[09:12:57.545] [bmv2] [D] [thread 11363] [35.0] [cxt 0] Table 'MyIngress.ipv4_forward': miss
[09:12:57.545] [bmv2] [D] [thread 11363] [35.0] [cxt 0] Action entry is MyIngress.drop - 
[09:12:57.545] [bmv2] [T] [thread 11363] [35.0] [cxt 0] Action MyIngress.drop
[09:12:57.545] [bmv2] [T] [thread 11363] [35.0] [cxt 0] straggler.p4(155) Primitive mark_to_drop(standard_metadata)
[09:12:57.545] [bmv2] [T] [thread 11363] [35.0] [cxt 0] straggler.p4(284) Condition "hdr.collective.isValid()" (node_3) is false
[09:12:57.545] [bmv2] [D] [thread 11363] [35.0] [cxt 0] Pipeline 'ingress': end
[09:12:57.545] [bmv2] [D] [thread 11363] [35.0] [cxt 0] Egress port is 511
[09:12:57.545] [bmv2] [D] [thread 11363] [35.0] [cxt 0] Dropping packet at the end of ingress
[09:12:57.754] [bmv2] [D] [thread 11363] [36.0] [cxt 0] Processing packet received on port 1
[09:12:57.754] [bmv2] [D] [thread 11363] [36.0] [cxt 0] Parser 'parser': start
[09:12:57.754] [bmv2] [D] [thread 11363] [36.0] [cxt 0] Parser 'parser' entering state 'start'
[09:12:57.754] [bmv2] [D] [thread 11363] [36.0] [cxt 0] Extracting header 'ethernet'
[09:12:57.754] [bmv2] [D] [thread 11363] [36.0] [cxt 0] Parser state 'start': key is 86dd
[09:12:57.754] [bmv2] [T] [thread 11363] [36.0] [cxt 0] Bytes parsed: 14
[09:12:57.754] [bmv2] [D] [thread 11363] [36.0] [cxt 0] Parser 'parser': end
[09:12:57.754] [bmv2] [D] [thread 11363] [36.0] [cxt 0] Pipeline 'ingress': start
[09:12:57.754] [bmv2] [T] [thread 11363] [36.0] [cxt 0] Applying table 'MyIngress.ipv4_forward'
[09:12:57.754] [bmv2] [D] [thread 11363] [36.0] [cxt 0] Looking up key:
* hdr.ipv4.dstAddr    : 00000000

[09:12:57.754] [bmv2] [D] [thread 11363] [36.0] [cxt 0] Table 'MyIngress.ipv4_forward': miss
[09:12:57.754] [bmv2] [D] [thread 11363] [36.0] [cxt 0] Action entry is MyIngress.drop - 
[09:12:57.754] [bmv2] [T] [thread 11363] [36.0] [cxt 0] Action MyIngress.drop
[09:12:57.754] [bmv2] [T] [thread 11363] [36.0] [cxt 0] straggler.p4(155) Primitive mark_to_drop(standard_metadata)
[09:12:57.754] [bmv2] [T] [thread 11363] [36.0] [cxt 0] straggler.p4(284) Condition "hdr.collective.isValid()" (node_3) is false
[09:12:57.755] [bmv2] [D] [thread 11363] [36.0] [cxt 0] Pipeline 'ingress': end
[09:12:57.755] [bmv2] [D] [thread 11363] [36.0] [cxt 0] Egress port is 511
[09:12:57.755] [bmv2] [D] [thread 11363] [36.0] [cxt 0] Dropping packet at the end of ingress
[09:13:01.892] [bmv2] [D] [thread 11363] [37.0] [cxt 0] Processing packet received on port 1
[09:13:01.892] [bmv2] [D] [thread 11363] [37.0] [cxt 0] Parser 'parser': start
[09:13:01.892] [bmv2] [D] [thread 11363] [37.0] [cxt 0] Parser 'parser' entering state 'start'
[09:13:01.892] [bmv2] [D] [thread 11363] [37.0] [cxt 0] Extracting header 'ethernet'
[09:13:01.892] [bmv2] [D] [thread 11363] [37.0] [cxt 0] Parser state 'start': key is 86dd
[09:13:01.892] [bmv2] [T] [thread 11363] [37.0] [cxt 0] Bytes parsed: 14
[09:13:01.892] [bmv2] [D] [thread 11363] [37.0] [cxt 0] Parser 'parser': end
[09:13:01.892] [bmv2] [D] [thread 11363] [37.0] [cxt 0] Pipeline 'ingress': start
[09:13:01.892] [bmv2] [T] [thread 11363] [37.0] [cxt 0] Applying table 'MyIngress.ipv4_forward'
[09:13:01.892] [bmv2] [D] [thread 11363] [37.0] [cxt 0] Looking up key:
* hdr.ipv4.dstAddr    : 00000000

[09:13:01.892] [bmv2] [D] [thread 11363] [37.0] [cxt 0] Table 'MyIngress.ipv4_forward': miss
[09:13:01.892] [bmv2] [D] [thread 11363] [37.0] [cxt 0] Action entry is MyIngress.drop - 
[09:13:01.892] [bmv2] [T] [thread 11363] [37.0] [cxt 0] Action MyIngress.drop
[09:13:01.892] [bmv2] [T] [thread 11363] [37.0] [cxt 0] straggler.p4(155) Primitive mark_to_drop(standard_metadata)
[09:13:01.892] [bmv2] [T] [thread 11363] [37.0] [cxt 0] straggler.p4(284) Condition "hdr.collective.isValid()" (node_3) is false
[09:13:01.892] [bmv2] [D] [thread 11363] [37.0] [cxt 0] Pipeline 'ingress': end
[09:13:01.892] [bmv2] [D] [thread 11363] [37.0] [cxt 0] Egress port is 511
[09:13:01.892] [bmv2] [D] [thread 11363] [37.0] [cxt 0] Dropping packet at the end of ingress
[09:13:02.918] [bmv2] [D] [thread 11363] [38.0] [cxt 0] Processing packet received on port 2
[09:13:02.918] [bmv2] [D] [thread 11363] [38.0] [cxt 0] Parser 'parser': start
[09:13:02.918] [bmv2] [D] [thread 11363] [38.0] [cxt 0] Parser 'parser' entering state 'start'
[09:13:02.918] [bmv2] [D] [thread 11363] [38.0] [cxt 0] Extracting header 'ethernet'
[09:13:02.918] [bmv2] [D] [thread 11363] [38.0] [cxt 0] Parser state 'start': key is 86dd
[09:13:02.918] [bmv2] [T] [thread 11363] [38.0] [cxt 0] Bytes parsed: 14
[09:13:02.918] [bmv2] [D] [thread 11363] [38.0] [cxt 0] Parser 'parser': end
[09:13:02.918] [bmv2] [D] [thread 11363] [38.0] [cxt 0] Pipeline 'ingress': start
[09:13:02.918] [bmv2] [T] [thread 11363] [38.0] [cxt 0] Applying table 'MyIngress.ipv4_forward'
[09:13:02.918] [bmv2] [D] [thread 11363] [38.0] [cxt 0] Looking up key:
* hdr.ipv4.dstAddr    : 00000000

[09:13:02.918] [bmv2] [D] [thread 11363] [38.0] [cxt 0] Table 'MyIngress.ipv4_forward': miss
[09:13:02.919] [bmv2] [D] [thread 11363] [38.0] [cxt 0] Action entry is MyIngress.drop - 
[09:13:02.919] [bmv2] [T] [thread 11363] [38.0] [cxt 0] Action MyIngress.drop
[09:13:02.919] [bmv2] [T] [thread 11363] [38.0] [cxt 0] straggler.p4(155) Primitive mark_to_drop(standard_metadata)
[09:13:02.919] [bmv2] [T] [thread 11363] [38.0] [cxt 0] straggler.p4(284) Condition "hdr.collective.isValid()" (node_3) is false
[09:13:02.919] [bmv2] [D] [thread 11363] [38.0] [cxt 0] Pipeline 'ingress': end
[09:13:02.919] [bmv2] [D] [thread 11363] [38.0] [cxt 0] Egress port is 511
[09:13:02.919] [bmv2] [D] [thread 11363] [38.0] [cxt 0] Dropping packet at the end of ingress
[09:13:03.428] [bmv2] [D] [thread 11363] [39.0] [cxt 0] Processing packet received on port 2
[09:13:03.429] [bmv2] [D] [thread 11363] [39.0] [cxt 0] Parser 'parser': start
[09:13:03.429] [bmv2] [D] [thread 11363] [39.0] [cxt 0] Parser 'parser' entering state 'start'
[09:13:03.429] [bmv2] [D] [thread 11363] [39.0] [cxt 0] Extracting header 'ethernet'
[09:13:03.429] [bmv2] [D] [thread 11363] [39.0] [cxt 0] Parser state 'start': key is 86dd
[09:13:03.429] [bmv2] [T] [thread 11363] [39.0] [cxt 0] Bytes parsed: 14
[09:13:03.429] [bmv2] [D] [thread 11363] [39.0] [cxt 0] Parser 'parser': end
[09:13:03.429] [bmv2] [D] [thread 11363] [39.0] [cxt 0] Pipeline 'ingress': start
[09:13:03.429] [bmv2] [T] [thread 11363] [39.0] [cxt 0] Applying table 'MyIngress.ipv4_forward'
[09:13:03.429] [bmv2] [D] [thread 11363] [39.0] [cxt 0] Looking up key:
* hdr.ipv4.dstAddr    : 00000000

[09:13:03.429] [bmv2] [D] [thread 11363] [39.0] [cxt 0] Table 'MyIngress.ipv4_forward': miss
[09:13:03.429] [bmv2] [D] [thread 11363] [39.0] [cxt 0] Action entry is MyIngress.drop - 
[09:13:03.429] [bmv2] [T] [thread 11363] [39.0] [cxt 0] Action MyIngress.drop
[09:13:03.429] [bmv2] [T] [thread 11363] [39.0] [cxt 0] straggler.p4(155) Primitive mark_to_drop(standard_metadata)
[09:13:03.429] [bmv2] [T] [thread 11363] [39.0] [cxt 0] straggler.p4(284) Condition "hdr.collective.isValid()" (node_3) is false
[09:13:03.429] [bmv2] [D] [thread 11363] [39.0] [cxt 0] Pipeline 'ingress': end
[09:13:03.429] [bmv2] [D] [thread 11363] [39.0] [cxt 0] Egress port is 511
[09:13:03.429] [bmv2] [D] [thread 11363] [39.0] [cxt 0] Dropping packet at the end of ingress
[09:13:03.940] [bmv2] [D] [thread 11363] [40.0] [cxt 0] Processing packet received on port 1
[09:13:03.940] [bmv2] [D] [thread 11363] [40.0] [cxt 0] Parser 'parser': start
[09:13:03.940] [bmv2] [D] [thread 11363] [40.0] [cxt 0] Parser 'parser' entering state 'start'
[09:13:03.940] [bmv2] [D] [thread 11363] [40.0] [cxt 0] Extracting header 'ethernet'
[09:13:03.940] [bmv2] [D] [thread 11363] [40.0] [cxt 0] Parser state 'start': key is 86dd
[09:13:03.940] [bmv2] [T] [thread 11363] [40.0] [cxt 0] Bytes parsed: 14
[09:13:03.940] [bmv2] [D] [thread 11363] [40.0] [cxt 0] Parser 'parser': end
[09:13:03.940] [bmv2] [D] [thread 11363] [40.0] [cxt 0] Pipeline 'ingress': start
[09:13:03.941] [bmv2] [T] [thread 11363] [40.0] [cxt 0] Applying table 'MyIngress.ipv4_forward'
[09:13:03.941] [bmv2] [D] [thread 11363] [40.0] [cxt 0] Looking up key:
* hdr.ipv4.dstAddr    : 00000000

[09:13:03.941] [bmv2] [D] [thread 11363] [40.0] [cxt 0] Table 'MyIngress.ipv4_forward': miss
[09:13:03.941] [bmv2] [D] [thread 11363] [40.0] [cxt 0] Action entry is MyIngress.drop - 
[09:13:03.941] [bmv2] [T] [thread 11363] [40.0] [cxt 0] Action MyIngress.drop
[09:13:03.941] [bmv2] [T] [thread 11363] [40.0] [cxt 0] straggler.p4(155) Primitive mark_to_drop(standard_metadata)
[09:13:03.941] [bmv2] [T] [thread 11363] [40.0] [cxt 0] straggler.p4(284) Condition "hdr.collective.isValid()" (node_3) is false
[09:13:03.941] [bmv2] [D] [thread 11363] [40.0] [cxt 0] Pipeline 'ingress': end
[09:13:03.941] [bmv2] [D] [thread 11363] [40.0] [cxt 0] Egress port is 511
[09:13:03.941] [bmv2] [D] [thread 11363] [40.0] [cxt 0] Dropping packet at the end of ingress
[09:13:05.416] [bmv2] [D] [thread 11363] [41.0] [cxt 0] Processing packet received on port 1
[09:13:05.416] [bmv2] [D] [thread 11363] [41.0] [cxt 0] Parser 'parser': start
[09:13:05.416] [bmv2] [D] [thread 11363] [41.0] [cxt 0] Parser 'parser' entering state 'start'
[09:13:05.416] [bmv2] [D] [thread 11363] [41.0] [cxt 0] Extracting header 'ethernet'
[09:13:05.416] [bmv2] [D] [thread 11363] [41.0] [cxt 0] Parser state 'start': key is 86dd
[09:13:05.416] [bmv2] [T] [thread 11363] [41.0] [cxt 0] Bytes parsed: 14
[09:13:05.416] [bmv2] [D] [thread 11363] [41.0] [cxt 0] Parser 'parser': end
[09:13:05.416] [bmv2] [D] [thread 11363] [41.0] [cxt 0] Pipeline 'ingress': start
[09:13:05.416] [bmv2] [T] [thread 11363] [41.0] [cxt 0] Applying table 'MyIngress.ipv4_forward'
[09:13:05.417] [bmv2] [D] [thread 11363] [41.0] [cxt 0] Looking up key:
* hdr.ipv4.dstAddr    : 00000000

[09:13:05.417] [bmv2] [D] [thread 11363] [41.0] [cxt 0] Table 'MyIngress.ipv4_forward': miss
[09:13:05.417] [bmv2] [D] [thread 11363] [41.0] [cxt 0] Action entry is MyIngress.drop - 
[09:13:05.417] [bmv2] [T] [thread 11363] [41.0] [cxt 0] Action MyIngress.drop
[09:13:05.417] [bmv2] [T] [thread 11363] [41.0] [cxt 0] straggler.p4(155) Primitive mark_to_drop(standard_metadata)
[09:13:05.417] [bmv2] [T] [thread 11363] [41.0] [cxt 0] straggler.p4(284) Condition "hdr.collective.isValid()" (node_3) is false
[09:13:05.417] [bmv2] [D] [thread 11363] [41.0] [cxt 0] Pipeline 'ingress': end
[09:13:05.417] [bmv2] [D] [thread 11363] [41.0] [cxt 0] Egress port is 511
[09:13:05.417] [bmv2] [D] [thread 11363] [41.0] [cxt 0] Dropping packet at the end of ingress
[09:13:05.544] [bmv2] [D] [thread 11363] [42.0] [cxt 0] Processing packet received on port 2
[09:13:05.545] [bmv2] [D] [thread 11363] [42.0] [cxt 0] Parser 'parser': start
[09:13:05.545] [bmv2] [D] [thread 11363] [42.0] [cxt 0] Parser 'parser' entering state 'start'
[09:13:05.545] [bmv2] [D] [thread 11363] [42.0] [cxt 0] Extracting header 'ethernet'
[09:13:05.545] [bmv2] [D] [thread 11363] [42.0] [cxt 0] Parser state 'start': key is 86dd
[09:13:05.545] [bmv2] [T] [thread 11363] [42.0] [cxt 0] Bytes parsed: 14
[09:13:05.545] [bmv2] [D] [thread 11363] [42.0] [cxt 0] Parser 'parser': end
[09:13:05.545] [bmv2] [D] [thread 11363] [42.0] [cxt 0] Pipeline 'ingress': start
[09:13:05.545] [bmv2] [T] [thread 11363] [42.0] [cxt 0] Applying table 'MyIngress.ipv4_forward'
[09:13:05.545] [bmv2] [D] [thread 11363] [42.0] [cxt 0] Looking up key:
* hdr.ipv4.dstAddr    : 00000000

[09:13:05.545] [bmv2] [D] [thread 11363] [42.0] [cxt 0] Table 'MyIngress.ipv4_forward': miss
[09:13:05.545] [bmv2] [D] [thread 11363] [42.0] [cxt 0] Action entry is MyIngress.drop - 
[09:13:05.545] [bmv2] [T] [thread 11363] [42.0] [cxt 0] Action MyIngress.drop
[09:13:05.545] [bmv2] [T] [thread 11363] [42.0] [cxt 0] straggler.p4(155) Primitive mark_to_drop(standard_metadata)
[09:13:05.545] [bmv2] [T] [thread 11363] [42.0] [cxt 0] straggler.p4(284) Condition "hdr.collective.isValid()" (node_3) is false
[09:13:05.545] [bmv2] [D] [thread 11363] [42.0] [cxt 0] Pipeline 'ingress': end
[09:13:05.545] [bmv2] [D] [thread 11363] [42.0] [cxt 0] Egress port is 511
[09:13:05.545] [bmv2] [D] [thread 11363] [42.0] [cxt 0] Dropping packet at the end of ingress
[09:13:05.740] [bmv2] [D] [thread 11363] [43.0] [cxt 0] Processing packet received on port 1
[09:13:05.740] [bmv2] [D] [thread 11363] [43.0] [cxt 0] Parser 'parser': start
[09:13:05.740] [bmv2] [D] [thread 11363] [43.0] [cxt 0] Parser 'parser' entering state 'start'
[09:13:05.740] [bmv2] [D] [thread 11363] [43.0] [cxt 0] Extracting header 'ethernet'
[09:13:05.740] [bmv2] [D] [thread 11363] [43.0] [cxt 0] Parser state 'start': key is 86dd
[09:13:05.740] [bmv2] [T] [thread 11363] [43.0] [cxt 0] Bytes parsed: 14
[09:13:05.740] [bmv2] [D] [thread 11363] [43.0] [cxt 0] Parser 'parser': end
[09:13:05.740] [bmv2] [D] [thread 11363] [43.0] [cxt 0] Pipeline 'ingress': start
[09:13:05.740] [bmv2] [T] [thread 11363] [43.0] [cxt 0] Applying table 'MyIngress.ipv4_forward'
[09:13:05.740] [bmv2] [D] [thread 11363] [43.0] [cxt 0] Looking up key:
* hdr.ipv4.dstAddr    : 00000000

[09:13:05.740] [bmv2] [D] [thread 11363] [43.0] [cxt 0] Table 'MyIngress.ipv4_forward': miss
[09:13:05.740] [bmv2] [D] [thread 11363] [43.0] [cxt 0] Action entry is MyIngress.drop - 
[09:13:05.740] [bmv2] [T] [thread 11363] [43.0] [cxt 0] Action MyIngress.drop
[09:13:05.740] [bmv2] [T] [thread 11363] [43.0] [cxt 0] straggler.p4(155) Primitive mark_to_drop(standard_metadata)
[09:13:05.740] [bmv2] [T] [thread 11363] [43.0] [cxt 0] straggler.p4(284) Condition "hdr.collective.isValid()" (node_3) is false
[09:13:05.740] [bmv2] [D] [thread 11363] [43.0] [cxt 0] Pipeline 'ingress': end
[09:13:05.740] [bmv2] [D] [thread 11363] [43.0] [cxt 0] Egress port is 511
[09:13:05.740] [bmv2] [D] [thread 11363] [43.0] [cxt 0] Dropping packet at the end of ingress
[09:13:17.763] [bmv2] [D] [thread 11363] [44.0] [cxt 0] Processing packet received on port 1
[09:13:17.763] [bmv2] [D] [thread 11363] [44.0] [cxt 0] Parser 'parser': start
[09:13:17.763] [bmv2] [D] [thread 11363] [44.0] [cxt 0] Parser 'parser' entering state 'start'
[09:13:17.763] [bmv2] [D] [thread 11363] [44.0] [cxt 0] Extracting header 'ethernet'
[09:13:17.763] [bmv2] [D] [thread 11363] [44.0] [cxt 0] Parser state 'start': key is 86dd
[09:13:17.763] [bmv2] [T] [thread 11363] [44.0] [cxt 0] Bytes parsed: 14
[09:13:17.763] [bmv2] [D] [thread 11363] [44.0] [cxt 0] Parser 'parser': end
[09:13:17.763] [bmv2] [D] [thread 11363] [44.0] [cxt 0] Pipeline 'ingress': start
[09:13:17.763] [bmv2] [T] [thread 11363] [44.0] [cxt 0] Applying table 'MyIngress.ipv4_forward'
[09:13:17.763] [bmv2] [D] [thread 11363] [44.0] [cxt 0] Looking up key:
* hdr.ipv4.dstAddr    : 00000000

[09:13:17.763] [bmv2] [D] [thread 11363] [44.0] [cxt 0] Table 'MyIngress.ipv4_forward': miss
[09:13:17.763] [bmv2] [D] [thread 11363] [44.0] [cxt 0] Action entry is MyIngress.drop - 
[09:13:17.763] [bmv2] [T] [thread 11363] [44.0] [cxt 0] Action MyIngress.drop
[09:13:17.764] [bmv2] [T] [thread 11363] [44.0] [cxt 0] straggler.p4(155) Primitive mark_to_drop(standard_metadata)
[09:13:17.764] [bmv2] [T] [thread 11363] [44.0] [cxt 0] straggler.p4(284) Condition "hdr.collective.isValid()" (node_3) is false
[09:13:17.764] [bmv2] [D] [thread 11363] [44.0] [cxt 0] Pipeline 'ingress': end
[09:13:17.764] [bmv2] [D] [thread 11363] [44.0] [cxt 0] Egress port is 511
[09:13:17.764] [bmv2] [D] [thread 11363] [44.0] [cxt 0] Dropping packet at the end of ingress
[09:13:19.811] [bmv2] [D] [thread 11363] [45.0] [cxt 0] Processing packet received on port 2
[09:13:19.811] [bmv2] [D] [thread 11363] [45.0] [cxt 0] Parser 'parser': start
[09:13:19.811] [bmv2] [D] [thread 11363] [45.0] [cxt 0] Parser 'parser' entering state 'start'
[09:13:19.811] [bmv2] [D] [thread 11363] [45.0] [cxt 0] Extracting header 'ethernet'
[09:13:19.811] [bmv2] [D] [thread 11363] [45.0] [cxt 0] Parser state 'start': key is 86dd
[09:13:19.811] [bmv2] [T] [thread 11363] [45.0] [cxt 0] Bytes parsed: 14
[09:13:19.811] [bmv2] [D] [thread 11363] [45.0] [cxt 0] Parser 'parser': end
[09:13:19.811] [bmv2] [D] [thread 11363] [45.0] [cxt 0] Pipeline 'ingress': start
[09:13:19.811] [bmv2] [T] [thread 11363] [45.0] [cxt 0] Applying table 'MyIngress.ipv4_forward'
[09:13:19.811] [bmv2] [D] [thread 11363] [45.0] [cxt 0] Looking up key:
* hdr.ipv4.dstAddr    : 00000000

[09:13:19.811] [bmv2] [D] [thread 11363] [45.0] [cxt 0] Table 'MyIngress.ipv4_forward': miss
[09:13:19.811] [bmv2] [D] [thread 11363] [45.0] [cxt 0] Action entry is MyIngress.drop - 
[09:13:19.811] [bmv2] [T] [thread 11363] [45.0] [cxt 0] Action MyIngress.drop
[09:13:19.811] [bmv2] [T] [thread 11363] [45.0] [cxt 0] straggler.p4(155) Primitive mark_to_drop(standard_metadata)
[09:13:19.811] [bmv2] [T] [thread 11363] [45.0] [cxt 0] straggler.p4(284) Condition "hdr.collective.isValid()" (node_3) is false
[09:13:19.811] [bmv2] [D] [thread 11363] [45.0] [cxt 0] Pipeline 'ingress': end
[09:13:19.811] [bmv2] [D] [thread 11363] [45.0] [cxt 0] Egress port is 511
[09:13:19.811] [bmv2] [D] [thread 11363] [45.0] [cxt 0] Dropping packet at the end of ingress
[09:13:20.324] [bmv2] [D] [thread 11363] [46.0] [cxt 0] Processing packet received on port 1
[09:13:20.324] [bmv2] [D] [thread 11363] [46.0] [cxt 0] Parser 'parser': start
[09:13:20.324] [bmv2] [D] [thread 11363] [46.0] [cxt 0] Parser 'parser' entering state 'start'
[09:13:20.324] [bmv2] [D] [thread 11363] [46.0] [cxt 0] Extracting header 'ethernet'
[09:13:20.324] [bmv2] [D] [thread 11363] [46.0] [cxt 0] Parser state 'start': key is 86dd
[09:13:20.324] [bmv2] [T] [thread 11363] [46.0] [cxt 0] Bytes parsed: 14
[09:13:20.324] [bmv2] [D] [thread 11363] [46.0] [cxt 0] Parser 'parser': end
[09:13:20.324] [bmv2] [D] [thread 11363] [46.0] [cxt 0] Pipeline 'ingress': start
[09:13:20.324] [bmv2] [T] [thread 11363] [46.0] [cxt 0] Applying table 'MyIngress.ipv4_forward'
[09:13:20.324] [bmv2] [D] [thread 11363] [46.0] [cxt 0] Looking up key:
* hdr.ipv4.dstAddr    : 00000000

[09:13:20.324] [bmv2] [D] [thread 11363] [46.0] [cxt 0] Table 'MyIngress.ipv4_forward': miss
[09:13:20.324] [bmv2] [D] [thread 11363] [46.0] [cxt 0] Action entry is MyIngress.drop - 
[09:13:20.324] [bmv2] [T] [thread 11363] [46.0] [cxt 0] Action MyIngress.drop
[09:13:20.324] [bmv2] [T] [thread 11363] [46.0] [cxt 0] straggler.p4(155) Primitive mark_to_drop(standard_metadata)
[09:13:20.324] [bmv2] [T] [thread 11363] [46.0] [cxt 0] straggler.p4(284) Condition "hdr.collective.isValid()" (node_3) is false
[09:13:20.324] [bmv2] [D] [thread 11363] [46.0] [cxt 0] Pipeline 'ingress': end
[09:13:20.324] [bmv2] [D] [thread 11363] [46.0] [cxt 0] Egress port is 511
[09:13:20.324] [bmv2] [D] [thread 11363] [46.0] [cxt 0] Dropping packet at the end of ingress
[09:13:20.841] [bmv2] [D] [thread 11363] [47.0] [cxt 0] Processing packet received on port 2
[09:13:20.841] [bmv2] [D] [thread 11363] [47.0] [cxt 0] Parser 'parser': start
[09:13:20.841] [bmv2] [D] [thread 11363] [47.0] [cxt 0] Parser 'parser' entering state 'start'
[09:13:20.841] [bmv2] [D] [thread 11363] [47.0] [cxt 0] Extracting header 'ethernet'
[09:13:20.841] [bmv2] [D] [thread 11363] [47.0] [cxt 0] Parser state 'start': key is 86dd
[09:13:20.841] [bmv2] [T] [thread 11363] [47.0] [cxt 0] Bytes parsed: 14
[09:13:20.841] [bmv2] [D] [thread 11363] [47.0] [cxt 0] Parser 'parser': end
[09:13:20.841] [bmv2] [D] [thread 11363] [47.0] [cxt 0] Pipeline 'ingress': start
[09:13:20.841] [bmv2] [T] [thread 11363] [47.0] [cxt 0] Applying table 'MyIngress.ipv4_forward'
[09:13:20.841] [bmv2] [D] [thread 11363] [47.0] [cxt 0] Looking up key:
* hdr.ipv4.dstAddr    : 00000000

[09:13:20.841] [bmv2] [D] [thread 11363] [47.0] [cxt 0] Table 'MyIngress.ipv4_forward': miss
[09:13:20.841] [bmv2] [D] [thread 11363] [47.0] [cxt 0] Action entry is MyIngress.drop - 
[09:13:20.841] [bmv2] [T] [thread 11363] [47.0] [cxt 0] Action MyIngress.drop
[09:13:20.841] [bmv2] [T] [thread 11363] [47.0] [cxt 0] straggler.p4(155) Primitive mark_to_drop(standard_metadata)
[09:13:20.841] [bmv2] [T] [thread 11363] [47.0] [cxt 0] straggler.p4(284) Condition "hdr.collective.isValid()" (node_3) is false
[09:13:20.841] [bmv2] [D] [thread 11363] [47.0] [cxt 0] Pipeline 'ingress': end
[09:13:20.841] [bmv2] [D] [thread 11363] [47.0] [cxt 0] Egress port is 511
[09:13:20.841] [bmv2] [D] [thread 11363] [47.0] [cxt 0] Dropping packet at the end of ingress
[09:13:21.416] [bmv2] [D] [thread 11363] [48.0] [cxt 0] Processing packet received on port 1
[09:13:21.416] [bmv2] [D] [thread 11363] [48.0] [cxt 0] Parser 'parser': start
[09:13:21.416] [bmv2] [D] [thread 11363] [48.0] [cxt 0] Parser 'parser' entering state 'start'
[09:13:21.416] [bmv2] [D] [thread 11363] [48.0] [cxt 0] Extracting header 'ethernet'
[09:13:21.416] [bmv2] [D] [thread 11363] [48.0] [cxt 0] Parser state 'start': key is 86dd
[09:13:21.416] [bmv2] [T] [thread 11363] [48.0] [cxt 0] Bytes parsed: 14
[09:13:21.416] [bmv2] [D] [thread 11363] [48.0] [cxt 0] Parser 'parser': end
[09:13:21.416] [bmv2] [D] [thread 11363] [48.0] [cxt 0] Pipeline 'ingress': start
[09:13:21.416] [bmv2] [T] [thread 11363] [48.0] [cxt 0] Applying table 'MyIngress.ipv4_forward'
[09:13:21.416] [bmv2] [D] [thread 11363] [48.0] [cxt 0] Looking up key:
* hdr.ipv4.dstAddr    : 00000000

[09:13:21.416] [bmv2] [D] [thread 11363] [48.0] [cxt 0] Table 'MyIngress.ipv4_forward': miss
[09:13:21.416] [bmv2] [D] [thread 11363] [48.0] [cxt 0] Action entry is MyIngress.drop - 
[09:13:21.416] [bmv2] [T] [thread 11363] [48.0] [cxt 0] Action MyIngress.drop
[09:13:21.416] [bmv2] [T] [thread 11363] [48.0] [cxt 0] straggler.p4(155) Primitive mark_to_drop(standard_metadata)
[09:13:21.416] [bmv2] [T] [thread 11363] [48.0] [cxt 0] straggler.p4(284) Condition "hdr.collective.isValid()" (node_3) is false
[09:13:21.416] [bmv2] [D] [thread 11363] [48.0] [cxt 0] Pipeline 'ingress': end
[09:13:21.416] [bmv2] [D] [thread 11363] [48.0] [cxt 0] Egress port is 511
[09:13:21.416] [bmv2] [D] [thread 11363] [48.0] [cxt 0] Dropping packet at the end of ingress
[09:13:21.545] [bmv2] [D] [thread 11363] [49.0] [cxt 0] Processing packet received on port 2
[09:13:21.545] [bmv2] [D] [thread 11363] [49.0] [cxt 0] Parser 'parser': start
[09:13:21.545] [bmv2] [D] [thread 11363] [49.0] [cxt 0] Parser 'parser' entering state 'start'
[09:13:21.545] [bmv2] [D] [thread 11363] [49.0] [cxt 0] Extracting header 'ethernet'
[09:13:21.545] [bmv2] [D] [thread 11363] [49.0] [cxt 0] Parser state 'start': key is 86dd
[09:13:21.545] [bmv2] [T] [thread 11363] [49.0] [cxt 0] Bytes parsed: 14
[09:13:21.545] [bmv2] [D] [thread 11363] [49.0] [cxt 0] Parser 'parser': end
[09:13:21.545] [bmv2] [D] [thread 11363] [49.0] [cxt 0] Pipeline 'ingress': start
[09:13:21.545] [bmv2] [T] [thread 11363] [49.0] [cxt 0] Applying table 'MyIngress.ipv4_forward'
[09:13:21.545] [bmv2] [D] [thread 11363] [49.0] [cxt 0] Looking up key:
* hdr.ipv4.dstAddr    : 00000000

[09:13:21.545] [bmv2] [D] [thread 11363] [49.0] [cxt 0] Table 'MyIngress.ipv4_forward': miss
[09:13:21.545] [bmv2] [D] [thread 11363] [49.0] [cxt 0] Action entry is MyIngress.drop - 
[09:13:21.545] [bmv2] [T] [thread 11363] [49.0] [cxt 0] Action MyIngress.drop
[09:13:21.545] [bmv2] [T] [thread 11363] [49.0] [cxt 0] straggler.p4(155) Primitive mark_to_drop(standard_metadata)
[09:13:21.545] [bmv2] [T] [thread 11363] [49.0] [cxt 0] straggler.p4(284) Condition "hdr.collective.isValid()" (node_3) is false
[09:13:21.545] [bmv2] [D] [thread 11363] [49.0] [cxt 0] Pipeline 'ingress': end
[09:13:21.545] [bmv2] [D] [thread 11363] [49.0] [cxt 0] Egress port is 511
[09:13:21.545] [bmv2] [D] [thread 11363] [49.0] [cxt 0] Dropping packet at the end of ingress
[09:13:21.741] [bmv2] [D] [thread 11363] [50.0] [cxt 0] Processing packet received on port 1
[09:13:21.741] [bmv2] [D] [thread 11363] [50.0] [cxt 0] Parser 'parser': start
[09:13:21.741] [bmv2] [D] [thread 11363] [50.0] [cxt 0] Parser 'parser' entering state 'start'
[09:13:21.741] [bmv2] [D] [thread 11363] [50.0] [cxt 0] Extracting header 'ethernet'
[09:13:21.741] [bmv2] [D] [thread 11363] [50.0] [cxt 0] Parser state 'start': key is 86dd
[09:13:21.741] [bmv2] [T] [thread 11363] [50.0] [cxt 0] Bytes parsed: 14
[09:13:21.741] [bmv2] [D] [thread 11363] [50.0] [cxt 0] Parser 'parser': end
[09:13:21.741] [bmv2] [D] [thread 11363] [50.0] [cxt 0] Pipeline 'ingress': start
[09:13:21.741] [bmv2] [T] [thread 11363] [50.0] [cxt 0] Applying table 'MyIngress.ipv4_forward'
[09:13:21.741] [bmv2] [D] [thread 11363] [50.0] [cxt 0] Looking up key:
* hdr.ipv4.dstAddr    : 00000000

[09:13:21.741] [bmv2] [D] [thread 11363] [50.0] [cxt 0] Table 'MyIngress.ipv4_forward': miss
[09:13:21.741] [bmv2] [D] [thread 11363] [50.0] [cxt 0] Action entry is MyIngress.drop - 
[09:13:21.741] [bmv2] [T] [thread 11363] [50.0] [cxt 0] Action MyIngress.drop
[09:13:21.741] [bmv2] [T] [thread 11363] [50.0] [cxt 0] straggler.p4(155) Primitive mark_to_drop(standard_metadata)
[09:13:21.741] [bmv2] [T] [thread 11363] [50.0] [cxt 0] straggler.p4(284) Condition "hdr.collective.isValid()" (node_3) is false
[09:13:21.741] [bmv2] [D] [thread 11363] [50.0] [cxt 0] Pipeline 'ingress': end
[09:13:21.741] [bmv2] [D] [thread 11363] [50.0] [cxt 0] Egress port is 511
[09:13:21.741] [bmv2] [D] [thread 11363] [50.0] [cxt 0] Dropping packet at the end of ingress
[09:13:27.018] [bmv2] [D] [thread 11363] [51.0] [cxt 0] Processing packet received on port 2
[09:13:27.018] [bmv2] [D] [thread 11363] [51.0] [cxt 0] Parser 'parser': start
[09:13:27.018] [bmv2] [D] [thread 11363] [51.0] [cxt 0] Parser 'parser' entering state 'start'
[09:13:27.018] [bmv2] [D] [thread 11363] [51.0] [cxt 0] Extracting header 'ethernet'
[09:13:27.018] [bmv2] [D] [thread 11363] [51.0] [cxt 0] Parser state 'start': key is 0800
[09:13:27.018] [bmv2] [T] [thread 11363] [51.0] [cxt 0] Bytes parsed: 14
[09:13:27.018] [bmv2] [D] [thread 11363] [51.0] [cxt 0] Parser 'parser' entering state 'parse_ipv4'
[09:13:27.018] [bmv2] [D] [thread 11363] [51.0] [cxt 0] Extracting header 'ipv4'
[09:13:27.018] [bmv2] [D] [thread 11363] [51.0] [cxt 0] Parser state 'parse_ipv4': key is 11
[09:13:27.018] [bmv2] [T] [thread 11363] [51.0] [cxt 0] Bytes parsed: 34
[09:13:27.018] [bmv2] [D] [thread 11363] [51.0] [cxt 0] Parser 'parser' entering state 'parse_udp'
[09:13:27.018] [bmv2] [D] [thread 11363] [51.0] [cxt 0] Extracting header 'udp'
[09:13:27.018] [bmv2] [D] [thread 11363] [51.0] [cxt 0] Extracting header 'collective'
[09:13:27.018] [bmv2] [D] [thread 11363] [51.0] [cxt 0] Parser state 'parse_udp' has no switch, going to default next state
[09:13:27.018] [bmv2] [T] [thread 11363] [51.0] [cxt 0] Bytes parsed: 47
[09:13:27.018] [bmv2] [D] [thread 11363] [51.0] [cxt 0] Parser 'parser': end
[09:13:27.018] [bmv2] [D] [thread 11363] [51.0] [cxt 0] Pipeline 'ingress': start
[09:13:27.018] [bmv2] [T] [thread 11363] [51.0] [cxt 0] Applying table 'MyIngress.ipv4_forward'
[09:13:27.018] [bmv2] [D] [thread 11363] [51.0] [cxt 0] Looking up key:
* hdr.ipv4.dstAddr    : 0a000404

[09:13:27.018] [bmv2] [D] [thread 11363] [51.0] [cxt 0] Table 'MyIngress.ipv4_forward': hit with handle 3
[09:13:27.018] [bmv2] [D] [thread 11363] [51.0] [cxt 0] Dumping entry 3
Match key:
* hdr.ipv4.dstAddr    : EXACT     0a000404
Action entry: MyIngress.forward - 1,

[09:13:27.018] [bmv2] [D] [thread 11363] [51.0] [cxt 0] Action entry is MyIngress.forward - 1,
[09:13:27.018] [bmv2] [T] [thread 11363] [51.0] [cxt 0] Action MyIngress.forward
[09:13:27.018] [bmv2] [T] [thread 11363] [51.0] [cxt 0] straggler.p4(159) Primitive standard_metadata.egress_spec = port
[09:13:27.018] [bmv2] [T] [thread 11363] [51.0] [cxt 0] straggler.p4(284) Condition "hdr.collective.isValid()" (node_3) is true
[09:13:27.018] [bmv2] [T] [thread 11363] [51.0] [cxt 0] Applying table 'tbl_detect_straggler'
[09:13:27.018] [bmv2] [D] [thread 11363] [51.0] [cxt 0] Looking up key:

[09:13:27.018] [bmv2] [D] [thread 11363] [51.0] [cxt 0] Table 'tbl_detect_straggler': miss
[09:13:27.018] [bmv2] [D] [thread 11363] [51.0] [cxt 0] Action entry is MyIngress.detect_straggler - 
[09:13:27.018] [bmv2] [T] [thread 11363] [51.0] [cxt 0] Action MyIngress.detect_straggler
[09:13:27.018] [bmv2] [T] [thread 11363] [51.0] [cxt 0] straggler.p4(225) Primitive hdr.collective.context_id
[09:13:27.018] [bmv2] [T] [thread 11363] [51.0] [cxt 0] straggler.p4(226) Primitive hdr.collective.flow_id
[09:13:27.018] [bmv2] [T] [thread 11363] [51.0] [cxt 0] straggler.p4(224) Primitive hash(index, HashAlgorithm.crc16, (bit<32>) 0, { ...
[09:13:27.018] [bmv2] [T] [thread 11363] [51.0] [cxt 0] hash(base=0, max=65536) = 21056
[09:13:27.018] [bmv2] [T] [thread 11363] [51.0] [cxt 0] straggler.p4(230) Primitive min_timestamp_reg.read(old_min, index)
[09:13:27.018] [bmv2] [T] [thread 11363] [51.0] [cxt 0] Read register 'min_timestamp_reg' at index 21056 read value 0
[09:13:27.018] [bmv2] [T] [thread 11363] [51.0] [cxt 0] straggler.p4(231) Primitive max_timestamp_reg.read(old_max, index)
[09:13:27.018] [bmv2] [T] [thread 11363] [51.0] [cxt 0] Read register 'max_timestamp_reg' at index 21056 read value 0
[09:13:27.018] [bmv2] [T] [thread 11363] [51.0] [cxt 0] straggler.p4(232) Primitive min_participant_reg.read(old_min_participant, index)
[09:13:27.018] [bmv2] [T] [thread 11363] [51.0] [cxt 0] Read register 'min_participant_reg' at index 21056 read value 0
[09:13:27.018] [bmv2] [T] [thread 11363] [51.0] [cxt 0] straggler.p4(233) Primitive max_participant_reg.read(old_max_participant, index)
[09:13:27.018] [bmv2] [T] [thread 11363] [51.0] [cxt 0] Read register 'max_participant_reg' at index 21056 read value 0
[09:13:27.018] [bmv2] [T] [thread 11363] [51.0] [cxt 0] straggler.p4(240) Primitive if
[09:13:27.018] [bmv2] [T] [thread 11363] [51.0] [cxt 0] straggler.p4(241) Primitive old_min = now
[09:13:27.018] [bmv2] [T] [thread 11363] [51.0] [cxt 0] straggler.p4(242) Primitive old_max = now
[09:13:27.018] [bmv2] [T] [thread 11363] [51.0] [cxt 0] straggler.p4(243) Primitive old_min_participant = 1
[09:13:27.018] [bmv2] [T] [thread 11363] [51.0] [cxt 0] straggler.p4(244) Primitive old_max_participant = 1
[09:13:27.018] [bmv2] [T] [thread 11363] [51.0] [cxt 0] straggler.p4(240) Primitive if
[09:13:27.018] [bmv2] [T] [thread 11363] [51.0] [cxt 0] straggler.p4(275) Primitive min_timestamp_reg.write(index, old_min)
[09:13:27.018] [bmv2] [T] [thread 11363] [51.0] [cxt 0] Wrote register 'min_timestamp_reg' at index 21056 with value 36320237
[09:13:27.018] [bmv2] [T] [thread 11363] [51.0] [cxt 0] straggler.p4(276) Primitive max_timestamp_reg.write(index, old_max)
[09:13:27.018] [bmv2] [T] [thread 11363] [51.0] [cxt 0] Wrote register 'max_timestamp_reg' at index 21056 with value 36320237
[09:13:27.019] [bmv2] [T] [thread 11363] [51.0] [cxt 0] straggler.p4(277) Primitive min_participant_reg.write(index, old_min_participant)
[09:13:27.019] [bmv2] [T] [thread 11363] [51.0] [cxt 0] Wrote register 'min_participant_reg' at index 21056 with value 1
[09:13:27.019] [bmv2] [T] [thread 11363] [51.0] [cxt 0] straggler.p4(278) Primitive max_participant_reg.write(index, old_max_participant)
[09:13:27.019] [bmv2] [T] [thread 11363] [51.0] [cxt 0] Wrote register 'max_participant_reg' at index 21056 with value 1
[09:13:27.019] [bmv2] [D] [thread 11363] [51.0] [cxt 0] Pipeline 'ingress': end
[09:13:27.019] [bmv2] [D] [thread 11363] [51.0] [cxt 0] Egress port is 1
[09:13:27.019] [bmv2] [D] [thread 11365] [51.0] [cxt 0] Pipeline 'egress': start
[09:13:27.019] [bmv2] [D] [thread 11365] [51.0] [cxt 0] Pipeline 'egress': end
[09:13:27.019] [bmv2] [D] [thread 11365] [51.0] [cxt 0] Deparser 'deparser': start
[09:13:27.019] [bmv2] [D] [thread 11365] [51.0] [cxt 0] Deparsing header 'ethernet'
[09:13:27.019] [bmv2] [D] [thread 11365] [51.0] [cxt 0] Deparsing header 'ipv4'
[09:13:27.019] [bmv2] [D] [thread 11365] [51.0] [cxt 0] Deparsing header 'udp'
[09:13:27.019] [bmv2] [D] [thread 11365] [51.0] [cxt 0] Deparsing header 'collective'
[09:13:27.019] [bmv2] [D] [thread 11365] [51.0] [cxt 0] Deparser 'deparser': end
[09:13:27.019] [bmv2] [D] [thread 11368] [51.0] [cxt 0] Transmitting packet of size 64 out of port 1
[09:13:41.384] [bmv2] [D] [thread 11363] [52.0] [cxt 0] Processing packet received on port 2
[09:13:41.384] [bmv2] [D] [thread 11363] [52.0] [cxt 0] Parser 'parser': start
[09:13:41.384] [bmv2] [D] [thread 11363] [52.0] [cxt 0] Parser 'parser' entering state 'start'
[09:13:41.384] [bmv2] [D] [thread 11363] [52.0] [cxt 0] Extracting header 'ethernet'
[09:13:41.384] [bmv2] [D] [thread 11363] [52.0] [cxt 0] Parser state 'start': key is 0800
[09:13:41.384] [bmv2] [T] [thread 11363] [52.0] [cxt 0] Bytes parsed: 14
[09:13:41.384] [bmv2] [D] [thread 11363] [52.0] [cxt 0] Parser 'parser' entering state 'parse_ipv4'
[09:13:41.384] [bmv2] [D] [thread 11363] [52.0] [cxt 0] Extracting header 'ipv4'
[09:13:41.384] [bmv2] [D] [thread 11363] [52.0] [cxt 0] Parser state 'parse_ipv4': key is 11
[09:13:41.384] [bmv2] [T] [thread 11363] [52.0] [cxt 0] Bytes parsed: 34
[09:13:41.384] [bmv2] [D] [thread 11363] [52.0] [cxt 0] Parser 'parser' entering state 'parse_udp'
[09:13:41.384] [bmv2] [D] [thread 11363] [52.0] [cxt 0] Extracting header 'udp'
[09:13:41.384] [bmv2] [D] [thread 11363] [52.0] [cxt 0] Extracting header 'collective'
[09:13:41.384] [bmv2] [D] [thread 11363] [52.0] [cxt 0] Parser state 'parse_udp' has no switch, going to default next state
[09:13:41.384] [bmv2] [T] [thread 11363] [52.0] [cxt 0] Bytes parsed: 47
[09:13:41.384] [bmv2] [D] [thread 11363] [52.0] [cxt 0] Parser 'parser': end
[09:13:41.384] [bmv2] [D] [thread 11363] [52.0] [cxt 0] Pipeline 'ingress': start
[09:13:41.384] [bmv2] [T] [thread 11363] [52.0] [cxt 0] Applying table 'MyIngress.ipv4_forward'
[09:13:41.384] [bmv2] [D] [thread 11363] [52.0] [cxt 0] Looking up key:
* hdr.ipv4.dstAddr    : 0a000404

[09:13:41.384] [bmv2] [D] [thread 11363] [52.0] [cxt 0] Table 'MyIngress.ipv4_forward': hit with handle 3
[09:13:41.384] [bmv2] [D] [thread 11363] [52.0] [cxt 0] Dumping entry 3
Match key:
* hdr.ipv4.dstAddr    : EXACT     0a000404
Action entry: MyIngress.forward - 1,

[09:13:41.384] [bmv2] [D] [thread 11363] [52.0] [cxt 0] Action entry is MyIngress.forward - 1,
[09:13:41.384] [bmv2] [T] [thread 11363] [52.0] [cxt 0] Action MyIngress.forward
[09:13:41.384] [bmv2] [T] [thread 11363] [52.0] [cxt 0] straggler.p4(159) Primitive standard_metadata.egress_spec = port
[09:13:41.384] [bmv2] [T] [thread 11363] [52.0] [cxt 0] straggler.p4(284) Condition "hdr.collective.isValid()" (node_3) is true
[09:13:41.384] [bmv2] [T] [thread 11363] [52.0] [cxt 0] Applying table 'tbl_detect_straggler'
[09:13:41.384] [bmv2] [D] [thread 11363] [52.0] [cxt 0] Looking up key:

[09:13:41.384] [bmv2] [D] [thread 11363] [52.0] [cxt 0] Table 'tbl_detect_straggler': miss
[09:13:41.384] [bmv2] [D] [thread 11363] [52.0] [cxt 0] Action entry is MyIngress.detect_straggler - 
[09:13:41.384] [bmv2] [T] [thread 11363] [52.0] [cxt 0] Action MyIngress.detect_straggler
[09:13:41.384] [bmv2] [T] [thread 11363] [52.0] [cxt 0] straggler.p4(225) Primitive hdr.collective.context_id
[09:13:41.384] [bmv2] [T] [thread 11363] [52.0] [cxt 0] straggler.p4(226) Primitive hdr.collective.flow_id
[09:13:41.384] [bmv2] [T] [thread 11363] [52.0] [cxt 0] straggler.p4(224) Primitive hash(index, HashAlgorithm.crc16, (bit<32>) 0, { ...
[09:13:41.384] [bmv2] [T] [thread 11363] [52.0] [cxt 0] hash(base=0, max=65536) = 21056
[09:13:41.384] [bmv2] [T] [thread 11363] [52.0] [cxt 0] straggler.p4(230) Primitive min_timestamp_reg.read(old_min, index)
[09:13:41.384] [bmv2] [T] [thread 11363] [52.0] [cxt 0] Read register 'min_timestamp_reg' at index 21056 read value 36320237
[09:13:41.384] [bmv2] [T] [thread 11363] [52.0] [cxt 0] straggler.p4(231) Primitive max_timestamp_reg.read(old_max, index)
[09:13:41.385] [bmv2] [T] [thread 11363] [52.0] [cxt 0] Read register 'max_timestamp_reg' at index 21056 read value 36320237
[09:13:41.385] [bmv2] [T] [thread 11363] [52.0] [cxt 0] straggler.p4(232) Primitive min_participant_reg.read(old_min_participant, index)
[09:13:41.385] [bmv2] [T] [thread 11363] [52.0] [cxt 0] Read register 'min_participant_reg' at index 21056 read value 1
[09:13:41.385] [bmv2] [T] [thread 11363] [52.0] [cxt 0] straggler.p4(233) Primitive max_participant_reg.read(old_max_participant, index)
[09:13:41.385] [bmv2] [T] [thread 11363] [52.0] [cxt 0] Read register 'max_participant_reg' at index 21056 read value 1
[09:13:41.385] [bmv2] [T] [thread 11363] [52.0] [cxt 0] straggler.p4(240) Primitive if
[09:13:41.385] [bmv2] [T] [thread 11363] [52.0] [cxt 0] straggler.p4(247) Primitive if
[09:13:41.385] [bmv2] [T] [thread 11363] [52.0] [cxt 0] straggler.p4(252) Primitive if
[09:13:41.385] [bmv2] [T] [thread 11363] [52.0] [cxt 0] straggler.p4(253) Primitive old_max = now
[09:13:41.385] [bmv2] [T] [thread 11363] [52.0] [cxt 0] straggler.p4(254) Primitive old_max_participant = hdr.collective.participant_id
[09:13:41.385] [bmv2] [T] [thread 11363] [52.0] [cxt 0] straggler.p4(259) Primitive if
[09:13:41.385] [bmv2] [T] [thread 11363] [52.0] [cxt 0] straggler.p4(38) Primitive 4
[09:13:41.385] [bmv2] [T] [thread 11363] [52.0] [cxt 0] straggler.p4(264) Primitive hdr.collective.context_id
[09:13:41.385] [bmv2] [T] [thread 11363] [52.0] [cxt 0] straggler.p4(265) Primitive hdr.collective.flow_id
[09:13:41.385] [bmv2] [T] [thread 11363] [52.0] [cxt 0] straggler.p4(266) Primitive hdr.collective.participant_id
[09:13:41.385] [bmv2] [T] [thread 11363] [52.0] [cxt 0] straggler.p4(267) Primitive skew
[09:13:41.385] [bmv2] [T] [thread 11363] [52.0] [cxt 0] straggler.p4(268) Primitive old_min_participant
[09:13:41.385] [bmv2] [T] [thread 11363] [52.0] [cxt 0] straggler.p4(269) Primitive old_max_participant
[09:13:41.385] [bmv2] [T] [thread 11363] [52.0] [cxt 0] straggler.p4(260) Primitive log_msg( ...
[09:13:41.385] [bmv2] [I] [thread 11363] STRAGGLER switch=4 context=1 flow=7 participant=2 skew_us=14366154 min_participant=1 max_participant=2
[09:13:41.385] [bmv2] [T] [thread 11363] [52.0] [cxt 0] straggler.p4(275) Primitive min_timestamp_reg.write(index, old_min)
[09:13:41.385] [bmv2] [T] [thread 11363] [52.0] [cxt 0] Wrote register 'min_timestamp_reg' at index 21056 with value 36320237
[09:13:41.385] [bmv2] [T] [thread 11363] [52.0] [cxt 0] straggler.p4(276) Primitive max_timestamp_reg.write(index, old_max)
[09:13:41.385] [bmv2] [T] [thread 11363] [52.0] [cxt 0] Wrote register 'max_timestamp_reg' at index 21056 with value 50686391
[09:13:41.385] [bmv2] [T] [thread 11363] [52.0] [cxt 0] straggler.p4(277) Primitive min_participant_reg.write(index, old_min_participant)
[09:13:41.385] [bmv2] [T] [thread 11363] [52.0] [cxt 0] Wrote register 'min_participant_reg' at index 21056 with value 1
[09:13:41.385] [bmv2] [T] [thread 11363] [52.0] [cxt 0] straggler.p4(278) Primitive max_participant_reg.write(index, old_max_participant)
[09:13:41.385] [bmv2] [T] [thread 11363] [52.0] [cxt 0] Wrote register 'max_participant_reg' at index 21056 with value 2
[09:13:41.385] [bmv2] [D] [thread 11363] [52.0] [cxt 0] Pipeline 'ingress': end
[09:13:41.385] [bmv2] [D] [thread 11363] [52.0] [cxt 0] Egress port is 1
[09:13:41.385] [bmv2] [D] [thread 11365] [52.0] [cxt 0] Pipeline 'egress': start
[09:13:41.385] [bmv2] [D] [thread 11365] [52.0] [cxt 0] Pipeline 'egress': end
[09:13:41.385] [bmv2] [D] [thread 11365] [52.0] [cxt 0] Deparser 'deparser': start
[09:13:41.385] [bmv2] [D] [thread 11365] [52.0] [cxt 0] Deparsing header 'ethernet'
[09:13:41.385] [bmv2] [D] [thread 11365] [52.0] [cxt 0] Deparsing header 'ipv4'
[09:13:41.385] [bmv2] [D] [thread 11365] [52.0] [cxt 0] Deparsing header 'udp'
[09:13:41.385] [bmv2] [D] [thread 11365] [52.0] [cxt 0] Deparsing header 'collective'
[09:13:41.385] [bmv2] [D] [thread 11365] [52.0] [cxt 0] Deparser 'deparser': end
[09:13:41.386] [bmv2] [D] [thread 11368] [52.0] [cxt 0] Transmitting packet of size 64 out of port 1
[09:13:50.022] [bmv2] [D] [thread 11363] [53.0] [cxt 0] Processing packet received on port 1
[09:13:50.023] [bmv2] [D] [thread 11363] [53.0] [cxt 0] Parser 'parser': start
[09:13:50.023] [bmv2] [D] [thread 11363] [53.0] [cxt 0] Parser 'parser' entering state 'start'
[09:13:50.023] [bmv2] [D] [thread 11363] [53.0] [cxt 0] Extracting header 'ethernet'
[09:13:50.023] [bmv2] [D] [thread 11363] [53.0] [cxt 0] Parser state 'start': key is 86dd
[09:13:50.023] [bmv2] [T] [thread 11363] [53.0] [cxt 0] Bytes parsed: 14
[09:13:50.023] [bmv2] [D] [thread 11363] [53.0] [cxt 0] Parser 'parser': end
[09:13:50.024] [bmv2] [D] [thread 11363] [53.0] [cxt 0] Pipeline 'ingress': start
[09:13:50.024] [bmv2] [T] [thread 11363] [53.0] [cxt 0] Applying table 'MyIngress.ipv4_forward'
[09:13:50.024] [bmv2] [D] [thread 11363] [53.0] [cxt 0] Looking up key:
* hdr.ipv4.dstAddr    : 00000000

[09:13:50.024] [bmv2] [D] [thread 11363] [53.0] [cxt 0] Table 'MyIngress.ipv4_forward': miss
[09:13:50.024] [bmv2] [D] [thread 11363] [53.0] [cxt 0] Action entry is MyIngress.drop - 
[09:13:50.024] [bmv2] [T] [thread 11363] [53.0] [cxt 0] Action MyIngress.drop
[09:13:50.024] [bmv2] [T] [thread 11363] [53.0] [cxt 0] straggler.p4(155) Primitive mark_to_drop(standard_metadata)
[09:13:50.024] [bmv2] [T] [thread 11363] [53.0] [cxt 0] straggler.p4(284) Condition "hdr.collective.isValid()" (node_3) is false
[09:13:50.025] [bmv2] [D] [thread 11363] [53.0] [cxt 0] Pipeline 'ingress': end
[09:13:50.025] [bmv2] [D] [thread 11363] [53.0] [cxt 0] Egress port is 511
[09:13:50.025] [bmv2] [D] [thread 11363] [53.0] [cxt 0] Dropping packet at the end of ingress
[09:13:51.556] [bmv2] [D] [thread 11363] [54.0] [cxt 0] Processing packet received on port 1
[09:13:51.556] [bmv2] [D] [thread 11363] [54.0] [cxt 0] Parser 'parser': start
[09:13:51.556] [bmv2] [D] [thread 11363] [54.0] [cxt 0] Parser 'parser' entering state 'start'
[09:13:51.556] [bmv2] [D] [thread 11363] [54.0] [cxt 0] Extracting header 'ethernet'
[09:13:51.556] [bmv2] [D] [thread 11363] [54.0] [cxt 0] Parser state 'start': key is 86dd
[09:13:51.556] [bmv2] [T] [thread 11363] [54.0] [cxt 0] Bytes parsed: 14
[09:13:51.556] [bmv2] [D] [thread 11363] [54.0] [cxt 0] Parser 'parser': end
[09:13:51.556] [bmv2] [D] [thread 11363] [54.0] [cxt 0] Pipeline 'ingress': start
[09:13:51.556] [bmv2] [T] [thread 11363] [54.0] [cxt 0] Applying table 'MyIngress.ipv4_forward'
[09:13:51.556] [bmv2] [D] [thread 11363] [54.0] [cxt 0] Looking up key:
* hdr.ipv4.dstAddr    : 00000000

[09:13:51.556] [bmv2] [D] [thread 11363] [54.0] [cxt 0] Table 'MyIngress.ipv4_forward': miss
[09:13:51.556] [bmv2] [D] [thread 11363] [54.0] [cxt 0] Action entry is MyIngress.drop - 
[09:13:51.556] [bmv2] [T] [thread 11363] [54.0] [cxt 0] Action MyIngress.drop
[09:13:51.556] [bmv2] [T] [thread 11363] [54.0] [cxt 0] straggler.p4(155) Primitive mark_to_drop(standard_metadata)
[09:13:51.556] [bmv2] [T] [thread 11363] [54.0] [cxt 0] straggler.p4(284) Condition "hdr.collective.isValid()" (node_3) is false
[09:13:51.556] [bmv2] [D] [thread 11363] [54.0] [cxt 0] Pipeline 'ingress': end
[09:13:51.556] [bmv2] [D] [thread 11363] [54.0] [cxt 0] Egress port is 511
[09:13:51.556] [bmv2] [D] [thread 11363] [54.0] [cxt 0] Dropping packet at the end of ingress
[09:13:53.416] [bmv2] [D] [thread 11363] [55.0] [cxt 0] Processing packet received on port 1
[09:13:53.416] [bmv2] [D] [thread 11363] [55.0] [cxt 0] Parser 'parser': start
[09:13:53.416] [bmv2] [D] [thread 11363] [55.0] [cxt 0] Parser 'parser' entering state 'start'
[09:13:53.416] [bmv2] [D] [thread 11363] [55.0] [cxt 0] Extracting header 'ethernet'
[09:13:53.416] [bmv2] [D] [thread 11363] [55.0] [cxt 0] Parser state 'start': key is 86dd
[09:13:53.416] [bmv2] [T] [thread 11363] [55.0] [cxt 0] Bytes parsed: 14
[09:13:53.416] [bmv2] [D] [thread 11363] [55.0] [cxt 0] Parser 'parser': end
[09:13:53.416] [bmv2] [D] [thread 11363] [55.0] [cxt 0] Pipeline 'ingress': start
[09:13:53.416] [bmv2] [T] [thread 11363] [55.0] [cxt 0] Applying table 'MyIngress.ipv4_forward'
[09:13:53.416] [bmv2] [D] [thread 11363] [55.0] [cxt 0] Looking up key:
* hdr.ipv4.dstAddr    : 00000000

[09:13:53.416] [bmv2] [D] [thread 11363] [55.0] [cxt 0] Table 'MyIngress.ipv4_forward': miss
[09:13:53.416] [bmv2] [D] [thread 11363] [55.0] [cxt 0] Action entry is MyIngress.drop - 
[09:13:53.416] [bmv2] [T] [thread 11363] [55.0] [cxt 0] Action MyIngress.drop
[09:13:53.416] [bmv2] [T] [thread 11363] [55.0] [cxt 0] straggler.p4(155) Primitive mark_to_drop(standard_metadata)
[09:13:53.416] [bmv2] [T] [thread 11363] [55.0] [cxt 0] straggler.p4(284) Condition "hdr.collective.isValid()" (node_3) is false
[09:13:53.416] [bmv2] [D] [thread 11363] [55.0] [cxt 0] Pipeline 'ingress': end
[09:13:53.416] [bmv2] [D] [thread 11363] [55.0] [cxt 0] Egress port is 511
[09:13:53.416] [bmv2] [D] [thread 11363] [55.0] [cxt 0] Dropping packet at the end of ingress
[09:13:53.546] [bmv2] [D] [thread 11363] [56.0] [cxt 0] Processing packet received on port 2
[09:13:53.546] [bmv2] [D] [thread 11363] [56.0] [cxt 0] Parser 'parser': start
[09:13:53.547] [bmv2] [D] [thread 11363] [56.0] [cxt 0] Parser 'parser' entering state 'start'
[09:13:53.547] [bmv2] [D] [thread 11363] [56.0] [cxt 0] Extracting header 'ethernet'
[09:13:53.547] [bmv2] [D] [thread 11363] [56.0] [cxt 0] Parser state 'start': key is 86dd
[09:13:53.547] [bmv2] [T] [thread 11363] [56.0] [cxt 0] Bytes parsed: 14
[09:13:53.547] [bmv2] [D] [thread 11363] [56.0] [cxt 0] Parser 'parser': end
[09:13:53.547] [bmv2] [D] [thread 11363] [56.0] [cxt 0] Pipeline 'ingress': start
[09:13:53.547] [bmv2] [T] [thread 11363] [56.0] [cxt 0] Applying table 'MyIngress.ipv4_forward'
[09:13:53.547] [bmv2] [D] [thread 11363] [56.0] [cxt 0] Looking up key:
* hdr.ipv4.dstAddr    : 00000000

[09:13:53.547] [bmv2] [D] [thread 11363] [56.0] [cxt 0] Table 'MyIngress.ipv4_forward': miss
[09:13:53.547] [bmv2] [D] [thread 11363] [56.0] [cxt 0] Action entry is MyIngress.drop - 
[09:13:53.547] [bmv2] [T] [thread 11363] [56.0] [cxt 0] Action MyIngress.drop
[09:13:53.547] [bmv2] [T] [thread 11363] [56.0] [cxt 0] straggler.p4(155) Primitive mark_to_drop(standard_metadata)
[09:13:53.547] [bmv2] [T] [thread 11363] [56.0] [cxt 0] straggler.p4(284) Condition "hdr.collective.isValid()" (node_3) is false
[09:13:53.547] [bmv2] [D] [thread 11363] [56.0] [cxt 0] Pipeline 'ingress': end
[09:13:53.547] [bmv2] [D] [thread 11363] [56.0] [cxt 0] Egress port is 511
[09:13:53.547] [bmv2] [D] [thread 11363] [56.0] [cxt 0] Dropping packet at the end of ingress
[09:13:53.740] [bmv2] [D] [thread 11363] [57.0] [cxt 0] Processing packet received on port 1
[09:13:53.740] [bmv2] [D] [thread 11363] [57.0] [cxt 0] Parser 'parser': start
[09:13:53.740] [bmv2] [D] [thread 11363] [57.0] [cxt 0] Parser 'parser' entering state 'start'
[09:13:53.740] [bmv2] [D] [thread 11363] [57.0] [cxt 0] Extracting header 'ethernet'
[09:13:53.740] [bmv2] [D] [thread 11363] [57.0] [cxt 0] Parser state 'start': key is 86dd
[09:13:53.740] [bmv2] [T] [thread 11363] [57.0] [cxt 0] Bytes parsed: 14
[09:13:53.740] [bmv2] [D] [thread 11363] [57.0] [cxt 0] Parser 'parser': end
[09:13:53.740] [bmv2] [D] [thread 11363] [57.0] [cxt 0] Pipeline 'ingress': start
[09:13:53.740] [bmv2] [T] [thread 11363] [57.0] [cxt 0] Applying table 'MyIngress.ipv4_forward'
[09:13:53.740] [bmv2] [D] [thread 11363] [57.0] [cxt 0] Looking up key:
* hdr.ipv4.dstAddr    : 00000000

[09:13:53.740] [bmv2] [D] [thread 11363] [57.0] [cxt 0] Table 'MyIngress.ipv4_forward': miss
[09:13:53.740] [bmv2] [D] [thread 11363] [57.0] [cxt 0] Action entry is MyIngress.drop - 
[09:13:53.740] [bmv2] [T] [thread 11363] [57.0] [cxt 0] Action MyIngress.drop
[09:13:53.740] [bmv2] [T] [thread 11363] [57.0] [cxt 0] straggler.p4(155) Primitive mark_to_drop(standard_metadata)
[09:13:53.740] [bmv2] [T] [thread 11363] [57.0] [cxt 0] straggler.p4(284) Condition "hdr.collective.isValid()" (node_3) is false
[09:13:53.740] [bmv2] [D] [thread 11363] [57.0] [cxt 0] Pipeline 'ingress': end
[09:13:53.740] [bmv2] [D] [thread 11363] [57.0] [cxt 0] Egress port is 511
[09:13:53.740] [bmv2] [D] [thread 11363] [57.0] [cxt 0] Dropping packet at the end of ingress
[09:13:55.651] [bmv2] [D] [thread 11363] [58.0] [cxt 0] Processing packet received on port 2
[09:13:55.651] [bmv2] [D] [thread 11363] [58.0] [cxt 0] Parser 'parser': start
[09:13:55.651] [bmv2] [D] [thread 11363] [58.0] [cxt 0] Parser 'parser' entering state 'start'
[09:13:55.651] [bmv2] [D] [thread 11363] [58.0] [cxt 0] Extracting header 'ethernet'
[09:13:55.651] [bmv2] [D] [thread 11363] [58.0] [cxt 0] Parser state 'start': key is 86dd
[09:13:55.651] [bmv2] [T] [thread 11363] [58.0] [cxt 0] Bytes parsed: 14
[09:13:55.651] [bmv2] [D] [thread 11363] [58.0] [cxt 0] Parser 'parser': end
[09:13:55.651] [bmv2] [D] [thread 11363] [58.0] [cxt 0] Pipeline 'ingress': start
[09:13:55.651] [bmv2] [T] [thread 11363] [58.0] [cxt 0] Applying table 'MyIngress.ipv4_forward'
[09:13:55.651] [bmv2] [D] [thread 11363] [58.0] [cxt 0] Looking up key:
* hdr.ipv4.dstAddr    : 00000000

[09:13:55.651] [bmv2] [D] [thread 11363] [58.0] [cxt 0] Table 'MyIngress.ipv4_forward': miss
[09:13:55.651] [bmv2] [D] [thread 11363] [58.0] [cxt 0] Action entry is MyIngress.drop - 
[09:13:55.651] [bmv2] [T] [thread 11363] [58.0] [cxt 0] Action MyIngress.drop
[09:13:55.651] [bmv2] [T] [thread 11363] [58.0] [cxt 0] straggler.p4(155) Primitive mark_to_drop(standard_metadata)
[09:13:55.651] [bmv2] [T] [thread 11363] [58.0] [cxt 0] straggler.p4(284) Condition "hdr.collective.isValid()" (node_3) is false
[09:13:55.652] [bmv2] [D] [thread 11363] [58.0] [cxt 0] Pipeline 'ingress': end
[09:13:55.652] [bmv2] [D] [thread 11363] [58.0] [cxt 0] Egress port is 511
[09:13:55.652] [bmv2] [D] [thread 11363] [58.0] [cxt 0] Dropping packet at the end of ingress
[09:13:55.652] [bmv2] [D] [thread 11363] [59.0] [cxt 0] Processing packet received on port 2
[09:13:55.652] [bmv2] [D] [thread 11363] [59.0] [cxt 0] Parser 'parser': start
[09:13:55.652] [bmv2] [D] [thread 11363] [59.0] [cxt 0] Parser 'parser' entering state 'start'
[09:13:55.652] [bmv2] [D] [thread 11363] [59.0] [cxt 0] Extracting header 'ethernet'
[09:13:55.652] [bmv2] [D] [thread 11363] [59.0] [cxt 0] Parser state 'start': key is 86dd
[09:13:55.652] [bmv2] [T] [thread 11363] [59.0] [cxt 0] Bytes parsed: 14
[09:13:55.652] [bmv2] [D] [thread 11363] [59.0] [cxt 0] Parser 'parser': end
[09:13:55.652] [bmv2] [D] [thread 11363] [59.0] [cxt 0] Pipeline 'ingress': start
[09:13:55.652] [bmv2] [T] [thread 11363] [59.0] [cxt 0] Applying table 'MyIngress.ipv4_forward'
[09:13:55.652] [bmv2] [D] [thread 11363] [59.0] [cxt 0] Looking up key:
* hdr.ipv4.dstAddr    : 00000000

[09:13:55.652] [bmv2] [D] [thread 11363] [59.0] [cxt 0] Table 'MyIngress.ipv4_forward': miss
[09:13:55.652] [bmv2] [D] [thread 11363] [59.0] [cxt 0] Action entry is MyIngress.drop - 
[09:13:55.652] [bmv2] [T] [thread 11363] [59.0] [cxt 0] Action MyIngress.drop
[09:13:55.652] [bmv2] [T] [thread 11363] [59.0] [cxt 0] straggler.p4(155) Primitive mark_to_drop(standard_metadata)
[09:13:55.652] [bmv2] [T] [thread 11363] [59.0] [cxt 0] straggler.p4(284) Condition "hdr.collective.isValid()" (node_3) is false
[09:13:55.652] [bmv2] [D] [thread 11363] [59.0] [cxt 0] Pipeline 'ingress': end
[09:13:55.652] [bmv2] [D] [thread 11363] [59.0] [cxt 0] Egress port is 511
[09:13:55.652] [bmv2] [D] [thread 11363] [59.0] [cxt 0] Dropping packet at the end of ingress
[09:14:27.801] [bmv2] [D] [thread 11363] [60.0] [cxt 0] Processing packet received on port 2
[09:14:27.801] [bmv2] [D] [thread 11363] [60.0] [cxt 0] Parser 'parser': start
[09:14:27.801] [bmv2] [D] [thread 11363] [60.0] [cxt 0] Parser 'parser' entering state 'start'
[09:14:27.801] [bmv2] [D] [thread 11363] [60.0] [cxt 0] Extracting header 'ethernet'
[09:14:27.801] [bmv2] [D] [thread 11363] [60.0] [cxt 0] Parser state 'start': key is 0800
[09:14:27.801] [bmv2] [T] [thread 11363] [60.0] [cxt 0] Bytes parsed: 14
[09:14:27.801] [bmv2] [D] [thread 11363] [60.0] [cxt 0] Parser 'parser' entering state 'parse_ipv4'
[09:14:27.801] [bmv2] [D] [thread 11363] [60.0] [cxt 0] Extracting header 'ipv4'
[09:14:27.801] [bmv2] [D] [thread 11363] [60.0] [cxt 0] Parser state 'parse_ipv4': key is 11
[09:14:27.801] [bmv2] [T] [thread 11363] [60.0] [cxt 0] Bytes parsed: 34
[09:14:27.801] [bmv2] [D] [thread 11363] [60.0] [cxt 0] Parser 'parser' entering state 'parse_udp'
[09:14:27.801] [bmv2] [D] [thread 11363] [60.0] [cxt 0] Extracting header 'udp'
[09:14:27.801] [bmv2] [D] [thread 11363] [60.0] [cxt 0] Extracting header 'collective'
[09:14:27.802] [bmv2] [D] [thread 11363] [60.0] [cxt 0] Parser state 'parse_udp' has no switch, going to default next state
[09:14:27.802] [bmv2] [T] [thread 11363] [60.0] [cxt 0] Bytes parsed: 47
[09:14:27.802] [bmv2] [D] [thread 11363] [60.0] [cxt 0] Parser 'parser': end
[09:14:27.802] [bmv2] [D] [thread 11363] [60.0] [cxt 0] Pipeline 'ingress': start
[09:14:27.802] [bmv2] [T] [thread 11363] [60.0] [cxt 0] Applying table 'MyIngress.ipv4_forward'
[09:14:27.802] [bmv2] [D] [thread 11363] [60.0] [cxt 0] Looking up key:
* hdr.ipv4.dstAddr    : 0a000404

[09:14:27.802] [bmv2] [D] [thread 11363] [60.0] [cxt 0] Table 'MyIngress.ipv4_forward': hit with handle 3
[09:14:27.802] [bmv2] [D] [thread 11363] [60.0] [cxt 0] Dumping entry 3
Match key:
* hdr.ipv4.dstAddr    : EXACT     0a000404
Action entry: MyIngress.forward - 1,

[09:14:27.802] [bmv2] [D] [thread 11363] [60.0] [cxt 0] Action entry is MyIngress.forward - 1,
[09:14:27.802] [bmv2] [T] [thread 11363] [60.0] [cxt 0] Action MyIngress.forward
[09:14:27.802] [bmv2] [T] [thread 11363] [60.0] [cxt 0] straggler.p4(159) Primitive standard_metadata.egress_spec = port
[09:14:27.802] [bmv2] [T] [thread 11363] [60.0] [cxt 0] straggler.p4(284) Condition "hdr.collective.isValid()" (node_3) is true
[09:14:27.802] [bmv2] [T] [thread 11363] [60.0] [cxt 0] Applying table 'tbl_detect_straggler'
[09:14:27.802] [bmv2] [D] [thread 11363] [60.0] [cxt 0] Looking up key:

[09:14:27.802] [bmv2] [D] [thread 11363] [60.0] [cxt 0] Table 'tbl_detect_straggler': miss
[09:14:27.802] [bmv2] [D] [thread 11363] [60.0] [cxt 0] Action entry is MyIngress.detect_straggler - 
[09:14:27.802] [bmv2] [T] [thread 11363] [60.0] [cxt 0] Action MyIngress.detect_straggler
[09:14:27.802] [bmv2] [T] [thread 11363] [60.0] [cxt 0] straggler.p4(225) Primitive hdr.collective.context_id
[09:14:27.802] [bmv2] [T] [thread 11363] [60.0] [cxt 0] straggler.p4(226) Primitive hdr.collective.flow_id
[09:14:27.802] [bmv2] [T] [thread 11363] [60.0] [cxt 0] straggler.p4(224) Primitive hash(index, HashAlgorithm.crc16, (bit<32>) 0, { ...
[09:14:27.802] [bmv2] [T] [thread 11363] [60.0] [cxt 0] hash(base=0, max=65536) = 21056
[09:14:27.802] [bmv2] [T] [thread 11363] [60.0] [cxt 0] straggler.p4(230) Primitive min_timestamp_reg.read(old_min, index)
[09:14:27.802] [bmv2] [T] [thread 11363] [60.0] [cxt 0] Read register 'min_timestamp_reg' at index 21056 read value 36320237
[09:14:27.802] [bmv2] [T] [thread 11363] [60.0] [cxt 0] straggler.p4(231) Primitive max_timestamp_reg.read(old_max, index)
[09:14:27.802] [bmv2] [T] [thread 11363] [60.0] [cxt 0] Read register 'max_timestamp_reg' at index 21056 read value 50686391
[09:14:27.802] [bmv2] [T] [thread 11363] [60.0] [cxt 0] straggler.p4(232) Primitive min_participant_reg.read(old_min_participant, index)
[09:14:27.802] [bmv2] [T] [thread 11363] [60.0] [cxt 0] Read register 'min_participant_reg' at index 21056 read value 1
[09:14:27.802] [bmv2] [T] [thread 11363] [60.0] [cxt 0] straggler.p4(233) Primitive max_participant_reg.read(old_max_participant, index)
[09:14:27.802] [bmv2] [T] [thread 11363] [60.0] [cxt 0] Read register 'max_participant_reg' at index 21056 read value 2
[09:14:27.802] [bmv2] [T] [thread 11363] [60.0] [cxt 0] straggler.p4(240) Primitive if
[09:14:27.802] [bmv2] [T] [thread 11363] [60.0] [cxt 0] straggler.p4(241) Primitive old_min = now
[09:14:27.802] [bmv2] [T] [thread 11363] [60.0] [cxt 0] straggler.p4(242) Primitive old_max = now
[09:14:27.802] [bmv2] [T] [thread 11363] [60.0] [cxt 0] straggler.p4(243) Primitive old_min_participant = 1
[09:14:27.802] [bmv2] [T] [thread 11363] [60.0] [cxt 0] straggler.p4(244) Primitive old_max_participant = 1
[09:14:27.802] [bmv2] [T] [thread 11363] [60.0] [cxt 0] straggler.p4(240) Primitive if
[09:14:27.802] [bmv2] [T] [thread 11363] [60.0] [cxt 0] straggler.p4(275) Primitive min_timestamp_reg.write(index, old_min)
[09:14:27.802] [bmv2] [T] [thread 11363] [60.0] [cxt 0] Wrote register 'min_timestamp_reg' at index 21056 with value 97103560
[09:14:27.802] [bmv2] [T] [thread 11363] [60.0] [cxt 0] straggler.p4(276) Primitive max_timestamp_reg.write(index, old_max)
[09:14:27.802] [bmv2] [T] [thread 11363] [60.0] [cxt 0] Wrote register 'max_timestamp_reg' at index 21056 with value 97103560
[09:14:27.802] [bmv2] [T] [thread 11363] [60.0] [cxt 0] straggler.p4(277) Primitive min_participant_reg.write(index, old_min_participant)
[09:14:27.802] [bmv2] [T] [thread 11363] [60.0] [cxt 0] Wrote register 'min_participant_reg' at index 21056 with value 1
[09:14:27.802] [bmv2] [T] [thread 11363] [60.0] [cxt 0] straggler.p4(278) Primitive max_participant_reg.write(index, old_max_participant)
[09:14:27.802] [bmv2] [T] [thread 11363] [60.0] [cxt 0] Wrote register 'max_participant_reg' at index 21056 with value 1
[09:14:27.802] [bmv2] [D] [thread 11363] [60.0] [cxt 0] Pipeline 'ingress': end
[09:14:27.802] [bmv2] [D] [thread 11363] [60.0] [cxt 0] Egress port is 1
[09:14:27.803] [bmv2] [D] [thread 11365] [60.0] [cxt 0] Pipeline 'egress': start
[09:14:27.803] [bmv2] [D] [thread 11365] [60.0] [cxt 0] Pipeline 'egress': end
[09:14:27.803] [bmv2] [D] [thread 11365] [60.0] [cxt 0] Deparser 'deparser': start
[09:14:27.803] [bmv2] [D] [thread 11365] [60.0] [cxt 0] Deparsing header 'ethernet'
[09:14:27.803] [bmv2] [D] [thread 11365] [60.0] [cxt 0] Deparsing header 'ipv4'
[09:14:27.803] [bmv2] [D] [thread 11365] [60.0] [cxt 0] Deparsing header 'udp'
[09:14:27.803] [bmv2] [D] [thread 11365] [60.0] [cxt 0] Deparsing header 'collective'
[09:14:27.803] [bmv2] [D] [thread 11365] [60.0] [cxt 0] Deparser 'deparser': end
[09:14:27.803] [bmv2] [D] [thread 11368] [60.0] [cxt 0] Transmitting packet of size 64 out of port 1
[09:14:52.995] [bmv2] [D] [thread 11363] [61.0] [cxt 0] Processing packet received on port 1
[09:14:52.995] [bmv2] [D] [thread 11363] [61.0] [cxt 0] Parser 'parser': start
[09:14:52.995] [bmv2] [D] [thread 11363] [61.0] [cxt 0] Parser 'parser' entering state 'start'
[09:14:52.995] [bmv2] [D] [thread 11363] [61.0] [cxt 0] Extracting header 'ethernet'
[09:14:52.995] [bmv2] [D] [thread 11363] [61.0] [cxt 0] Parser state 'start': key is 86dd
[09:14:52.995] [bmv2] [T] [thread 11363] [61.0] [cxt 0] Bytes parsed: 14
[09:14:52.995] [bmv2] [D] [thread 11363] [61.0] [cxt 0] Parser 'parser': end
[09:14:52.995] [bmv2] [D] [thread 11363] [61.0] [cxt 0] Pipeline 'ingress': start
[09:14:52.995] [bmv2] [T] [thread 11363] [61.0] [cxt 0] Applying table 'MyIngress.ipv4_forward'
[09:14:52.995] [bmv2] [D] [thread 11363] [61.0] [cxt 0] Looking up key:
* hdr.ipv4.dstAddr    : 00000000

[09:14:52.995] [bmv2] [D] [thread 11363] [61.0] [cxt 0] Table 'MyIngress.ipv4_forward': miss
[09:14:52.995] [bmv2] [D] [thread 11363] [61.0] [cxt 0] Action entry is MyIngress.drop - 
[09:14:52.995] [bmv2] [T] [thread 11363] [61.0] [cxt 0] Action MyIngress.drop
[09:14:52.995] [bmv2] [T] [thread 11363] [61.0] [cxt 0] straggler.p4(155) Primitive mark_to_drop(standard_metadata)
[09:14:52.995] [bmv2] [T] [thread 11363] [61.0] [cxt 0] straggler.p4(284) Condition "hdr.collective.isValid()" (node_3) is false
[09:14:52.996] [bmv2] [D] [thread 11363] [61.0] [cxt 0] Pipeline 'ingress': end
[09:14:52.996] [bmv2] [D] [thread 11363] [61.0] [cxt 0] Egress port is 511
[09:14:52.996] [bmv2] [D] [thread 11363] [61.0] [cxt 0] Dropping packet at the end of ingress
[09:14:57.093] [bmv2] [D] [thread 11363] [62.0] [cxt 0] Processing packet received on port 1
[09:14:57.093] [bmv2] [D] [thread 11363] [62.0] [cxt 0] Parser 'parser': start
[09:14:57.094] [bmv2] [D] [thread 11363] [62.0] [cxt 0] Parser 'parser' entering state 'start'
[09:14:57.094] [bmv2] [D] [thread 11363] [62.0] [cxt 0] Extracting header 'ethernet'
[09:14:57.094] [bmv2] [D] [thread 11363] [62.0] [cxt 0] Parser state 'start': key is 86dd
[09:14:57.094] [bmv2] [T] [thread 11363] [62.0] [cxt 0] Bytes parsed: 14
[09:14:57.094] [bmv2] [D] [thread 11363] [62.0] [cxt 0] Parser 'parser': end
[09:14:57.094] [bmv2] [D] [thread 11363] [62.0] [cxt 0] Pipeline 'ingress': start
[09:14:57.094] [bmv2] [T] [thread 11363] [62.0] [cxt 0] Applying table 'MyIngress.ipv4_forward'
[09:14:57.095] [bmv2] [D] [thread 11363] [62.0] [cxt 0] Looking up key:
* hdr.ipv4.dstAddr    : 00000000

[09:14:57.095] [bmv2] [D] [thread 11363] [62.0] [cxt 0] Table 'MyIngress.ipv4_forward': miss
[09:14:57.095] [bmv2] [D] [thread 11363] [62.0] [cxt 0] Action entry is MyIngress.drop - 
[09:14:57.095] [bmv2] [T] [thread 11363] [62.0] [cxt 0] Action MyIngress.drop
[09:14:57.095] [bmv2] [T] [thread 11363] [62.0] [cxt 0] straggler.p4(155) Primitive mark_to_drop(standard_metadata)
[09:14:57.095] [bmv2] [T] [thread 11363] [62.0] [cxt 0] straggler.p4(284) Condition "hdr.collective.isValid()" (node_3) is false
[09:14:57.095] [bmv2] [D] [thread 11363] [62.0] [cxt 0] Pipeline 'ingress': end
[09:14:57.095] [bmv2] [D] [thread 11363] [62.0] [cxt 0] Egress port is 511
[09:14:57.095] [bmv2] [D] [thread 11363] [62.0] [cxt 0] Dropping packet at the end of ingress
[09:14:57.416] [bmv2] [D] [thread 11363] [63.0] [cxt 0] Processing packet received on port 1
[09:14:57.416] [bmv2] [D] [thread 11363] [63.0] [cxt 0] Parser 'parser': start
[09:14:57.416] [bmv2] [D] [thread 11363] [63.0] [cxt 0] Parser 'parser' entering state 'start'
[09:14:57.416] [bmv2] [D] [thread 11363] [63.0] [cxt 0] Extracting header 'ethernet'
[09:14:57.416] [bmv2] [D] [thread 11363] [63.0] [cxt 0] Parser state 'start': key is 86dd
[09:14:57.416] [bmv2] [T] [thread 11363] [63.0] [cxt 0] Bytes parsed: 14
[09:14:57.416] [bmv2] [D] [thread 11363] [63.0] [cxt 0] Parser 'parser': end
[09:14:57.416] [bmv2] [D] [thread 11363] [63.0] [cxt 0] Pipeline 'ingress': start
[09:14:57.416] [bmv2] [T] [thread 11363] [63.0] [cxt 0] Applying table 'MyIngress.ipv4_forward'
[09:14:57.416] [bmv2] [D] [thread 11363] [63.0] [cxt 0] Looking up key:
* hdr.ipv4.dstAddr    : 00000000

[09:14:57.416] [bmv2] [D] [thread 11363] [63.0] [cxt 0] Table 'MyIngress.ipv4_forward': miss
[09:14:57.416] [bmv2] [D] [thread 11363] [63.0] [cxt 0] Action entry is MyIngress.drop - 
[09:14:57.416] [bmv2] [T] [thread 11363] [63.0] [cxt 0] Action MyIngress.drop
[09:14:57.416] [bmv2] [T] [thread 11363] [63.0] [cxt 0] straggler.p4(155) Primitive mark_to_drop(standard_metadata)
[09:14:57.416] [bmv2] [T] [thread 11363] [63.0] [cxt 0] straggler.p4(284) Condition "hdr.collective.isValid()" (node_3) is false
[09:14:57.416] [bmv2] [D] [thread 11363] [63.0] [cxt 0] Pipeline 'ingress': end
[09:14:57.416] [bmv2] [D] [thread 11363] [63.0] [cxt 0] Egress port is 511
[09:14:57.416] [bmv2] [D] [thread 11363] [63.0] [cxt 0] Dropping packet at the end of ingress
[09:14:57.547] [bmv2] [D] [thread 11363] [64.0] [cxt 0] Processing packet received on port 2
[09:14:57.547] [bmv2] [D] [thread 11363] [64.0] [cxt 0] Parser 'parser': start
[09:14:57.547] [bmv2] [D] [thread 11363] [64.0] [cxt 0] Parser 'parser' entering state 'start'
[09:14:57.547] [bmv2] [D] [thread 11363] [64.0] [cxt 0] Extracting header 'ethernet'
[09:14:57.547] [bmv2] [D] [thread 11363] [64.0] [cxt 0] Parser state 'start': key is 86dd
[09:14:57.547] [bmv2] [T] [thread 11363] [64.0] [cxt 0] Bytes parsed: 14
[09:14:57.547] [bmv2] [D] [thread 11363] [64.0] [cxt 0] Parser 'parser': end
[09:14:57.547] [bmv2] [D] [thread 11363] [64.0] [cxt 0] Pipeline 'ingress': start
[09:14:57.547] [bmv2] [T] [thread 11363] [64.0] [cxt 0] Applying table 'MyIngress.ipv4_forward'
[09:14:57.547] [bmv2] [D] [thread 11363] [64.0] [cxt 0] Looking up key:
* hdr.ipv4.dstAddr    : 00000000

[09:14:57.547] [bmv2] [D] [thread 11363] [64.0] [cxt 0] Table 'MyIngress.ipv4_forward': miss
[09:14:57.547] [bmv2] [D] [thread 11363] [64.0] [cxt 0] Action entry is MyIngress.drop - 
[09:14:57.547] [bmv2] [T] [thread 11363] [64.0] [cxt 0] Action MyIngress.drop
[09:14:57.547] [bmv2] [T] [thread 11363] [64.0] [cxt 0] straggler.p4(155) Primitive mark_to_drop(standard_metadata)
[09:14:57.547] [bmv2] [T] [thread 11363] [64.0] [cxt 0] straggler.p4(284) Condition "hdr.collective.isValid()" (node_3) is false
[09:14:57.547] [bmv2] [D] [thread 11363] [64.0] [cxt 0] Pipeline 'ingress': end
[09:14:57.547] [bmv2] [D] [thread 11363] [64.0] [cxt 0] Egress port is 511
[09:14:57.547] [bmv2] [D] [thread 11363] [64.0] [cxt 0] Dropping packet at the end of ingress
[09:14:57.741] [bmv2] [D] [thread 11363] [65.0] [cxt 0] Processing packet received on port 1
[09:14:57.741] [bmv2] [D] [thread 11363] [65.0] [cxt 0] Parser 'parser': start
[09:14:57.741] [bmv2] [D] [thread 11363] [65.0] [cxt 0] Parser 'parser' entering state 'start'
[09:14:57.741] [bmv2] [D] [thread 11363] [65.0] [cxt 0] Extracting header 'ethernet'
[09:14:57.741] [bmv2] [D] [thread 11363] [65.0] [cxt 0] Parser state 'start': key is 86dd
[09:14:57.741] [bmv2] [T] [thread 11363] [65.0] [cxt 0] Bytes parsed: 14
[09:14:57.741] [bmv2] [D] [thread 11363] [65.0] [cxt 0] Parser 'parser': end
[09:14:57.741] [bmv2] [D] [thread 11363] [65.0] [cxt 0] Pipeline 'ingress': start
[09:14:57.741] [bmv2] [T] [thread 11363] [65.0] [cxt 0] Applying table 'MyIngress.ipv4_forward'
[09:14:57.741] [bmv2] [D] [thread 11363] [65.0] [cxt 0] Looking up key:
* hdr.ipv4.dstAddr    : 00000000

[09:14:57.741] [bmv2] [D] [thread 11363] [65.0] [cxt 0] Table 'MyIngress.ipv4_forward': miss
[09:14:57.741] [bmv2] [D] [thread 11363] [65.0] [cxt 0] Action entry is MyIngress.drop - 
[09:14:57.741] [bmv2] [T] [thread 11363] [65.0] [cxt 0] Action MyIngress.drop
[09:14:57.741] [bmv2] [T] [thread 11363] [65.0] [cxt 0] straggler.p4(155) Primitive mark_to_drop(standard_metadata)
[09:14:57.741] [bmv2] [T] [thread 11363] [65.0] [cxt 0] straggler.p4(284) Condition "hdr.collective.isValid()" (node_3) is false
[09:14:57.741] [bmv2] [D] [thread 11363] [65.0] [cxt 0] Pipeline 'ingress': end
[09:14:57.741] [bmv2] [D] [thread 11363] [65.0] [cxt 0] Egress port is 511
[09:14:57.741] [bmv2] [D] [thread 11363] [65.0] [cxt 0] Dropping packet at the end of ingress
[09:15:05.284] [bmv2] [D] [thread 11363] [66.0] [cxt 0] Processing packet received on port 2
[09:15:05.285] [bmv2] [D] [thread 11363] [66.0] [cxt 0] Parser 'parser': start
[09:15:05.285] [bmv2] [D] [thread 11363] [66.0] [cxt 0] Parser 'parser' entering state 'start'
[09:15:05.285] [bmv2] [D] [thread 11363] [66.0] [cxt 0] Extracting header 'ethernet'
[09:15:05.285] [bmv2] [D] [thread 11363] [66.0] [cxt 0] Parser state 'start': key is 86dd
[09:15:05.285] [bmv2] [T] [thread 11363] [66.0] [cxt 0] Bytes parsed: 14
[09:15:05.285] [bmv2] [D] [thread 11363] [66.0] [cxt 0] Parser 'parser': end
[09:15:05.285] [bmv2] [D] [thread 11363] [66.0] [cxt 0] Pipeline 'ingress': start
[09:15:05.285] [bmv2] [T] [thread 11363] [66.0] [cxt 0] Applying table 'MyIngress.ipv4_forward'
[09:15:05.285] [bmv2] [D] [thread 11363] [66.0] [cxt 0] Looking up key:
* hdr.ipv4.dstAddr    : 00000000

[09:15:05.285] [bmv2] [D] [thread 11363] [66.0] [cxt 0] Table 'MyIngress.ipv4_forward': miss
[09:15:05.285] [bmv2] [D] [thread 11363] [66.0] [cxt 0] Action entry is MyIngress.drop - 
[09:15:05.285] [bmv2] [T] [thread 11363] [66.0] [cxt 0] Action MyIngress.drop
[09:15:05.285] [bmv2] [T] [thread 11363] [66.0] [cxt 0] straggler.p4(155) Primitive mark_to_drop(standard_metadata)
[09:15:05.286] [bmv2] [T] [thread 11363] [66.0] [cxt 0] straggler.p4(284) Condition "hdr.collective.isValid()" (node_3) is false
[09:15:05.286] [bmv2] [D] [thread 11363] [66.0] [cxt 0] Pipeline 'ingress': end
[09:15:05.286] [bmv2] [D] [thread 11363] [66.0] [cxt 0] Egress port is 511
[09:15:05.286] [bmv2] [D] [thread 11363] [66.0] [cxt 0] Dropping packet at the end of ingress
[09:15:09.380] [bmv2] [D] [thread 11363] [67.0] [cxt 0] Processing packet received on port 2
[09:15:09.380] [bmv2] [D] [thread 11363] [67.0] [cxt 0] Parser 'parser': start
[09:15:09.380] [bmv2] [D] [thread 11363] [67.0] [cxt 0] Parser 'parser' entering state 'start'
[09:15:09.380] [bmv2] [D] [thread 11363] [67.0] [cxt 0] Extracting header 'ethernet'
[09:15:09.380] [bmv2] [D] [thread 11363] [67.0] [cxt 0] Parser state 'start': key is 86dd
[09:15:09.380] [bmv2] [T] [thread 11363] [67.0] [cxt 0] Bytes parsed: 14
[09:15:09.380] [bmv2] [D] [thread 11363] [67.0] [cxt 0] Parser 'parser': end
[09:15:09.380] [bmv2] [D] [thread 11363] [67.0] [cxt 0] Pipeline 'ingress': start
[09:15:09.380] [bmv2] [T] [thread 11363] [67.0] [cxt 0] Applying table 'MyIngress.ipv4_forward'
[09:15:09.380] [bmv2] [D] [thread 11363] [67.0] [cxt 0] Looking up key:
* hdr.ipv4.dstAddr    : 00000000

[09:15:09.380] [bmv2] [D] [thread 11363] [67.0] [cxt 0] Table 'MyIngress.ipv4_forward': miss
[09:15:09.380] [bmv2] [D] [thread 11363] [67.0] [cxt 0] Action entry is MyIngress.drop - 
[09:15:09.380] [bmv2] [T] [thread 11363] [67.0] [cxt 0] Action MyIngress.drop
[09:15:09.380] [bmv2] [T] [thread 11363] [67.0] [cxt 0] straggler.p4(155) Primitive mark_to_drop(standard_metadata)
[09:15:09.381] [bmv2] [T] [thread 11363] [67.0] [cxt 0] straggler.p4(284) Condition "hdr.collective.isValid()" (node_3) is false
[09:15:09.381] [bmv2] [D] [thread 11363] [67.0] [cxt 0] Pipeline 'ingress': end
[09:15:09.381] [bmv2] [D] [thread 11363] [67.0] [cxt 0] Egress port is 511
[09:15:09.381] [bmv2] [D] [thread 11363] [67.0] [cxt 0] Dropping packet at the end of ingress
